Timestamp,Review,Mode,Pre_Lat_ms,Inf_Lat_ms,Post_Lat_ms,Pre_E_mJ,Inf_E_mJ,Post_E_mJ,Pre_Max_V,Pre_Mean_V,Pre_Max_C,Pre_Mean_C,Inf_Max_V,Inf_Mean_V,Inf_Max_C,Inf_Mean_C,Post_Max_V,Post_Mean_V,Post_Max_C,Post_Mean_C,Pre_Pwr_mW,Inf_Pwr_mW,Post_Pwr_mW
2025-09-15 20:33:45,000000411634.jpg,CPU4,46.23746871948242,44.606924057006836,0.09751319885253906,176.07228088378906,169.86316680908203,0.37133026123046875,5064.0,5060.0,232.0,176.0,5064.0,5060.0,232.0,176.0,5064.0,5060.0,232.0,176.0,3808.0,3808.0,3808.0
2025-09-15 20:33:46,000000012802.jpg,CPU4,31.125307083129883,45.850515365600586,0.14710426330566406,135.95534133911133,200.27505111694336,0.6425514221191406,5056.0,5056.0,248.0,208.0,5056.0,5056.0,248.0,208.0,5056.0,5056.0,248.0,208.0,4368.0,4368.0,4368.0
2025-09-15 20:33:47,000000379113.jpg,CPU4,20.9352970123291,48.52581024169922,0.11801719665527344,80.55902290344238,186.7273178100586,0.4541301727294922,5064.0,5064.0,232.0,180.0,5064.0,5064.0,232.0,180.0,5064.0,5064.0,232.0,180.0,3848.0,3848.0,3848.0
2025-09-15 20:33:48,000000290388.jpg,CPU4,21.507978439331055,51.36990547180176,0.11992454528808594,81.90238189697266,195.6166000366211,0.45667266845703125,5064.0,5064.0,232.0,176.0,5064.0,5064.0,232.0,176.0,5064.0,5064.0,232.0,176.0,3808.0,3808.0,3808.0
2025-09-15 20:33:49,000000152104.jpg,CPU4,21.10433578491211,48.763275146484375,0.148773193359375,80.36531066894531,185.6905517578125,0.5665283203125,5064.0,5064.0,232.0,176.0,5064.0,5064.0,232.0,176.0,5064.0,5064.0,232.0,176.0,3808.0,3808.0,3808.0
2025-09-15 20:33:50,000000175194.jpg,CPU4,22.45616912841797,49.26466941833496,0.15354156494140625,85.51309204101562,187.59986114501953,0.584686279296875,5064.0,5064.0,232.0,180.0,5064.0,5064.0,232.0,180.0,5064.0,5064.0,232.0,180.0,3808.0,3808.0,3808.0
2025-09-15 20:33:51,000000554030.jpg,CPU4,21.146774291992188,51.021575927734375,0.12135505676269531,82.23980522155762,198.42290878295898,0.47194981575012207,5064.0,5064.0,232.0,180.0,5064.0,5064.0,232.0,180.0,5064.0,5064.0,232.0,180.0,3889.0,3889.0,3889.0
2025-09-15 20:33:52,000000445284.jpg,CPU4,21.21424674987793,49.54195022583008,0.15401840209960938,82.50220561027527,192.66864442825317,0.5989775657653809,5064.0,5064.0,232.0,180.0,5064.0,5064.0,232.0,180.0,5064.0,5064.0,232.0,180.0,3889.0,3889.0,3889.0
2025-09-15 20:33:53,000000335007.jpg,CPU4,24.301767349243164,41.803836822509766,0.09775161743164062,93.5132007598877,160.86116409301758,0.3761482238769531,5064.0,5064.0,232.0,184.0,5064.0,5064.0,232.0,184.0,5064.0,5064.0,232.0,184.0,3848.0,3848.0,3848.0
2025-09-15 20:33:54,000000256063.jpg,CPU4,19.85025405883789,49.698591232299805,0.1442432403564453,73.16803646087646,183.18900728225708,0.5316805839538574,5064.0,5064.0,232.0,168.0,5064.0,5064.0,232.0,168.0,5064.0,5064.0,232.0,168.0,3686.0,3686.0,3686.0
2025-09-15 20:33:55,000000078545.jpg,CPU4,19.567251205444336,52.031755447387695,0.12612342834472656,72.12488794326782,191.78905057907104,0.4648909568786621,5064.0,5064.0,232.0,172.0,5064.0,5064.0,232.0,172.0,5064.0,5064.0,232.0,172.0,3686.0,3686.0,3686.0
2025-09-15 20:33:56,000000443622.jpg,CPU4,15.553712844848633,54.003238677978516,0.14448165893554688,57.968687772750854,201.27007055282593,0.5384831428527832,5064.0,5064.0,232.0,172.0,5064.0,5064.0,232.0,172.0,5064.0,5064.0,232.0,172.0,3727.0,3727.0,3727.0
2025-09-15 20:33:57,000000450708.jpg,CPU4,21.33965492248535,50.838470458984375,0.11944770812988281,78.657968044281,187.3906021118164,0.44028425216674805,5064.0,5064.0,232.0,172.0,5064.0,5064.0,232.0,172.0,5064.0,5064.0,232.0,172.0,3686.0,3686.0,3686.0
2025-09-15 20:33:59,000000498893.jpg,CPU4,17.775297164916992,51.82003974914551,0.13208389282226562,66.24853253364563,193.1332881450653,0.492276668548584,5064.0,5064.0,232.0,172.0,5064.0,5064.0,232.0,172.0,5064.0,5064.0,232.0,172.0,3727.0,3727.0,3727.0
2025-09-15 20:34:00,000000284904.jpg,CPU4,20.287752151489258,54.80599403381348,0.13685226440429688,75.61245226860046,204.26193976402283,0.5100483894348145,5064.0,5064.0,232.0,172.0,5064.0,5064.0,232.0,172.0,5064.0,5064.0,232.0,172.0,3727.0,3727.0,3727.0
2025-09-15 20:34:01,000000238144.jpg,CPU4,23.21457862854004,54.00729179382324,0.1323223114013672,86.52073454856873,201.28517651557922,0.4931652545928955,5064.0,5064.0,232.0,172.0,5064.0,5064.0,232.0,172.0,5064.0,5064.0,232.0,172.0,3727.0,3727.0,3727.0
2025-09-15 20:34:02,000000006947.jpg,CPU4,15.390634536743164,53.783416748046875,0.14352798461914062,57.9765202999115,202.60213088989258,0.5406699180603027,5064.0,5064.0,232.0,176.0,5064.0,5064.0,232.0,176.0,5064.0,5064.0,232.0,176.0,3767.0,3767.0,3767.0
2025-09-15 20:34:03,000000046713.jpg,CPU4,22.45497703552246,53.411245346069336,0.13375282287597656,85.50855255126953,203.39002227783203,0.5093307495117188,5064.0,5064.0,232.0,176.0,5064.0,5064.0,232.0,176.0,5064.0,5064.0,232.0,176.0,3808.0,3808.0,3808.0
2025-09-15 20:34:04,000000212278.jpg,CPU4,14.19830322265625,45.41635513305664,0.15592575073242188,54.067138671875,172.9454803466797,0.5937652587890625,5064.0,5064.0,232.0,180.0,5064.0,5064.0,232.0,180.0,5064.0,5064.0,232.0,180.0,3808.0,3808.0,3808.0
2025-09-15 20:34:05,000000535680.jpg,CPU4,20.008325576782227,49.93438720703125,0.1442432403564453,77.81237816810608,194.19483184814453,0.5609619617462158,5064.0,5064.0,232.0,180.0,5064.0,5064.0,232.0,180.0,5064.0,5064.0,232.0,180.0,3889.0,3889.0,3889.0
2025-09-15 20:34:06,000000379036.jpg,CPU4,28.610944747924805,51.08523368835449,0.13256072998046875,111.26796412467957,198.67047381401062,0.515528678894043,5064.0,5064.0,232.0,184.0,5064.0,5064.0,232.0,184.0,5064.0,5064.0,232.0,184.0,3889.0,3889.0,3889.0
2025-09-15 20:34:07,000000290084.jpg,CPU4,21.721839904785156,43.22075843811035,0.08988380432128906,84.47623538970947,168.08552956581116,0.34955811500549316,5064.0,5064.0,232.0,184.0,5064.0,5064.0,232.0,184.0,5064.0,5064.0,232.0,184.0,3889.0,3889.0,3889.0
2025-09-15 20:34:08,000000290580.jpg,CPU4,22.631406784057617,52.152395248413086,0.12445449829101562,86.1803970336914,196.4841490983963,0.46384191513061523,5064.0,5064.0,232.0,180.0,5064.0,5064.0,232.0,176.0,5064.0,5064.0,232.0,172.0,3808.0,3767.5,3727.0
2025-09-15 20:34:09,000000062751.jpg,CPU4,12.089014053344727,51.332712173461914,0.14400482177734375,44.56010580062866,189.21237707138062,0.5308017730712891,5064.0,5064.0,232.0,172.0,5064.0,5064.0,232.0,172.0,5064.0,5064.0,232.0,172.0,3686.0,3686.0,3686.0
2025-09-15 20:34:10,000000034560.jpg,CPU4,23.120880126953125,51.29265785217285,0.1518726348876953,85.22356414794922,189.06473684310913,0.5598025321960449,5064.0,5064.0,232.0,172.0,5064.0,5064.0,232.0,172.0,5064.0,5064.0,232.0,172.0,3686.0,3686.0,3686.0
2025-09-15 20:34:11,000000422076.jpg,CPU4,26.83234214782715,50.06670951843262,0.14495849609375,100.00413918495178,186.59862637519836,0.5402603149414062,5064.0,5064.0,232.0,172.0,5064.0,5064.0,232.0,172.0,5064.0,5064.0,232.0,172.0,3727.0,3727.0,3727.0
2025-09-15 20:34:13,000000255220.jpg,CPU4,16.541481018066406,52.023887634277344,0.1316070556640625,60.97189903259277,191.7600498199463,0.4851036071777344,5064.0,5064.0,232.0,172.0,5064.0,5064.0,232.0,172.0,5064.0,5064.0,232.0,172.0,3686.0,3686.0,3686.0
2025-09-15 20:34:14,000000027614.jpg,CPU4,19.44732666015625,48.450469970703125,0.125885009765625,73.2580795288086,182.51292037963867,0.4742088317871094,5064.0,5064.0,232.0,172.0,5064.0,5064.0,232.0,172.0,5064.0,5064.0,232.0,172.0,3767.0,3767.0,3767.0
2025-09-15 20:34:15,000000392258.jpg,CPU4,20.57051658630371,50.978660583496094,0.13208389282226562,77.48913598060608,192.03661441802979,0.4975600242614746,5064.0,5064.0,232.0,172.0,5064.0,5064.0,232.0,172.0,5064.0,5064.0,232.0,172.0,3767.0,3767.0,3767.0
2025-09-15 20:34:16,000000364903.jpg,CPU4,17.76409149169922,53.21860313415527,0.13518333435058594,66.91733264923096,200.47447800636292,0.5092356204986572,5064.0,5064.0,232.0,172.0,5064.0,5064.0,232.0,172.0,5064.0,5064.0,232.0,172.0,3767.0,3767.0,3767.0
2025-09-15 20:34:17,000000504281.jpg,CPU4,19.526243209838867,51.445722579956055,0.14829635620117188,73.55535817146301,193.79603695869446,0.5586323738098145,5064.0,5064.0,232.0,176.0,5064.0,5064.0,232.0,176.0,5064.0,5064.0,232.0,176.0,3767.0,3767.0,3767.0
2025-09-15 20:34:18,000000068039.jpg,CPU4,17.504453659057617,49.451589584350586,0.12159347534179688,66.6569595336914,188.31165313720703,0.4630279541015625,5064.0,5064.0,232.0,176.0,5064.0,5064.0,232.0,176.0,5064.0,5064.0,232.0,176.0,3808.0,3808.0,3808.0
2025-09-15 20:34:19,000000516894.jpg,CPU4,17.812013626098633,49.33929443359375,0.15497207641601562,67.8281478881836,187.884033203125,0.5901336669921875,5064.0,5064.0,232.0,180.0,5064.0,5064.0,232.0,180.0,5064.0,5064.0,232.0,180.0,3808.0,3808.0,3808.0
2025-09-15 20:34:20,000000138014.jpg,CPU4,19.65498924255371,51.715850830078125,0.1366138458251953,75.63239860534668,199.00259399414062,0.5256900787353516,5064.0,5064.0,232.0,180.0,5064.0,5064.0,232.0,180.0,5064.0,5064.0,232.0,180.0,3848.0,3848.0,3848.0
2025-09-15 20:34:21,000000351605.jpg,CPU4,23.65708351135254,51.89085006713867,0.16641616821289062,92.00239777565002,201.8035159111023,0.6471924781799316,5064.0,5064.0,232.0,184.0,5064.0,5064.0,232.0,184.0,5064.0,5064.0,232.0,184.0,3889.0,3889.0,3889.0
2025-09-15 20:34:22,000000101709.jpg,CPU4,17.627716064453125,42.522430419921875,0.1494884490966797,68.5541877746582,165.36973190307617,0.5813605785369873,5064.0,5064.0,232.0,184.0,5064.0,5064.0,232.0,184.0,5064.0,5064.0,232.0,184.0,3889.0,3889.0,3889.0
2025-09-15 20:34:23,000000066122.jpg,CPU4,17.577171325683594,46.48184776306152,0.14972686767578125,66.93386840820312,174.16748356819153,0.5518932342529297,5064.0,5064.0,232.0,180.0,5064.0,5064.0,232.0,174.0,5064.0,5064.0,232.0,168.0,3808.0,3747.0,3686.0
2025-09-15 20:34:24,000000368642.jpg,CPU4,17.467975616455078,49.92341995239258,0.15497207641601562,64.38695812225342,184.01772594451904,0.5712270736694336,5064.0,5064.0,232.0,168.0,5064.0,5064.0,232.0,168.0,5064.0,5064.0,232.0,168.0,3686.0,3686.0,3686.0
2025-09-15 20:34:25,000000454964.jpg,CPU4,13.703107833862305,52.719831466674805,0.133514404296875,50.509655475616455,194.32529878616333,0.49213409423828125,5064.0,5064.0,232.0,168.0,5064.0,5064.0,232.0,168.0,5064.0,5064.0,232.0,168.0,3686.0,3686.0,3686.0
2025-09-15 20:34:26,000000136214.jpg,CPU4,26.295185089111328,50.284624099731445,0.12278556823730469,96.92405223846436,185.3491244316101,0.4525876045227051,5064.0,5064.0,232.0,172.0,5064.0,5064.0,232.0,172.0,5064.0,5064.0,232.0,172.0,3686.0,3686.0,3686.0
2025-09-15 20:34:28,000000284959.jpg,CPU4,22.571325302124023,51.35679244995117,0.12135505676269531,83.19790506362915,189.30113697052002,0.4473147392272949,5064.0,5064.0,232.0,172.0,5064.0,5064.0,232.0,172.0,5064.0,5064.0,232.0,172.0,3686.0,3686.0,3686.0
2025-09-15 20:34:29,000000577846.jpg,CPU4,13.360023498535156,51.828861236572266,0.12445449829101562,49.79280757904053,193.16616582870483,0.46384191513061523,5064.0,5064.0,232.0,172.0,5064.0,5064.0,232.0,172.0,5064.0,5064.0,232.0,172.0,3727.0,3727.0,3727.0
2025-09-15 20:34:30,000000263151.jpg,CPU4,20.154237747192383,51.7268180847168,0.11587142944335938,75.11484408378601,192.7858510017395,0.4318528175354004,5064.0,5064.0,232.0,172.0,5064.0,5064.0,232.0,172.0,5064.0,5064.0,232.0,172.0,3727.0,3727.0,3727.0
2025-09-15 20:34:31,000000138298.jpg,CPU4,18.4478759765625,49.6213436126709,0.1270771026611328,69.49314880371094,186.92360138893127,0.4786994457244873,5064.0,5064.0,232.0,172.0,5064.0,5064.0,232.0,172.0,5064.0,5064.0,232.0,172.0,3767.0,3767.0,3767.0
2025-09-15 20:34:32,000000393712.jpg,CPU4,18.20683479309082,51.86319351196289,0.1285076141357422,68.58514666557312,195.3686499595642,0.4840881824493408,5064.0,5064.0,232.0,176.0,5064.0,5064.0,232.0,176.0,5064.0,5064.0,232.0,176.0,3767.0,3767.0,3767.0
2025-09-15 20:34:33,000000196412.jpg,CPU4,16.030073165893555,51.90730094909668,0.12445449829101562,60.38528561592102,195.5348026752472,0.46882009506225586,5064.0,5064.0,232.0,176.0,5064.0,5064.0,232.0,176.0,5064.0,5064.0,232.0,176.0,3767.0,3767.0,3767.0
2025-09-15 20:34:34,000000200707.jpg,CPU4,26.353120803833008,47.91712760925293,0.08368492126464844,100.3526840209961,182.46842193603516,0.31867218017578125,5064.0,5064.0,232.0,176.0,5064.0,5064.0,232.0,176.0,5064.0,5064.0,232.0,176.0,3808.0,3808.0,3808.0
2025-09-15 20:34:35,000000293475.jpg,CPU4,21.634340286254883,51.810503005981445,0.1251697540283203,83.24894142150879,199.3668155670166,0.48165321350097656,5064.0,5064.0,232.0,180.0,5064.0,5064.0,232.0,180.0,5064.0,5064.0,232.0,180.0,3848.0,3848.0,3848.0
2025-09-15 20:34:36,000000346664.jpg,CPU4,17.779111862182617,52.09088325500488,0.12135505676269531,69.1429660320282,202.581444978714,0.47194981575012207,5064.0,5064.0,232.0,180.0,5064.0,5064.0,232.0,180.0,5064.0,5064.0,232.0,180.0,3889.0,3889.0,3889.0
2025-09-15 20:34:37,000000120275.jpg,CPU4,16.139507293701172,45.728206634521484,0.09512901306152344,62.76654386520386,177.83699560165405,0.36995673179626465,5064.0,5064.0,232.0,184.0,5064.0,5064.0,232.0,184.0,5064.0,5064.0,232.0,184.0,3889.0,3889.0,3889.0
2025-09-15 20:34:38,000000445065.jpg,CPU4,16.6778564453125,43.771982192993164,0.15854835510253906,63.50927734375,164.01361727714539,0.584409236907959,5064.0,5064.0,232.0,180.0,5064.0,5064.0,232.0,176.0,5064.0,5064.0,232.0,172.0,3808.0,3747.0,3686.0
2025-09-15 20:34:39,000000387260.jpg,CPU4,22.188901901245117,45.40705680847168,0.1575946807861328,81.7882924079895,167.3704113960266,0.5808939933776855,5064.0,5064.0,232.0,168.0,5064.0,5064.0,232.0,168.0,5064.0,5064.0,232.0,168.0,3686.0,3686.0,3686.0
2025-09-15 20:34:40,000000284124.jpg,CPU4,14.867305755615234,49.79228973388672,0.1537799835205078,54.800889015197754,183.53437995910645,0.5668330192565918,5064.0,5064.0,232.0,172.0,5064.0,5064.0,232.0,172.0,5064.0,5064.0,232.0,172.0,3686.0,3686.0,3686.0
2025-09-15 20:34:41,000000179304.jpg,CPU4,20.926952362060547,49.78489875793457,0.14209747314453125,77.99475145339966,185.54831767082214,0.529597282409668,5064.0,5064.0,232.0,172.0,5064.0,5064.0,232.0,172.0,5064.0,5064.0,232.0,172.0,3727.0,3727.0,3727.0
2025-09-15 20:34:43,000000438644.jpg,CPU4,14.549732208251953,51.910400390625,0.1430511474609375,53.6303129196167,191.34173583984375,0.5272865295410156,5064.0,5064.0,232.0,172.0,5064.0,5064.0,232.0,172.0,5064.0,5064.0,232.0,172.0,3686.0,3686.0,3686.0
2025-09-15 20:34:44,000000306331.jpg,CPU4,13.668298721313477,54.305315017700195,0.1373291015625,50.94174933433533,202.39590907096863,0.5118255615234375,5064.0,5064.0,232.0,172.0,5064.0,5064.0,232.0,172.0,5064.0,5064.0,232.0,172.0,3727.0,3727.0,3727.0
2025-09-15 20:34:45,000000470372.jpg,CPU4,20.55644989013672,51.92899703979492,0.13899803161621094,77.43614673614502,195.61653184890747,0.5236055850982666,5064.0,5064.0,232.0,172.0,5064.0,5064.0,232.0,172.0,5064.0,5064.0,232.0,172.0,3767.0,3767.0,3767.0
2025-09-15 20:34:46,000000040295.jpg,CPU4,13.822078704833984,49.5152473449707,0.1327991485595703,51.51488733291626,184.5433268547058,0.49494242668151855,5064.0,5064.0,232.0,172.0,5064.0,5064.0,232.0,172.0,5064.0,5064.0,232.0,172.0,3727.0,3727.0,3727.0
2025-09-15 20:34:47,000000544314.jpg,CPU4,20.244359970092773,54.34155464172363,0.13518333435058594,76.26050400733948,204.70463633537292,0.5092356204986572,5064.0,5064.0,232.0,176.0,5064.0,5064.0,232.0,176.0,5064.0,5064.0,232.0,176.0,3767.0,3767.0,3767.0
2025-09-15 20:34:48,000000342463.jpg,CPU4,13.796567916870117,54.81743812561035,0.14257431030273438,52.537330627441406,208.74480438232422,0.5429229736328125,5064.0,5064.0,232.0,176.0,5064.0,5064.0,232.0,176.0,5064.0,5064.0,232.0,176.0,3808.0,3808.0,3808.0
2025-09-15 20:34:49,000000248892.jpg,CPU4,9.523153305053711,51.77116394042969,0.15163421630859375,36.26416778564453,197.14459228515625,0.577423095703125,5064.0,5064.0,232.0,176.0,5064.0,5064.0,232.0,176.0,5064.0,5064.0,232.0,176.0,3808.0,3808.0,3808.0
2025-09-15 20:34:50,000000360977.jpg,CPU4,21.593570709228516,50.24456977844238,0.20503997802734375,83.09206008911133,193.3411045074463,0.7889938354492188,5064.0,5064.0,232.0,180.0,5064.0,5064.0,232.0,180.0,5064.0,5064.0,232.0,180.0,3848.0,3848.0,3848.0
2025-09-15 20:34:51,000000268031.jpg,CPU4,13.397455215454102,48.484086990356445,0.12731552124023438,52.638601541519165,190.49397778511047,0.5002226829528809,5064.0,5064.0,240.0,188.0,5064.0,5064.0,240.0,188.0,5064.0,5064.0,240.0,188.0,3929.0,3929.0,3929.0
2025-09-15 20:34:52,000000436543.jpg,CPU4,12.702465057373047,52.3834228515625,0.15497207641601562,49.39988660812378,203.71913146972656,0.6026864051818848,5064.0,5064.0,232.0,184.0,5064.0,5064.0,232.0,184.0,5064.0,5064.0,232.0,184.0,3889.0,3889.0,3889.0
2025-09-15 20:34:53,000000001654.jpg,CPU4,13.32998275756836,42.067527770996094,0.16927719116210938,51.29377365112305,161.87584686279297,0.6513786315917969,5064.0,5064.0,232.0,184.0,5064.0,5064.0,232.0,184.0,5064.0,5064.0,232.0,184.0,3848.0,3848.0,3848.0
2025-09-15 20:34:54,000000446569.jpg,CPU4,17.205238342285156,50.069570541381836,0.49591064453125,64.81213283538818,184.55643701553345,1.8279266357421875,5064.0,5064.0,232.0,176.0,5064.0,5064.0,232.0,168.0,5064.0,5064.0,232.0,168.0,3767.0,3686.0,3686.0
2025-09-15 20:34:55,000000306649.jpg,CPU4,27.20046043395996,49.59607124328613,0.14448165893554688,100.26089715957642,182.81111860275269,0.5325593948364258,5064.0,5064.0,232.0,168.0,5064.0,5064.0,232.0,168.0,5064.0,5064.0,232.0,168.0,3686.0,3686.0,3686.0
2025-09-15 20:34:56,000000281854.jpg,CPU4,26.467561721801758,51.2542724609375,0.13899803161621094,98.64460253715515,191.02467346191406,0.5180456638336182,5064.0,5064.0,232.0,172.0,5064.0,5064.0,232.0,172.0,5064.0,5064.0,232.0,172.0,3727.0,3727.0,3727.0
2025-09-15 20:34:58,000000216438.jpg,CPU4,19.3634033203125,53.945064544677734,0.14925003051757812,72.16740417480469,201.05325555801392,0.5562548637390137,5064.0,5064.0,232.0,172.0,5064.0,5064.0,232.0,172.0,5064.0,5064.0,232.0,172.0,3727.0,3727.0,3727.0
2025-09-15 20:34:59,000000552046.jpg,CPU4,22.150754928588867,52.83617973327637,0.1468658447265625,82.55586361885071,196.92044186592102,0.5473690032958984,5064.0,5064.0,232.0,172.0,5064.0,5064.0,232.0,172.0,5064.0,5064.0,232.0,172.0,3727.0,3727.0,3727.0
2025-09-15 20:35:00,000000460638.jpg,CPU4,17.510414123535156,52.7799129486084,0.19168853759765625,65.96173000335693,198.82193207740784,0.7220907211303711,5064.0,5064.0,232.0,172.0,5064.0,5064.0,232.0,172.0,5064.0,5064.0,232.0,172.0,3767.0,3767.0,3767.0
2025-09-15 20:35:01,000000042411.jpg,CPU4,18.949270248413086,52.47759819030762,0.14162063598632812,71.3819010257721,197.6831123828888,0.533484935760498,5064.0,5064.0,232.0,172.0,5064.0,5064.0,232.0,172.0,5064.0,5064.0,232.0,172.0,3767.0,3767.0,3767.0
2025-09-15 20:35:02,000000304515.jpg,CPU4,14.382600784301758,52.618980407714844,0.12636184692382812,54.17925715446472,198.21569919586182,0.47600507736206055,5064.0,5064.0,232.0,176.0,5064.0,5064.0,232.0,176.0,5064.0,5064.0,232.0,176.0,3767.0,3767.0,3767.0
2025-09-15 20:35:03,000000081362.jpg,CPU4,14.93072509765625,52.86097526550293,0.13017654418945312,56.856201171875,201.29459381103516,0.4957122802734375,5064.0,5064.0,232.0,176.0,5064.0,5064.0,232.0,176.0,5064.0,5064.0,232.0,176.0,3808.0,3808.0,3808.0
2025-09-15 20:35:04,000000269181.jpg,CPU4,18.01156997680664,47.19400405883789,0.1590251922607422,68.58805847167969,179.7147674560547,0.6055679321289062,5064.0,5064.0,232.0,176.0,5064.0,5064.0,232.0,176.0,5064.0,5064.0,232.0,176.0,3808.0,3808.0,3808.0
2025-09-15 20:35:05,000000387053.jpg,CPU4,13.580799102783203,51.27215385437012,0.11992454528808594,52.258914947509766,197.2952480316162,0.4614696502685547,5056.0,5056.0,232.0,180.0,5056.0,5056.0,232.0,180.0,5056.0,5056.0,232.0,180.0,3848.0,3848.0,3848.0
2025-09-15 20:35:06,000000063419.jpg,CPU4,15.576362609863281,52.989959716796875,0.125885009765625,60.5764741897583,206.07795333862305,0.4895668029785156,5064.0,5064.0,240.0,184.0,5064.0,5064.0,240.0,184.0,5064.0,5064.0,240.0,184.0,3889.0,3889.0,3889.0
2025-09-15 20:35:07,000000346680.jpg,CPU4,19.309043884277344,52.78420448303223,0.14972686767578125,75.09287166595459,205.27777123451233,0.5822877883911133,5064.0,5064.0,232.0,180.0,5064.0,5064.0,232.0,180.0,5064.0,5064.0,232.0,180.0,3889.0,3889.0,3889.0
2025-09-15 20:35:08,000000560788.jpg,CPU4,18.216371536254883,47.519683837890625,0.16880035400390625,71.57212376594543,186.70483779907227,0.6632165908813477,5056.0,5056.0,232.0,184.0,5056.0,5056.0,232.0,184.0,5056.0,5056.0,232.0,184.0,3929.0,3929.0,3929.0
2025-09-15 20:35:09,000000388445.jpg,CPU4,18.57781410217285,46.727895736694336,0.16546249389648438,69.98262572288513,172.23902368545532,0.6098947525024414,5064.0,5064.0,232.0,176.0,5064.0,5064.0,232.0,168.0,5064.0,5064.0,232.0,168.0,3767.0,3686.0,3686.0
2025-09-15 20:35:10,000000039230.jpg,CPU4,13.191938400268555,50.36592483520508,0.1690387725830078,48.62548494338989,185.64879894256592,0.6230769157409668,5064.0,5064.0,232.0,168.0,5064.0,5064.0,232.0,168.0,5064.0,5064.0,232.0,168.0,3686.0,3686.0,3686.0
2025-09-15 20:35:11,000000038720.jpg,CPU4,23.419618606567383,49.78036880493164,0.13947486877441406,87.28491854667664,185.53143453598022,0.5198228359222412,5064.0,5064.0,232.0,172.0,5064.0,5064.0,232.0,172.0,5064.0,5064.0,232.0,172.0,3727.0,3727.0,3727.0
2025-09-15 20:35:13,000000219773.jpg,CPU4,16.211986541748047,49.16501045227051,0.15664100646972656,59.7573823928833,181.2222285270691,0.5773787498474121,5064.0,5064.0,232.0,172.0,5064.0,5064.0,232.0,172.0,5064.0,5064.0,232.0,172.0,3686.0,3686.0,3686.0
2025-09-15 20:35:14,000000314834.jpg,CPU4,85.04819869995117,51.015615463256836,0.1895427703857422,316.974636554718,190.13519883155823,0.7064259052276611,5064.0,5064.0,232.0,172.0,5064.0,5064.0,232.0,172.0,5064.0,5064.0,232.0,172.0,3727.0,3727.0,3727.0
2025-09-15 20:35:15,000000524224.jpg,CPU4,18.40519905090332,52.73556709289551,0.12969970703125,70.08699798583984,200.8170394897461,0.493896484375,5064.0,5064.0,232.0,176.0,5064.0,5064.0,232.0,176.0,5064.0,5064.0,232.0,176.0,3808.0,3808.0,3808.0
2025-09-15 20:35:16,000000531470.jpg,CPU4,24.073362350463867,49.0419864654541,0.12445449829101562,90.68435597419739,184.7411630153656,0.46882009506225586,5064.0,5064.0,232.0,172.0,5064.0,5064.0,232.0,172.0,5064.0,5064.0,232.0,172.0,3767.0,3767.0,3767.0
2025-09-15 20:35:17,000000204330.jpg,CPU4,17.668962478637695,52.093505859375,0.13566017150878906,66.5589816570282,196.23623657226562,0.5110318660736084,5064.0,5064.0,232.0,176.0,5064.0,5064.0,232.0,176.0,5064.0,5064.0,232.0,176.0,3767.0,3767.0,3767.0
2025-09-15 20:35:18,000000570896.jpg,CPU4,12.469768524169922,52.611351013183594,0.11873245239257812,47.48487854003906,200.34402465820312,0.4521331787109375,5064.0,5064.0,232.0,176.0,5064.0,5064.0,232.0,176.0,5064.0,5064.0,232.0,176.0,3808.0,3808.0,3808.0
2025-09-15 20:35:19,000000447908.jpg,CPU4,25.937557220458984,52.201032638549805,0.1304149627685547,98.77021789550781,198.78153228759766,0.49662017822265625,5064.0,5064.0,232.0,176.0,5064.0,5064.0,232.0,176.0,5064.0,5064.0,232.0,176.0,3808.0,3808.0,3808.0
2025-09-15 20:35:20,000000549099.jpg,CPU4,13.47041130065918,50.836801528930664,0.1342296600341797,51.83414268493652,195.6200122833252,0.5165157318115234,5064.0,5064.0,232.0,180.0,5064.0,5064.0,232.0,180.0,5064.0,5064.0,232.0,180.0,3848.0,3848.0,3848.0
2025-09-15 20:35:21,000000006600.jpg,CPU4,20.748376846313477,52.31428146362305,0.12469291687011719,80.69043755531311,203.45024061203003,0.48493075370788574,5064.0,5064.0,240.0,184.0,5064.0,5064.0,240.0,184.0,5064.0,5064.0,240.0,184.0,3889.0,3889.0,3889.0
2025-09-15 20:35:22,000000247931.jpg,CPU4,13.094663619995117,42.083024978637695,0.09560585021972656,50.92514681816101,163.660884141922,0.3718111515045166,5064.0,5064.0,232.0,184.0,5064.0,5064.0,232.0,184.0,5064.0,5064.0,232.0,184.0,3889.0,3889.0,3889.0
2025-09-15 20:35:23,000000158517.jpg,CPU4,12.159347534179688,45.3028678894043,0.3192424774169922,46.78916931152344,171.58461213111877,1.1898167133331299,5056.0,5056.0,232.0,180.0,5064.0,5060.0,232.0,176.0,5064.0,5064.0,232.0,172.0,3848.0,3787.5,3727.0
2025-09-15 20:35:24,000000508461.jpg,CPU4,15.952825546264648,47.08695411682129,0.09417533874511719,58.802114963531494,173.56251287460327,0.34713029861450195,5064.0,5064.0,232.0,168.0,5064.0,5064.0,232.0,168.0,5064.0,5064.0,232.0,168.0,3686.0,3686.0,3686.0
2025-09-15 20:35:25,000000559858.jpg,CPU4,15.758037567138672,50.35114288330078,0.1399517059326172,58.084126472473145,185.59431266784668,0.515861988067627,5064.0,5064.0,232.0,168.0,5064.0,5064.0,232.0,168.0,5064.0,5064.0,232.0,168.0,3686.0,3686.0,3686.0
2025-09-15 20:35:27,000000007101.jpg,CPU4,14.927148818969727,52.58440971374512,0.14710426330566406,55.02147054672241,193.8261342048645,0.5422263145446777,5064.0,5064.0,232.0,172.0,5064.0,5064.0,232.0,172.0,5064.0,5064.0,232.0,172.0,3686.0,3686.0,3686.0
2025-09-15 20:35:28,000000034881.jpg,CPU4,17.18592643737793,47.99509048461914,0.1590251922607422,64.05194783210754,178.87770223617554,0.5926868915557861,5064.0,5064.0,232.0,172.0,5064.0,5064.0,232.0,172.0,5064.0,5064.0,232.0,172.0,3727.0,3727.0,3727.0
2025-09-15 20:35:29,000000366551.jpg,CPU4,15.758752822875977,50.16684532165527,0.14829635620117188,58.732871770858765,186.9718325138092,0.5527005195617676,5064.0,5064.0,232.0,172.0,5064.0,5064.0,232.0,172.0,5064.0,5064.0,232.0,172.0,3727.0,3727.0,3727.0
2025-09-15 20:35:30,000000163097.jpg,CPU4,20.86353302001953,51.9254207611084,0.13780593872070312,77.7583875656128,193.526043176651,0.5136027336120605,5064.0,5064.0,232.0,172.0,5064.0,5064.0,232.0,172.0,5064.0,5064.0,232.0,172.0,3727.0,3727.0,3727.0
2025-09-15 20:35:31,000000020931.jpg,CPU4,19.225597381591797,49.77273941040039,0.1404285430908203,72.4228253364563,187.49390935897827,0.5289943218231201,5064.0,5064.0,232.0,172.0,5064.0,5064.0,232.0,172.0,5064.0,5064.0,232.0,172.0,3767.0,3767.0,3767.0
2025-09-15 20:35:32,000000209714.jpg,CPU4,14.5416259765625,50.91094970703125,0.13184547424316406,54.77830505371094,191.78154754638672,0.496661901473999,5064.0,5064.0,232.0,172.0,5064.0,5064.0,232.0,172.0,5064.0,5064.0,232.0,172.0,3767.0,3767.0,3767.0
2025-09-15 20:35:33,000000065703.jpg,CPU4,14.274120330810547,50.745487213134766,0.18143653869628906,53.77061128616333,191.15825033187866,0.6834714412689209,5064.0,5064.0,232.0,176.0,5064.0,5064.0,232.0,176.0,5064.0,5064.0,232.0,176.0,3767.0,3767.0,3767.0
2025-09-15 20:35:34,000000313784.jpg,CPU4,20.327329635620117,52.351951599121094,0.1373291015625,77.4064712524414,199.35623168945312,0.52294921875,5064.0,5064.0,232.0,176.0,5064.0,5064.0,232.0,176.0,5064.0,5064.0,232.0,176.0,3808.0,3808.0,3808.0
2025-09-15 20:35:35,000000276465.jpg,CPU4,11.406660079956055,52.13594436645508,0.13899803161621094,43.8928279876709,200.61911392211914,0.5348644256591797,5064.0,5064.0,232.0,180.0,5064.0,5064.0,232.0,180.0,5064.0,5064.0,232.0,180.0,3848.0,3848.0,3848.0
2025-09-15 20:35:36,000000232450.jpg,CPU4,13.78941535949707,51.450252532958984,0.1392364501953125,53.627036333084106,200.0900321006775,0.5414905548095703,5064.0,5064.0,240.0,184.0,5064.0,5064.0,240.0,184.0,5064.0,5064.0,240.0,184.0,3889.0,3889.0,3889.0
2025-09-15 20:35:37,000000189132.jpg,CPU4,24.2462158203125,49.564361572265625,0.11897087097167969,94.29353332519531,192.75580215454102,0.4626777172088623,5064.0,5064.0,232.0,184.0,5064.0,5064.0,232.0,184.0,5064.0,5064.0,232.0,184.0,3889.0,3889.0,3889.0
2025-09-15 20:35:38,000000147514.jpg,CPU4,18.90420913696289,41.3968563079834,0.09179115295410156,74.2746376991272,162.64824843406677,0.36064743995666504,5064.0,5060.0,232.0,188.0,5064.0,5060.0,232.0,188.0,5064.0,5060.0,232.0,188.0,3929.0,3929.0,3929.0
2025-09-15 20:35:39,000000002746.jpg,CPU4,20.908117294311523,51.90682411193848,0.1595020294189453,78.76087784767151,193.4567334651947,0.5944640636444092,5064.0,5064.0,232.0,176.0,5064.0,5064.0,232.0,172.0,5064.0,5064.0,232.0,172.0,3767.0,3727.0,3727.0
2025-09-15 20:35:40,000000459300.jpg,CPU4,24.810791015625,52.58822441101074,0.14448165893554688,91.45257568359375,193.8401951789856,0.5325593948364258,5064.0,5064.0,232.0,172.0,5064.0,5064.0,232.0,172.0,5064.0,5064.0,232.0,172.0,3686.0,3686.0,3686.0
2025-09-15 20:35:42,000000480434.jpg,CPU4,12.704849243164062,51.209449768066406,0.15234947204589844,46.830074310302734,188.75803184509277,0.5615601539611816,5064.0,5064.0,232.0,172.0,5064.0,5064.0,232.0,172.0,5064.0,5064.0,232.0,172.0,3686.0,3686.0,3686.0
2025-09-15 20:35:43,000000148254.jpg,CPU4,23.784399032592773,51.209449768066406,0.1590251922607422,89.59583115577698,192.90599727630615,0.5990478992462158,5064.0,5064.0,232.0,172.0,5064.0,5064.0,232.0,172.0,5064.0,5064.0,232.0,172.0,3767.0,3767.0,3767.0
2025-09-15 20:35:44,000000505734.jpg,CPU4,14.397621154785156,49.30591583251953,0.11754035949707031,53.65993404388428,183.7631483078003,0.43807291984558105,5064.0,5064.0,232.0,172.0,5064.0,5064.0,232.0,172.0,5064.0,5064.0,232.0,172.0,3727.0,3727.0,3727.0
2025-09-15 20:35:45,000000238613.jpg,CPU4,14.971733093261719,51.79738998413086,0.12278556823730469,55.799649238586426,193.0488724708557,0.45762181282043457,5064.0,5064.0,232.0,172.0,5064.0,5064.0,232.0,172.0,5064.0,5064.0,232.0,172.0,3727.0,3727.0,3727.0
2025-09-15 20:35:46,000000180635.jpg,CPU4,13.586282730102539,48.61927032470703,0.15497207641601562,51.179527044296265,183.1487913131714,0.5837798118591309,5064.0,5064.0,232.0,176.0,5064.0,5064.0,232.0,176.0,5064.0,5064.0,232.0,176.0,3767.0,3767.0,3767.0
2025-09-15 20:35:47,000000521725.jpg,CPU4,18.310546875,52.59275436401367,0.13518333435058594,68.975830078125,198.1169056892395,0.5092356204986572,5064.0,5064.0,232.0,176.0,5064.0,5064.0,232.0,176.0,5064.0,5064.0,232.0,176.0,3767.0,3767.0,3767.0
2025-09-15 20:35:48,000000498025.jpg,CPU4,17.624378204345703,51.375389099121094,0.13756752014160156,66.39103269577026,193.53109073638916,0.5182168483734131,5064.0,5064.0,232.0,176.0,5064.0,5064.0,232.0,176.0,5064.0,5064.0,232.0,176.0,3767.0,3767.0,3767.0
2025-09-15 20:35:49,000000372370.jpg,CPU4,14.15562629699707,51.51057243347168,0.1437664031982422,53.904624938964844,196.15225982666016,0.5474624633789062,5064.0,5064.0,232.0,176.0,5064.0,5064.0,232.0,176.0,5064.0,5064.0,232.0,176.0,3808.0,3808.0,3808.0
2025-09-15 20:35:50,000000433562.jpg,CPU4,14.17994499206543,51.138877868652344,0.1399517059326172,53.997230529785156,194.73684692382812,0.5329360961914062,5064.0,5064.0,232.0,176.0,5064.0,5064.0,232.0,176.0,5064.0,5064.0,232.0,176.0,3808.0,3808.0,3808.0
2025-09-15 20:35:51,000000428443.jpg,CPU4,16.523122787475586,51.31888389587402,0.1347064971923828,63.580976486206055,197.47506523132324,0.5183506011962891,5064.0,5064.0,232.0,180.0,5064.0,5064.0,232.0,180.0,5064.0,5064.0,232.0,180.0,3848.0,3848.0,3848.0
2025-09-15 20:35:52,000000227271.jpg,CPU4,23.03910255432129,51.593780517578125,0.14209747314453125,90.52063393592834,202.71196365356445,0.5583009719848633,5064.0,5064.0,240.0,188.0,5064.0,5064.0,240.0,188.0,5064.0,5064.0,240.0,188.0,3929.0,3929.0,3929.0
2025-09-15 20:35:53,000000091554.jpg,CPU4,17.541170120239258,43.19357872009277,0.16045570373535156,68.21761059761047,167.9798276424408,0.6240122318267822,5064.0,5064.0,232.0,184.0,5064.0,5064.0,232.0,184.0,5064.0,5064.0,232.0,184.0,3889.0,3889.0,3889.0
2025-09-15 20:35:54,000000551239.jpg,CPU4,23.859739303588867,47.705650329589844,0.1533031463623047,90.8578872680664,177.79895877838135,0.5713608264923096,5064.0,5064.0,232.0,176.0,5064.0,5064.0,232.0,172.0,5064.0,5064.0,232.0,172.0,3808.0,3727.0,3727.0
2025-09-15 20:35:55,000000287791.jpg,CPU4,18.08762550354004,48.59805107116699,0.1614093780517578,66.67098760604858,179.13241624832153,0.5949549674987793,5064.0,5064.0,232.0,168.0,5064.0,5064.0,232.0,168.0,5064.0,5064.0,232.0,168.0,3686.0,3686.0,3686.0
2025-09-15 20:35:56,000000255620.jpg,CPU4,13.411283493041992,53.2078742980957,0.14662742614746094,49.43399095535278,196.12422466278076,0.540468692779541,5064.0,5064.0,232.0,172.0,5064.0,5064.0,232.0,172.0,5064.0,5064.0,232.0,172.0,3686.0,3686.0,3686.0
2025-09-15 20:35:58,000000245155.jpg,CPU4,19.266605377197266,51.900386810302734,0.15306472778320312,71.80663824081421,193.4327416419983,0.570472240447998,5064.0,5064.0,232.0,172.0,5064.0,5064.0,232.0,172.0,5064.0,5064.0,232.0,172.0,3727.0,3727.0,3727.0
2025-09-15 20:35:59,000000574809.jpg,CPU4,11.56163215637207,51.33843421936035,0.14472007751464844,42.61617612838745,189.23346853256226,0.5334382057189941,5064.0,5064.0,232.0,172.0,5064.0,5064.0,232.0,172.0,5064.0,5064.0,232.0,172.0,3686.0,3686.0,3686.0
2025-09-15 20:36:00,000000489561.jpg,CPU4,17.13275909423828,50.41837692260742,0.11372566223144531,63.853793144226074,187.90929079055786,0.4238555431365967,5064.0,5064.0,232.0,172.0,5064.0,5064.0,232.0,172.0,5064.0,5064.0,232.0,172.0,3727.0,3727.0,3727.0
2025-09-15 20:36:01,000000298506.jpg,CPU4,15.073776245117188,52.73008346557617,0.12421607971191406,58.62191581726074,205.06729459762573,0.4830763339996338,5064.0,5064.0,240.0,184.0,5064.0,5064.0,240.0,184.0,5064.0,5064.0,240.0,184.0,3889.0,3889.0,3889.0
2025-09-15 20:36:02,000000045913.jpg,CPU4,20.846128463745117,54.473876953125,0.13780593872070312,77.69352078437805,203.02413940429688,0.5136027336120605,5064.0,5064.0,232.0,172.0,5064.0,5064.0,232.0,172.0,5064.0,5064.0,232.0,172.0,3727.0,3727.0,3727.0
2025-09-15 20:36:03,000000336865.jpg,CPU4,20.418405532836914,52.74343490600586,0.1621246337890625,77.75328826904297,200.8470001220703,0.61737060546875,5064.0,5064.0,232.0,176.0,5064.0,5064.0,232.0,176.0,5064.0,5064.0,232.0,176.0,3808.0,3808.0,3808.0
2025-09-15 20:36:04,000000523350.jpg,CPU4,18.866300582885742,50.5824089050293,0.14328956604003906,72.59752464294434,194.64110946655273,0.5513782501220703,5064.0,5064.0,232.0,176.0,5064.0,5064.0,232.0,176.0,5064.0,5064.0,232.0,176.0,3848.0,3848.0,3848.0
2025-09-15 20:36:05,000000161813.jpg,CPU4,18.87822151184082,50.83155632019043,0.14019012451171875,72.64339637756348,195.59982872009277,0.5394515991210938,5064.0,5064.0,232.0,180.0,5064.0,5064.0,232.0,180.0,5064.0,5064.0,232.0,180.0,3848.0,3848.0,3848.0
2025-09-15 20:36:06,000000326942.jpg,CPU4,14.051437377929688,47.62530326843262,0.11992454528808594,54.646039962768555,185.21480441093445,0.4663865566253662,5064.0,5064.0,232.0,180.0,5064.0,5064.0,232.0,180.0,5064.0,5064.0,232.0,180.0,3889.0,3889.0,3889.0
2025-09-15 20:36:07,000000426949.jpg,CPU4,19.764184951782227,50.86874961853027,0.12946128845214844,77.65348267555237,199.86331725120544,0.5086534023284912,5064.0,5064.0,240.0,188.0,5064.0,5064.0,240.0,188.0,5064.0,5064.0,240.0,188.0,3929.0,3929.0,3929.0
2025-09-15 20:36:08,000000288388.jpg,CPU4,17.07625389099121,46.35739326477051,0.14591217041015625,66.40955138206482,180.2839024066925,0.5674524307250977,5064.0,5060.0,232.0,184.0,5064.0,5060.0,232.0,184.0,5064.0,5060.0,232.0,184.0,3889.0,3889.0,3889.0
2025-09-15 20:36:09,000000155480.jpg,CPU4,13.061285018920898,45.302629470825195,0.1049041748046875,50.25982475280762,171.58370912075043,0.3909778594970703,5056.0,5056.0,232.0,184.0,5064.0,5060.0,232.0,178.0,5064.0,5064.0,232.0,172.0,3848.0,3787.5,3727.0
2025-09-15 20:36:10,000000488147.jpg,CPU4,15.64335823059082,49.340248107910156,0.1342296600341797,58.30279612541199,183.89110469818115,0.5002739429473877,5064.0,5064.0,232.0,172.0,5064.0,5064.0,232.0,172.0,5064.0,5064.0,232.0,172.0,3727.0,3727.0,3727.0
2025-09-15 20:36:11,000000570764.jpg,CPU4,19.731760025024414,47.498226165771484,0.11777877807617188,73.54026961326599,177.02588891983032,0.4389615058898926,5064.0,5064.0,232.0,172.0,5064.0,5064.0,232.0,172.0,5064.0,5064.0,232.0,172.0,3727.0,3727.0,3727.0
2025-09-15 20:36:13,000000181225.jpg,CPU4,14.525413513183594,49.591779708862305,0.11968612670898438,54.7172327041626,186.8122341632843,0.45085763931274414,5064.0,5064.0,232.0,172.0,5064.0,5064.0,232.0,172.0,5064.0,5064.0,232.0,172.0,3767.0,3767.0,3767.0
2025-09-15 20:36:14,000000210330.jpg,CPU4,17.812490463256836,52.58917808532715,0.14090538024902344,66.38715195655823,195.99986672401428,0.5251543521881104,5064.0,5064.0,232.0,172.0,5064.0,5064.0,232.0,172.0,5064.0,5064.0,232.0,172.0,3727.0,3727.0,3727.0
2025-09-15 20:36:15,000000207101.jpg,CPU4,24.773597717285156,47.76430130004883,0.16260147094726562,92.33119869232178,178.01755094528198,0.606015682220459,5064.0,5064.0,232.0,172.0,5064.0,5064.0,232.0,172.0,5064.0,5064.0,232.0,172.0,3727.0,3727.0,3727.0
2025-09-15 20:36:16,000000351163.jpg,CPU4,17.98701286315918,48.940181732177734,0.1437664031982422,67.75707745552063,184.35766458511353,0.5415680408477783,5064.0,5064.0,232.0,172.0,5064.0,5064.0,232.0,172.0,5064.0,5064.0,232.0,172.0,3767.0,3767.0,3767.0
2025-09-15 20:36:17,000000213345.jpg,CPU4,19.071102142333984,53.37834358215332,0.1373291015625,71.07799768447876,198.94108653068542,0.5118255615234375,5064.0,5064.0,232.0,172.0,5064.0,5064.0,232.0,172.0,5064.0,5064.0,232.0,172.0,3727.0,3727.0,3727.0
2025-09-15 20:36:18,000000266337.jpg,CPU4,19.36197280883789,52.5050163269043,0.1239776611328125,72.93655157089233,197.7863965034485,0.4670238494873047,5064.0,5064.0,232.0,176.0,5064.0,5064.0,232.0,176.0,5064.0,5064.0,232.0,176.0,3767.0,3767.0,3767.0
2025-09-15 20:36:19,000000107236.jpg,CPU4,14.771223068237305,51.85246467590332,0.12350082397460938,55.64319729804993,195.3282344341278,0.4652276039123535,5064.0,5064.0,232.0,176.0,5064.0,5064.0,232.0,176.0,5064.0,5064.0,232.0,176.0,3767.0,3767.0,3767.0
2025-09-15 20:36:20,000000575118.jpg,CPU4,16.251564025878906,51.67961120605469,0.14472007751464844,62.53601837158203,198.86314392089844,0.5568828582763672,5064.0,5064.0,232.0,180.0,5064.0,5064.0,232.0,180.0,5064.0,5064.0,232.0,180.0,3848.0,3848.0,3848.0
2025-09-15 20:36:21,000000193525.jpg,CPU4,12.146234512329102,51.45883560180664,0.1087188720703125,46.73871040344238,198.01359939575195,0.4183502197265625,5064.0,5064.0,232.0,180.0,5064.0,5064.0,232.0,180.0,5064.0,5064.0,232.0,180.0,3848.0,3848.0,3848.0
2025-09-15 20:36:22,000000417432.jpg,CPU4,13.617515563964844,47.42288589477539,0.14019012451171875,54.06153678894043,188.2688570022583,0.5565547943115234,5064.0,5064.0,240.0,188.0,5064.0,5064.0,240.0,188.0,5064.0,5064.0,240.0,188.0,3970.0,3970.0,3970.0
2025-09-15 20:36:23,000000363984.jpg,CPU4,17.05765724182129,50.21405220031738,0.14090538024902344,68.40120553970337,201.3583493232727,0.565030574798584,5056.0,5056.0,240.0,192.0,5056.0,5056.0,240.0,192.0,5056.0,5056.0,240.0,192.0,4010.0,4010.0,4010.0
2025-09-15 20:36:24,000000223372.jpg,CPU4,16.71600341796875,45.160531997680664,0.09202957153320312,65.00853729248047,175.6293089389801,0.35790300369262695,5064.0,5060.0,232.0,184.0,5064.0,5060.0,232.0,184.0,5064.0,5060.0,232.0,184.0,3889.0,3889.0,3889.0
2025-09-15 20:36:25,000000521546.jpg,CPU4,16.947269439697266,50.59075355529785,0.13184547424316406,63.16247320175171,188.5517385005951,0.49138808250427246,5064.0,5064.0,232.0,172.0,5064.0,5064.0,232.0,172.0,5064.0,5064.0,232.0,172.0,3727.0,3727.0,3727.0
2025-09-15 20:36:26,000000530718.jpg,CPU4,15.727043151855469,49.39699172973633,0.1251697540283203,57.96988105773926,182.0773115158081,0.46137571334838867,5064.0,5064.0,232.0,172.0,5064.0,5064.0,232.0,172.0,5064.0,5064.0,232.0,172.0,3686.0,3686.0,3686.0
2025-09-15 20:36:28,000000289017.jpg,CPU4,24.649381637573242,53.93195152282715,0.13065338134765625,90.85762071609497,198.79317331314087,0.48158836364746094,5064.0,5064.0,232.0,172.0,5064.0,5064.0,232.0,172.0,5064.0,5064.0,232.0,172.0,3686.0,3686.0,3686.0
2025-09-15 20:36:29,000000216247.jpg,CPU4,14.755487442016602,54.23569679260254,0.11372566223144531,54.993701696395874,202.13644194602966,0.4238555431365967,5064.0,5064.0,232.0,172.0,5064.0,5064.0,232.0,172.0,5064.0,5064.0,232.0,172.0,3727.0,3727.0,3727.0
2025-09-15 20:36:30,000000087010.jpg,CPU4,14.91546630859375,53.91263961791992,0.1456737518310547,55.589942932128906,200.93240785598755,0.5429260730743408,5064.0,5064.0,232.0,172.0,5064.0,5064.0,232.0,172.0,5064.0,5064.0,232.0,172.0,3727.0,3727.0,3727.0
2025-09-15 20:36:31,000000377676.jpg,CPU4,16.651391983032227,54.45265769958496,0.12230873107910156,62.7257936000824,205.12316155433655,0.4607369899749756,5064.0,5064.0,232.0,172.0,5064.0,5064.0,232.0,172.0,5064.0,5064.0,232.0,172.0,3767.0,3767.0,3767.0
2025-09-15 20:36:32,000000482008.jpg,CPU4,16.038179397583008,49.76391792297363,0.12874603271484375,61.073387145996094,189.5009994506836,0.490264892578125,5064.0,5064.0,232.0,176.0,5064.0,5064.0,232.0,176.0,5064.0,5064.0,232.0,176.0,3808.0,3808.0,3808.0
2025-09-15 20:36:33,000000528765.jpg,CPU4,20.93029022216797,50.362348556518555,0.11944770812988281,78.84440326690674,189.7149670124054,0.44995951652526855,5064.0,5064.0,232.0,176.0,5064.0,5064.0,232.0,176.0,5064.0,5064.0,232.0,176.0,3767.0,3767.0,3767.0
2025-09-15 20:36:34,000000258563.jpg,CPU4,13.985157012939453,50.499916076660156,0.1304149627685547,52.68208646774292,190.2331838607788,0.4912731647491455,5064.0,5064.0,232.0,176.0,5064.0,5064.0,232.0,176.0,5064.0,5064.0,232.0,176.0,3767.0,3767.0,3767.0
2025-09-15 20:36:35,000000331674.jpg,CPU4,7.55763053894043,52.74462699890137,0.13399124145507812,28.779457092285156,200.8515396118164,0.5102386474609375,5064.0,5064.0,232.0,176.0,5064.0,5064.0,232.0,176.0,5064.0,5064.0,232.0,176.0,3808.0,3808.0,3808.0
2025-09-15 20:36:36,000000317181.jpg,CPU4,14.784574508666992,53.725242614746094,0.1277923583984375,56.299659729003906,204.58572387695312,0.48663330078125,5064.0,5064.0,232.0,176.0,5064.0,5064.0,232.0,176.0,5064.0,5064.0,232.0,176.0,3808.0,3808.0,3808.0
2025-09-15 20:36:37,000000362443.jpg,CPU4,16.656875610351562,52.56342887878418,0.13184547424316406,64.09565734863281,202.26407432556152,0.5073413848876953,5064.0,5064.0,232.0,180.0,5064.0,5064.0,232.0,180.0,5064.0,5064.0,232.0,180.0,3848.0,3848.0,3848.0
2025-09-15 20:36:38,000000099374.jpg,CPU4,16.130447387695312,53.492069244384766,0.13136863708496094,63.37652778625488,210.17034006118774,0.5161473751068115,5064.0,5064.0,240.0,188.0,5064.0,5064.0,240.0,188.0,5064.0,5064.0,240.0,188.0,3929.0,3929.0,3929.0
2025-09-15 20:36:39,000000234194.jpg,CPU4,12.063980102539062,47.13892936706543,0.16236305236816406,46.916818618774414,183.32329630851746,0.63142991065979,5064.0,5064.0,232.0,184.0,5064.0,5064.0,232.0,184.0,5064.0,5064.0,232.0,184.0,3889.0,3889.0,3889.0
2025-09-15 20:36:40,000000539374.jpg,CPU4,13.180017471313477,50.33612251281738,0.10991096496582031,50.71670722961426,190.64806401729584,0.4096381664276123,5056.0,5056.0,232.0,184.0,5064.0,5060.0,232.0,178.0,5064.0,5064.0,232.0,172.0,3848.0,3787.5,3727.0
2025-09-15 20:36:41,000000007334.jpg,CPU4,11.55400276184082,50.67634582519531,0.13756752014160156,42.588054180145264,186.79301071166992,0.5070738792419434,5064.0,5064.0,232.0,168.0,5064.0,5064.0,232.0,168.0,5064.0,5064.0,232.0,168.0,3686.0,3686.0,3686.0
2025-09-15 20:36:43,000000488534.jpg,CPU4,19.17743682861328,50.63152313232422,0.12135505676269531,70.68803215026855,186.62779426574707,0.4473147392272949,5064.0,5064.0,232.0,172.0,5064.0,5064.0,232.0,172.0,5064.0,5064.0,232.0,172.0,3686.0,3686.0,3686.0
2025-09-15 20:36:44,000000178884.jpg,CPU4,19.374608993530273,51.96261405944824,0.14972686767578125,72.20916771888733,193.6646625995636,0.5580320358276367,5064.0,5064.0,232.0,172.0,5064.0,5064.0,232.0,172.0,5064.0,5064.0,232.0,172.0,3727.0,3727.0,3727.0
2025-09-15 20:36:45,000000400910.jpg,CPU4,23.29087257385254,48.88606071472168,0.1392364501953125,85.85015630722046,180.1940197944641,0.5132255554199219,5064.0,5064.0,232.0,172.0,5064.0,5064.0,232.0,172.0,5064.0,5064.0,232.0,172.0,3686.0,3686.0,3686.0
2025-09-15 20:36:46,000000211769.jpg,CPU4,19.978761672973633,52.388668060302734,0.13399124145507812,74.46084475517273,195.2525658607483,0.49938535690307617,5064.0,5064.0,232.0,172.0,5064.0,5064.0,232.0,172.0,5064.0,5064.0,232.0,172.0,3727.0,3727.0,3727.0
2025-09-15 20:36:47,000000460556.jpg,CPU4,14.082670211791992,50.075531005859375,0.087738037109375,53.049418687820435,188.63452529907227,0.3305091857910156,5064.0,5064.0,232.0,172.0,5064.0,5064.0,232.0,172.0,5064.0,5064.0,232.0,172.0,3767.0,3767.0,3767.0
2025-09-15 20:36:48,000000268975.jpg,CPU4,16.772747039794922,52.3829460144043,0.11920928955078125,62.512028217315674,195.23123979568481,0.4442930221557617,5064.0,5064.0,232.0,172.0,5064.0,5064.0,232.0,172.0,5064.0,5064.0,232.0,172.0,3727.0,3727.0,3727.0
2025-09-15 20:36:49,000000140227.jpg,CPU4,21.528959274291992,51.518917083740234,0.12445449829101562,81.09958958625793,194.07176065444946,0.46882009506225586,5064.0,5064.0,232.0,176.0,5064.0,5064.0,232.0,176.0,5064.0,5064.0,232.0,176.0,3767.0,3767.0,3767.0
2025-09-15 20:36:50,000000177848.jpg,CPU4,17.19045639038086,52.422523498535156,0.1239776611328125,65.46125793457031,199.62496948242188,0.47210693359375,5064.0,5064.0,232.0,176.0,5064.0,5064.0,232.0,176.0,5064.0,5064.0,232.0,176.0,3808.0,3808.0,3808.0
2025-09-15 20:36:51,000000262838.jpg,CPU4,14.598369598388672,52.60920524597168,0.1277923583984375,55.59059143066406,200.33585357666016,0.48663330078125,5064.0,5064.0,232.0,176.0,5064.0,5064.0,232.0,176.0,5064.0,5064.0,232.0,176.0,3808.0,3808.0,3808.0
2025-09-15 20:36:52,000000366676.jpg,CPU4,14.837265014648438,52.69956588745117,0.10919570922851562,57.09379577636719,202.7879295349121,0.4201850891113281,5064.0,5064.0,232.0,180.0,5064.0,5064.0,232.0,180.0,5064.0,5064.0,232.0,180.0,3848.0,3848.0,3848.0
2025-09-15 20:36:53,000000073065.jpg,CPU4,15.67983627319336,53.011417388916016,0.10895729064941406,60.978883266448975,206.16140222549438,0.4237349033355713,5064.0,5064.0,232.0,180.0,5064.0,5064.0,232.0,180.0,5064.0,5064.0,232.0,180.0,3889.0,3889.0,3889.0
2025-09-15 20:36:54,000000420365.jpg,CPU4,18.592357635498047,51.34940147399902,0.1423358917236328,72.3056788444519,199.6978223323822,0.553544282913208,5064.0,5064.0,232.0,184.0,5064.0,5064.0,232.0,184.0,5064.0,5064.0,232.0,184.0,3889.0,3889.0,3889.0
2025-09-15 20:36:55,000000071094.jpg,CPU4,13.788461685180664,40.11940956115723,0.09250640869140625,53.6233274936676,156.02438378334045,0.3597574234008789,5056.0,5056.0,232.0,184.0,5056.0,5056.0,232.0,184.0,5056.0,5056.0,232.0,184.0,3889.0,3889.0,3889.0
2025-09-15 20:36:56,000000109289.jpg,CPU4,15.83242416381836,47.35827445983887,0.15234947204589844,59.64074182510376,174.56259965896606,0.5615601539611816,5064.0,5060.0,232.0,176.0,5064.0,5064.0,232.0,172.0,5064.0,5064.0,232.0,172.0,3767.0,3686.0,3686.0
2025-09-15 20:36:58,000000498871.jpg,CPU4,15.201330184936523,51.53822898864746,0.1380443572998047,56.65535759925842,192.0829794406891,0.5144913196563721,5064.0,5064.0,232.0,172.0,5064.0,5064.0,232.0,172.0,5064.0,5064.0,232.0,172.0,3727.0,3727.0,3727.0
2025-09-15 20:36:59,000000054170.jpg,CPU4,13.859033584594727,53.488731384277344,0.179290771484375,52.206979513168335,201.49205112457275,0.6753883361816406,5064.0,5064.0,232.0,172.0,5064.0,5064.0,232.0,172.0,5064.0,5064.0,232.0,172.0,3767.0,3767.0,3767.0
2025-09-15 20:37:00,000000304370.jpg,CPU4,20.793437957763672,52.840232849121094,0.1380443572998047,76.6446123123169,194.76909828186035,0.5088315010070801,5064.0,5064.0,232.0,172.0,5064.0,5064.0,232.0,172.0,5064.0,5064.0,232.0,172.0,3686.0,3686.0,3686.0
2025-09-15 20:37:01,000000276687.jpg,CPU4,21.099328994750977,52.629709243774414,0.1418590545654297,78.63719916343689,196.15092635154724,0.5287086963653564,5064.0,5064.0,232.0,172.0,5064.0,5064.0,232.0,172.0,5064.0,5064.0,232.0,172.0,3727.0,3727.0,3727.0
2025-09-15 20:37:02,000000031229.jpg,CPU4,12.83717155456543,52.361488342285156,0.14781951904296875,48.357625246047974,197.24572658538818,0.5568361282348633,5064.0,5064.0,232.0,172.0,5064.0,5064.0,232.0,172.0,5064.0,5064.0,232.0,172.0,3767.0,3767.0,3767.0
2025-09-15 20:37:03,000000322537.jpg,CPU4,11.842727661132812,52.6885986328125,0.14710426330566406,44.13784599304199,196.3704071044922,0.54825758934021,5064.0,5064.0,232.0,172.0,5064.0,5064.0,232.0,172.0,5064.0,5064.0,232.0,172.0,3727.0,3727.0,3727.0
2025-09-15 20:37:04,000000157884.jpg,CPU4,16.913652420043945,52.397966384887695,0.1354217529296875,63.71372866630554,197.38313937187195,0.5101337432861328,5064.0,5064.0,232.0,172.0,5064.0,5064.0,232.0,172.0,5064.0,5064.0,232.0,172.0,3767.0,3767.0,3767.0
2025-09-15 20:37:05,000000069104.jpg,CPU4,20.227432250976562,51.46169662475586,0.1544952392578125,77.02606201171875,195.9661407470703,0.58831787109375,5064.0,5064.0,232.0,176.0,5064.0,5064.0,232.0,176.0,5064.0,5064.0,232.0,176.0,3808.0,3808.0,3808.0
2025-09-15 20:37:06,000000488739.jpg,CPU4,12.893199920654297,47.189950942993164,0.16570091247558594,49.09730529785156,179.69933319091797,0.6309890747070312,5064.0,5064.0,232.0,176.0,5064.0,5064.0,232.0,176.0,5064.0,5064.0,232.0,176.0,3808.0,3808.0,3808.0
2025-09-15 20:37:07,000000404716.jpg,CPU4,16.527891159057617,50.061941146850586,0.14734268188476562,63.59932518005371,192.63834953308105,0.5669746398925781,5056.0,5056.0,232.0,180.0,5056.0,5056.0,232.0,180.0,5056.0,5056.0,232.0,180.0,3848.0,3848.0,3848.0
2025-09-15 20:37:08,000000032733.jpg,CPU4,14.82844352722168,49.468278884887695,0.14710426330566406,57.66781687736511,192.38213658332825,0.5720884799957275,5064.0,5064.0,240.0,184.0,5064.0,5064.0,240.0,184.0,5064.0,5064.0,240.0,184.0,3889.0,3889.0,3889.0
2025-09-15 20:37:09,000000435350.jpg,CPU4,16.551733016967773,51.70035362243652,0.13780593872070312,64.36968970298767,201.06267523765564,0.5359272956848145,5064.0,5064.0,232.0,180.0,5064.0,5064.0,232.0,180.0,5064.0,5064.0,232.0,180.0,3889.0,3889.0,3889.0
2025-09-15 20:37:10,000000259229.jpg,CPU4,11.932373046875,47.63603210449219,0.09179115295410156,46.404998779296875,185.25652885437012,0.356975793838501,5064.0,5064.0,232.0,184.0,5064.0,5064.0,232.0,184.0,5064.0,5064.0,232.0,184.0,3889.0,3889.0,3889.0
2025-09-15 20:37:11,000000349258.jpg,CPU4,8.190631866455078,39.891719818115234,0.09512901306152344,31.51755142211914,153.50333786010742,0.3660564422607422,5064.0,5060.0,232.0,184.0,5064.0,5060.0,232.0,184.0,5064.0,5060.0,232.0,184.0,3848.0,3848.0,3848.0
2025-09-15 20:37:12,000000171600.jpg,CPU4,15.456676483154297,50.339698791503906,0.1533031463623047,57.607033252716064,187.61605739593506,0.5713608264923096,5064.0,5064.0,232.0,172.0,5064.0,5064.0,232.0,172.0,5064.0,5064.0,232.0,172.0,3727.0,3727.0,3727.0
2025-09-15 20:37:14,000000195336.jpg,CPU4,19.24896240234375,44.4185733795166,0.09679794311523438,70.95167541503906,163.7268614768982,0.3567972183227539,5064.0,5064.0,232.0,172.0,5064.0,5064.0,232.0,172.0,5064.0,5064.0,232.0,172.0,3686.0,3686.0,3686.0
2025-09-15 20:37:15,000000545684.jpg,CPU4,17.073392868041992,52.20746994018555,0.13494491577148438,63.632535219192505,194.57724046707153,0.5029397010803223,5064.0,5064.0,232.0,172.0,5064.0,5064.0,232.0,172.0,5064.0,5064.0,232.0,172.0,3727.0,3727.0,3727.0
2025-09-15 20:37:16,000000226110.jpg,CPU4,18.548965454101562,50.50206184387207,0.11801719665527344,69.87395286560059,190.2412669658661,0.44457077980041504,5064.0,5064.0,232.0,172.0,5064.0,5064.0,232.0,172.0,5064.0,5064.0,232.0,172.0,3767.0,3767.0,3767.0
2025-09-15 20:37:17,000000293035.jpg,CPU4,14.632701873779297,52.70719528198242,0.10561943054199219,54.53607988357544,196.4397168159485,0.3936436176300049,5064.0,5064.0,232.0,172.0,5064.0,5064.0,232.0,172.0,5064.0,5064.0,232.0,172.0,3727.0,3727.0,3727.0
2025-09-15 20:37:18,000000312244.jpg,CPU4,15.798330307006836,51.85508728027344,0.11396408081054688,58.88037705421448,193.2639102935791,0.4247441291809082,5064.0,5064.0,232.0,172.0,5064.0,5064.0,232.0,172.0,5064.0,5064.0,232.0,172.0,3727.0,3727.0,3727.0
2025-09-15 20:37:19,000000132006.jpg,CPU4,13.09967041015625,52.17480659484863,0.12731552124023438,49.883544921875,198.6816635131836,0.4848175048828125,5064.0,5064.0,232.0,176.0,5064.0,5064.0,232.0,176.0,5064.0,5064.0,232.0,176.0,3808.0,3808.0,3808.0
2025-09-15 20:37:20,000000040490.jpg,CPU4,14.508724212646484,51.5742301940918,0.1239776611328125,54.65436410903931,194.2801251411438,0.4670238494873047,5064.0,5064.0,232.0,176.0,5064.0,5064.0,232.0,176.0,5064.0,5064.0,232.0,176.0,3767.0,3767.0,3767.0
2025-09-15 20:37:21,000000209999.jpg,CPU4,14.841079711914062,51.77450180053711,0.13828277587890625,56.51483154296875,197.1573028564453,0.526580810546875,5064.0,5064.0,232.0,176.0,5064.0,5064.0,232.0,176.0,5064.0,5064.0,232.0,176.0,3808.0,3808.0,3808.0
2025-09-15 20:37:22,000000378345.jpg,CPU4,8.324384689331055,53.81369590759277,0.13303756713867188,31.699256896972656,204.92255401611328,0.5066070556640625,5064.0,5064.0,232.0,176.0,5064.0,5064.0,232.0,176.0,5064.0,5064.0,232.0,176.0,3808.0,3808.0,3808.0
2025-09-15 20:37:23,000000356301.jpg,CPU4,14.310121536254883,49.967050552368164,0.164031982421875,54.492942810058594,190.27452850341797,0.6246337890625,5064.0,5064.0,232.0,176.0,5064.0,5064.0,232.0,176.0,5064.0,5064.0,232.0,176.0,3808.0,3808.0,3808.0
2025-09-15 20:37:24,000000457280.jpg,CPU4,21.71635627746582,52.00672149658203,0.13327598571777344,83.56453895568848,200.12186431884766,0.5128459930419922,5064.0,5064.0,232.0,180.0,5064.0,5064.0,232.0,180.0,5064.0,5064.0,232.0,180.0,3848.0,3848.0,3848.0
2025-09-15 20:37:25,000000247118.jpg,CPU4,14.49441909790039,51.95474624633789,0.13875961303710938,56.948572635650635,204.13019800186157,0.5451865196228027,5064.0,5060.0,240.0,188.0,5064.0,5060.0,240.0,188.0,5064.0,5060.0,240.0,188.0,3929.0,3929.0,3929.0
2025-09-15 20:37:26,000000041202.jpg,CPU4,20.253419876098633,45.91560363769531,0.15783309936523438,78.76554989814758,178.56578254699707,0.6138129234313965,5064.0,5064.0,232.0,184.0,5064.0,5064.0,232.0,184.0,5064.0,5064.0,232.0,184.0,3889.0,3889.0,3889.0
2025-09-15 20:37:27,000000137346.jpg,CPU4,13.266563415527344,36.95940971374512,0.09179115295410156,51.04973602294922,139.98376429080963,0.3421056270599365,5056.0,5056.0,232.0,184.0,5064.0,5060.0,232.0,178.0,5064.0,5064.0,232.0,172.0,3848.0,3787.5,3727.0
2025-09-15 20:37:28,000000045825.jpg,CPU4,19.983291625976562,49.46112632751465,0.1392364501953125,73.65841293334961,182.313711643219,0.5132255554199219,5064.0,5064.0,232.0,168.0,5064.0,5064.0,232.0,168.0,5064.0,5064.0,232.0,168.0,3686.0,3686.0,3686.0
2025-09-15 20:37:30,000000202610.jpg,CPU4,16.389846801757812,49.99208450317383,0.1304149627685547,61.08495903015137,186.32049894332886,0.4860565662384033,5064.0,5064.0,232.0,172.0,5064.0,5064.0,232.0,172.0,5064.0,5064.0,232.0,172.0,3727.0,3727.0,3727.0
2025-09-15 20:37:31,000000523301.jpg,CPU4,22.323131561279297,47.707557678222656,0.12969970703125,84.09123659133911,179.71436977386475,0.48857879638671875,5064.0,5064.0,232.0,172.0,5064.0,5064.0,232.0,172.0,5064.0,5064.0,232.0,172.0,3767.0,3767.0,3767.0
2025-09-15 20:37:32,000000268160.jpg,CPU4,15.516519546508789,45.87149620056152,0.1361370086669922,57.1938910484314,169.08233499526978,0.5018010139465332,5064.0,5064.0,232.0,172.0,5064.0,5064.0,232.0,172.0,5064.0,5064.0,232.0,172.0,3686.0,3686.0,3686.0
2025-09-15 20:37:33,000000394235.jpg,CPU4,16.412019729614258,45.65691947937012,0.15974044799804688,61.16759753227234,170.16333889961243,0.5953526496887207,5064.0,5064.0,232.0,172.0,5064.0,5064.0,232.0,172.0,5064.0,5064.0,232.0,172.0,3727.0,3727.0,3727.0
2025-09-15 20:37:34,000000574767.jpg,CPU4,20.17807960510254,50.03070831298828,0.14638900756835938,75.20370268821716,186.46444988250732,0.5455918312072754,5064.0,5064.0,232.0,172.0,5064.0,5064.0,232.0,172.0,5064.0,5064.0,232.0,172.0,3727.0,3727.0,3727.0
2025-09-15 20:37:35,000000580153.jpg,CPU4,17.37189292907715,50.48775672912598,0.13947486877441406,64.74504494667053,188.16786932945251,0.5198228359222412,5064.0,5064.0,232.0,172.0,5064.0,5064.0,232.0,172.0,5064.0,5064.0,232.0,172.0,3727.0,3727.0,3727.0
2025-09-15 20:37:36,000000015974.jpg,CPU4,27.0383358001709,53.658246994018555,0.1327991485595703,101.85341095924377,202.1306164264679,0.5002543926239014,5064.0,5064.0,232.0,176.0,5064.0,5064.0,232.0,176.0,5064.0,5064.0,232.0,176.0,3767.0,3767.0,3767.0
2025-09-15 20:37:37,000000180192.jpg,CPU4,17.848491668701172,52.08015441894531,0.1366138458251953,67.96705627441406,198.32122802734375,0.5202255249023438,5064.0,5064.0,232.0,176.0,5064.0,5064.0,232.0,176.0,5064.0,5064.0,232.0,176.0,3808.0,3808.0,3808.0
2025-09-15 20:37:38,000000043410.jpg,CPU4,25.768280029296875,51.88870429992676,0.1556873321533203,98.1256103515625,197.5921859741211,0.5928573608398438,5064.0,5064.0,232.0,176.0,5064.0,5064.0,232.0,176.0,5064.0,5064.0,232.0,176.0,3808.0,3808.0,3808.0
2025-09-15 20:37:39,000000405337.jpg,CPU4,14.323711395263672,50.567626953125,0.11944770812988281,55.11764144897461,194.584228515625,0.45963478088378906,5064.0,5064.0,232.0,180.0,5064.0,5064.0,232.0,180.0,5064.0,5064.0,232.0,180.0,3848.0,3848.0,3848.0
2025-09-15 20:37:40,000000460720.jpg,CPU4,13.14687728881836,51.81765556335449,0.14829635620117188,51.654080867767334,203.5915687084198,0.5826563835144043,5064.0,5064.0,240.0,184.0,5064.0,5064.0,240.0,184.0,5064.0,5064.0,240.0,184.0,3929.0,3929.0,3929.0
2025-09-15 20:37:41,000000256466.jpg,CPU4,24.166345596313477,40.27748107910156,0.0782012939453125,93.98291802406311,156.63912391662598,0.3041248321533203,5064.0,5064.0,232.0,184.0,5064.0,5064.0,232.0,184.0,5064.0,5064.0,232.0,184.0,3889.0,3889.0,3889.0
2025-09-15 20:37:42,000000267869.jpg,CPU4,12.616872787475586,40.66967964172363,0.15997886657714844,50.00066685676575,161.17394042015076,0.6339962482452393,5056.0,5056.0,240.0,192.0,5056.0,5056.0,240.0,192.0,5056.0,5056.0,240.0,192.0,3963.0,3963.0,3963.0
2025-09-15 20:37:43,000000395808.jpg,CPU4,13.283252716064453,51.74589157104492,0.15115737915039062,51.57887029647827,190.73535633087158,0.5571660995483398,5056.0,5056.0,232.0,184.0,5064.0,5064.0,232.0,168.0,5064.0,5064.0,232.0,168.0,3883.0,3686.0,3686.0
2025-09-15 20:37:45,000000212240.jpg,CPU4,11.864900588989258,52.89411544799805,0.11324882507324219,44.220484495162964,197.13636827468872,0.42207837104797363,5064.0,5064.0,232.0,172.0,5064.0,5064.0,232.0,172.0,5064.0,5064.0,232.0,172.0,3727.0,3727.0,3727.0
2025-09-15 20:37:46,000000149619.jpg,CPU4,19.58632469177246,52.78325080871582,0.1304149627685547,73.78168511390686,198.8345057964325,0.4912731647491455,5064.0,5064.0,232.0,172.0,5064.0,5064.0,232.0,172.0,5064.0,5064.0,232.0,172.0,3767.0,3767.0,3767.0
2025-09-15 20:37:47,000000161769.jpg,CPU4,15.496015548706055,54.467201232910156,0.13375282287597656,57.753649950027466,202.99925899505615,0.49849677085876465,5064.0,5064.0,232.0,172.0,5064.0,5064.0,232.0,172.0,5064.0,5064.0,232.0,172.0,3727.0,3727.0,3727.0
2025-09-15 20:37:48,000000102853.jpg,CPU4,14.320611953735352,52.391767501831055,0.1373291015625,53.94574522972107,197.35978817939758,0.5173187255859375,5064.0,5064.0,232.0,172.0,5064.0,5064.0,232.0,172.0,5064.0,5064.0,232.0,172.0,3767.0,3767.0,3767.0
2025-09-15 20:37:49,000000428202.jpg,CPU4,13.743400573730469,50.93097686767578,0.1277923583984375,51.22165393829346,189.81975078582764,0.47628211975097656,5064.0,5064.0,232.0,172.0,5064.0,5064.0,232.0,172.0,5064.0,5064.0,232.0,172.0,3727.0,3727.0,3727.0
2025-09-15 20:37:50,000000355271.jpg,CPU4,12.885570526123047,53.468942642211914,0.10991096496582031,48.53994417190552,201.41750693321228,0.4140346050262451,5064.0,5064.0,232.0,172.0,5064.0,5064.0,232.0,172.0,5064.0,5064.0,232.0,172.0,3767.0,3767.0,3767.0
2025-09-15 20:37:51,000000039461.jpg,CPU4,19.833087921142578,53.79748344421387,0.13637542724609375,74.71124219894409,202.65512013435364,0.5137262344360352,5064.0,5064.0,232.0,172.0,5064.0,5064.0,232.0,172.0,5064.0,5064.0,232.0,172.0,3767.0,3767.0,3767.0
2025-09-15 20:37:52,000000115377.jpg,CPU4,20.18260955810547,53.48944664001465,0.14448165893554688,76.0278902053833,201.49474549293518,0.5442624092102051,5064.0,5064.0,232.0,176.0,5064.0,5064.0,232.0,176.0,5064.0,5064.0,232.0,176.0,3767.0,3767.0,3767.0
2025-09-15 20:37:53,000000537034.jpg,CPU4,16.130685806274414,52.35624313354492,0.12683868408203125,61.42565155029297,199.37257385253906,0.483001708984375,5064.0,5064.0,232.0,176.0,5064.0,5064.0,232.0,176.0,5064.0,5064.0,232.0,176.0,3808.0,3808.0,3808.0
2025-09-15 20:37:54,000000577915.jpg,CPU4,16.457796096801758,52.660226821899414,0.14066696166992188,63.329599380493164,202.63655281066895,0.5412864685058594,5064.0,5064.0,232.0,180.0,5064.0,5064.0,232.0,180.0,5064.0,5064.0,232.0,180.0,3848.0,3848.0,3848.0
2025-09-15 20:37:55,000000192215.jpg,CPU4,11.705398559570312,52.899837493896484,0.13184547424316406,45.04237365722656,203.55857467651367,0.5073413848876953,5064.0,5064.0,232.0,180.0,5064.0,5064.0,232.0,180.0,5064.0,5064.0,232.0,180.0,3848.0,3848.0,3848.0
2025-09-15 20:37:56,000000132498.jpg,CPU4,13.228416442871094,52.18958854675293,0.1304149627685547,51.445311546325684,202.96530985832214,0.5071837902069092,5064.0,5064.0,232.0,180.0,5064.0,5064.0,232.0,180.0,5064.0,5064.0,232.0,180.0,3889.0,3889.0,3889.0
2025-09-15 20:37:57,000000110847.jpg,CPU4,16.24321937561035,46.88763618469238,0.16188621520996094,63.16988015174866,182.34601712226868,0.6295754909515381,5064.0,5064.0,232.0,184.0,5064.0,5064.0,232.0,184.0,5064.0,5064.0,232.0,184.0,3889.0,3889.0,3889.0
2025-09-15 20:37:58,000000265413.jpg,CPU4,15.836715698242188,48.37751388549805,0.12278556823730469,61.58898735046387,183.22983384132385,0.4525876045227051,5056.0,5056.0,232.0,184.0,5064.0,5060.0,232.0,178.0,5064.0,5064.0,232.0,172.0,3889.0,3787.5,3686.0
2025-09-15 20:38:00,000000318835.jpg,CPU4,13.348102569580078,50.14300346374512,0.13756752014160156,49.74837827682495,186.88297390937805,0.512714147567749,5064.0,5064.0,232.0,172.0,5064.0,5064.0,232.0,172.0,5064.0,5064.0,232.0,172.0,3727.0,3727.0,3727.0
2025-09-15 20:38:01,000000140819.jpg,CPU4,16.414880752563477,50.74882507324219,0.141143798828125,61.17826056480408,189.14087104797363,0.5260429382324219,5064.0,5064.0,232.0,172.0,5064.0,5064.0,232.0,172.0,5064.0,5064.0,232.0,172.0,3727.0,3727.0,3727.0
2025-09-15 20:38:02,000000125068.jpg,CPU4,14.61482048034668,53.53116989135742,0.1308917999267578,54.469435930252075,199.5106701850891,0.48783373832702637,5064.0,5064.0,232.0,172.0,5064.0,5064.0,232.0,172.0,5064.0,5064.0,232.0,172.0,3727.0,3727.0,3727.0
2025-09-15 20:38:03,000000473049.jpg,CPU4,14.790058135986328,54.244279861450195,0.11587142944335938,54.516154289245605,199.94441556930542,0.42710208892822266,5064.0,5064.0,232.0,172.0,5064.0,5064.0,232.0,172.0,5064.0,5064.0,232.0,172.0,3686.0,3686.0,3686.0
2025-09-15 20:38:04,000000498485.jpg,CPU4,16.987085342407227,48.93136024475098,0.133514404296875,63.31086707115173,182.3671796321869,0.4976081848144531,5064.0,5064.0,232.0,172.0,5064.0,5064.0,232.0,172.0,5064.0,5064.0,232.0,172.0,3727.0,3727.0,3727.0
2025-09-15 20:38:05,000000473738.jpg,CPU4,14.421224594116211,50.98080635070801,0.12350082397460938,54.32475304603577,192.04469752311707,0.4652276039123535,5064.0,5064.0,232.0,172.0,5064.0,5064.0,232.0,172.0,5064.0,5064.0,232.0,172.0,3767.0,3767.0,3767.0
2025-09-15 20:38:06,000000140086.jpg,CPU4,18.934011459350586,49.74937438964844,0.1556873321533203,70.56706070899963,185.41591835021973,0.5802466869354248,5064.0,5064.0,232.0,172.0,5064.0,5064.0,232.0,172.0,5064.0,5064.0,232.0,172.0,3727.0,3727.0,3727.0
2025-09-15 20:38:07,000000443997.jpg,CPU4,15.257120132446289,51.303863525390625,0.1270771026611328,57.47357153892517,193.26165390014648,0.4786994457244873,5064.0,5064.0,232.0,176.0,5064.0,5064.0,232.0,176.0,5064.0,5064.0,232.0,176.0,3767.0,3767.0,3767.0
2025-09-15 20:38:08,000000316376.jpg,CPU4,23.560047149658203,53.29704284667969,0.11777877807617188,89.71665954589844,202.95513916015625,0.4485015869140625,5064.0,5064.0,232.0,176.0,5064.0,5064.0,232.0,176.0,5064.0,5064.0,232.0,176.0,3808.0,3808.0,3808.0
2025-09-15 20:38:09,000000476854.jpg,CPU4,12.654781341552734,50.942420959472656,0.11038780212402344,48.69559860229492,196.02643585205078,0.4247722625732422,5064.0,5064.0,232.0,176.0,5064.0,5064.0,232.0,176.0,5064.0,5064.0,232.0,176.0,3848.0,3848.0,3848.0
2025-09-15 20:38:10,000000194982.jpg,CPU4,9.160518646240234,51.78403854370117,0.15854835510253906,35.24967575073242,199.2649803161621,0.6100940704345703,5064.0,5064.0,232.0,180.0,5064.0,5064.0,232.0,180.0,5064.0,5064.0,232.0,180.0,3848.0,3848.0,3848.0
2025-09-15 20:38:11,000000454997.jpg,CPU4,13.892173767089844,53.519248962402344,0.11515617370605469,54.0266637802124,208.13635921478271,0.4478423595428467,5064.0,5064.0,232.0,180.0,5064.0,5064.0,232.0,180.0,5064.0,5064.0,232.0,180.0,3889.0,3889.0,3889.0
2025-09-15 20:38:12,000000113027.jpg,CPU4,16.989469528198242,52.317142486572266,0.12826919555664062,66.07204699516296,203.46136713027954,0.4988389015197754,5064.0,5064.0,232.0,184.0,5064.0,5064.0,232.0,184.0,5064.0,5064.0,232.0,184.0,3889.0,3889.0,3889.0
2025-09-15 20:38:13,000000565059.jpg,CPU4,17.586469650268555,41.75233840942383,0.09942054748535156,69.09723925590515,164.04493761062622,0.3906233310699463,5056.0,5056.0,232.0,184.0,5056.0,5056.0,232.0,184.0,5056.0,5056.0,232.0,184.0,3929.0,3929.0,3929.0
2025-09-15 20:38:15,000000484454.jpg,CPU4,11.133432388305664,46.198129653930664,0.13685226440429688,41.93963980674744,170.28630590438843,0.5044374465942383,5064.0,5060.0,232.0,176.0,5064.0,5064.0,232.0,168.0,5064.0,5064.0,232.0,168.0,3767.0,3686.0,3686.0
2025-09-15 20:38:16,000000158752.jpg,CPU4,13.61227035522461,49.9725341796875,0.12540817260742188,50.73293161392212,186.2476348876953,0.46739625930786133,5064.0,5064.0,232.0,172.0,5064.0,5064.0,232.0,172.0,5064.0,5064.0,232.0,172.0,3727.0,3727.0,3727.0
2025-09-15 20:38:17,000000206230.jpg,CPU4,18.0816650390625,51.39446258544922,0.11682510375976562,67.39036560058594,191.54716205596924,0.4354071617126465,5064.0,5064.0,232.0,172.0,5064.0,5064.0,232.0,172.0,5064.0,5064.0,232.0,172.0,3727.0,3727.0,3727.0
2025-09-15 20:38:18,000000196767.jpg,CPU4,12.858867645263672,53.16472053527832,0.14257431030273438,47.924999713897705,198.1449134349823,0.531374454498291,5064.0,5064.0,232.0,172.0,5064.0,5064.0,232.0,172.0,5064.0,5064.0,232.0,172.0,3727.0,3727.0,3727.0
2025-09-15 20:38:19,000000551758.jpg,CPU4,15.372991561889648,53.12514305114746,0.12540817260742188,57.29513955116272,197.9974081516266,0.46739625930786133,5064.0,5064.0,232.0,172.0,5064.0,5064.0,232.0,172.0,5064.0,5064.0,232.0,172.0,3727.0,3727.0,3727.0
2025-09-15 20:38:20,000000474048.jpg,CPU4,16.246557235717773,52.50954627990723,0.15234947204589844,61.20078110694885,197.80346083641052,0.5739004611968994,5064.0,5064.0,232.0,172.0,5064.0,5064.0,232.0,172.0,5064.0,5064.0,232.0,172.0,3767.0,3767.0,3767.0
2025-09-15 20:38:21,000000117495.jpg,CPU4,9.123563766479492,53.262948989868164,0.12493133544921875,34.00352215766907,198.51101088523865,0.4656190872192383,5064.0,5064.0,232.0,172.0,5064.0,5064.0,232.0,172.0,5064.0,5064.0,232.0,172.0,3727.0,3727.0,3727.0
2025-09-15 20:38:22,000000244783.jpg,CPU4,16.038179397583008,52.54077911376953,0.1304149627685547,60.41582179069519,197.92111492156982,0.4912731647491455,5064.0,5064.0,232.0,172.0,5064.0,5064.0,232.0,172.0,5064.0,5064.0,232.0,172.0,3767.0,3767.0,3767.0
2025-09-15 20:38:23,000000448578.jpg,CPU4,15.488386154174805,52.50978469848633,0.12969970703125,58.979774475097656,199.95726013183594,0.493896484375,5064.0,5064.0,232.0,176.0,5064.0,5064.0,232.0,176.0,5064.0,5064.0,232.0,176.0,3808.0,3808.0,3808.0
2025-09-15 20:38:24,000000299476.jpg,CPU4,10.063648223876953,50.17542839050293,0.1251697540283203,37.90976285934448,189.01083874702454,0.4715144634246826,5064.0,5064.0,232.0,176.0,5064.0,5064.0,232.0,176.0,5064.0,5064.0,232.0,176.0,3767.0,3767.0,3767.0
2025-09-15 20:38:25,000000039158.jpg,CPU4,17.188549041748047,50.077199935913086,0.11014938354492188,65.45399475097656,190.69397735595703,0.4194488525390625,5064.0,5064.0,232.0,176.0,5064.0,5064.0,232.0,176.0,5064.0,5064.0,232.0,176.0,3808.0,3808.0,3808.0
2025-09-15 20:38:26,000000174445.jpg,CPU4,18.993616104125977,51.903486251831055,0.11897087097167969,73.08743476867676,199.7246150970459,0.45779991149902344,5064.0,5064.0,232.0,180.0,5064.0,5064.0,232.0,180.0,5064.0,5064.0,232.0,180.0,3848.0,3848.0,3848.0
2025-09-15 20:38:27,000000286107.jpg,CPU4,17.496109008789062,50.21405220031738,0.12063980102539062,68.04236793518066,195.2824490070343,0.46916818618774414,5064.0,5064.0,232.0,180.0,5064.0,5064.0,232.0,180.0,5064.0,5064.0,232.0,180.0,3889.0,3889.0,3889.0
2025-09-15 20:38:28,000000063449.jpg,CPU4,15.845060348510742,50.38595199584961,0.12826919555664062,62.255242109298706,197.96640539169312,0.503969669342041,5064.0,5064.0,232.0,184.0,5064.0,5064.0,232.0,184.0,5064.0,5064.0,232.0,184.0,3929.0,3929.0,3929.0
2025-09-15 20:38:29,000000152814.jpg,CPU4,12.44354248046875,42.9685115814209,0.08416175842285156,47.88275146484375,165.34283256530762,0.3238544464111328,5064.0,5060.0,232.0,184.0,5064.0,5060.0,232.0,184.0,5064.0,5060.0,232.0,184.0,3848.0,3848.0,3848.0
2025-09-15 20:38:31,000000058205.jpg,CPU4,15.234231948852539,47.1799373626709,0.14638900756835938,56.77798247337341,175.83962655067444,0.5455918312072754,5064.0,5064.0,232.0,172.0,5064.0,5064.0,232.0,172.0,5064.0,5064.0,232.0,172.0,3727.0,3727.0,3727.0
2025-09-15 20:38:32,000000533560.jpg,CPU4,16.09063148498535,47.119855880737305,0.1366138458251953,59.969783544540405,175.61570286750793,0.5091598033905029,5064.0,5064.0,232.0,172.0,5064.0,5064.0,232.0,172.0,5064.0,5064.0,232.0,172.0,3727.0,3727.0,3727.0
2025-09-15 20:38:33,000000120641.jpg,CPU4,15.512228012084961,47.925710678100586,0.11134147644042969,57.178072452545166,176.65416955947876,0.41040468215942383,5064.0,5064.0,232.0,172.0,5064.0,5064.0,232.0,172.0,5064.0,5064.0,232.0,172.0,3686.0,3686.0,3686.0
2025-09-15 20:38:34,000000325053.jpg,CPU4,21.491050720214844,46.84185981750488,0.13566017150878906,80.09714603424072,174.5796115398407,0.5056054592132568,5064.0,5064.0,232.0,172.0,5064.0,5064.0,232.0,172.0,5064.0,5064.0,232.0,172.0,3727.0,3727.0,3727.0
2025-09-15 20:38:35,000000134359.jpg,CPU4,22.822856903076172,50.801992416381836,0.11801719665527344,85.97370195388794,191.37110543251038,0.44457077980041504,5064.0,5064.0,232.0,172.0,5064.0,5064.0,232.0,172.0,5064.0,5064.0,232.0,172.0,3767.0,3767.0,3767.0
2025-09-15 20:38:36,000000427535.jpg,CPU4,13.584613800048828,52.76370048522949,0.12040138244628906,50.62985563278198,196.65031170845032,0.44873595237731934,5064.0,5064.0,232.0,172.0,5064.0,5064.0,232.0,172.0,5064.0,5064.0,232.0,172.0,3727.0,3727.0,3727.0
2025-09-15 20:38:37,000000504678.jpg,CPU4,12.537240982055664,54.122209548950195,0.17023086547851562,47.22778677940369,203.87836337089539,0.6412596702575684,5064.0,5064.0,232.0,172.0,5064.0,5064.0,232.0,172.0,5064.0,5064.0,232.0,172.0,3767.0,3767.0,3767.0
2025-09-15 20:38:38,000000471467.jpg,CPU4,15.862464904785156,53.54619026184082,0.14734268188476562,59.753905296325684,201.70849871635437,0.5550398826599121,5064.0,5064.0,232.0,176.0,5064.0,5064.0,232.0,176.0,5064.0,5064.0,232.0,176.0,3767.0,3767.0,3767.0
2025-09-15 20:38:39,000000466667.jpg,CPU4,16.19243621826172,52.463531494140625,0.1442432403564453,60.996907234191895,197.63012313842773,0.5433642864227295,5064.0,5064.0,232.0,176.0,5064.0,5064.0,232.0,176.0,5064.0,5064.0,232.0,176.0,3767.0,3767.0,3767.0
2025-09-15 20:38:40,000000570421.jpg,CPU4,18.213510513305664,52.954673767089844,0.1347064971923828,69.35704803466797,201.65139770507812,0.5129623413085938,5064.0,5064.0,232.0,176.0,5064.0,5064.0,232.0,176.0,5064.0,5064.0,232.0,176.0,3808.0,3808.0,3808.0
2025-09-15 20:38:41,000000133107.jpg,CPU4,24.738550186157227,50.04763603210449,0.1327991485595703,96.20822167396545,194.63525652885437,0.516455888748169,5064.0,5064.0,232.0,180.0,5064.0,5064.0,232.0,180.0,5064.0,5064.0,232.0,180.0,3889.0,3889.0,3889.0
2025-09-15 20:38:42,000000369583.jpg,CPU4,15.552282333374023,48.33650588989258,0.1327991485595703,60.48282599449158,187.98067140579224,0.516455888748169,5064.0,5064.0,232.0,180.0,5064.0,5064.0,232.0,180.0,5064.0,5064.0,232.0,180.0,3889.0,3889.0,3889.0
2025-09-15 20:38:43,000000067918.jpg,CPU4,17.444610595703125,51.15699768066406,0.17571449279785156,68.53987503051758,200.9958438873291,0.6903822422027588,5064.0,5064.0,240.0,188.0,5064.0,5064.0,240.0,188.0,5064.0,5064.0,240.0,188.0,3929.0,3929.0,3929.0
2025-09-15 20:38:44,000000488222.jpg,CPU4,12.054204940795898,44.632673263549805,0.14853477478027344,47.360971212387085,175.36177325248718,0.5835931301116943,5064.0,5064.0,232.0,184.0,5064.0,5064.0,232.0,184.0,5064.0,5064.0,232.0,184.0,3929.0,3929.0,3929.0
2025-09-15 20:38:45,000000275629.jpg,CPU4,14.514684677124023,37.44912147521973,0.09822845458984375,55.85250663757324,141.83854758739471,0.36609745025634766,5056.0,5056.0,232.0,184.0,5064.0,5060.0,232.0,178.0,5064.0,5064.0,232.0,172.0,3848.0,3787.5,3727.0
2025-09-15 20:38:47,000000312759.jpg,CPU4,18.117189407348633,49.76701736450195,0.14972686767578125,67.52276492118835,185.48167371749878,0.5580320358276367,5064.0,5064.0,232.0,172.0,5064.0,5064.0,232.0,172.0,5064.0,5064.0,232.0,172.0,3727.0,3727.0,3727.0
2025-09-15 20:38:48,000000024178.jpg,CPU4,13.451576232910156,51.58686637878418,0.11610984802246094,49.582509994506836,190.1491894721985,0.427980899810791,5064.0,5064.0,232.0,172.0,5064.0,5064.0,232.0,172.0,5064.0,5064.0,232.0,172.0,3686.0,3686.0,3686.0
2025-09-15 20:38:49,000000159913.jpg,CPU4,16.4029598236084,52.072763442993164,0.12159347534179688,60.46130990982056,191.9402060508728,0.4481935501098633,5064.0,5064.0,232.0,172.0,5064.0,5064.0,232.0,172.0,5064.0,5064.0,232.0,172.0,3686.0,3686.0,3686.0
2025-09-15 20:38:50,000000350011.jpg,CPU4,13.64445686340332,50.09341239929199,0.11610984802246094,50.852890729904175,186.69814801216125,0.4327414035797119,5064.0,5064.0,232.0,172.0,5064.0,5064.0,232.0,172.0,5064.0,5064.0,232.0,172.0,3727.0,3727.0,3727.0
2025-09-15 20:38:51,000000079916.jpg,CPU4,15.163421630859375,54.69083786010742,0.13256072998046875,56.51407241821289,203.83275270462036,0.49405384063720703,5064.0,5064.0,232.0,172.0,5064.0,5064.0,232.0,172.0,5064.0,5064.0,232.0,172.0,3727.0,3727.0,3727.0
2025-09-15 20:38:52,000000007754.jpg,CPU4,16.222715377807617,53.60865592956543,0.12302398681640625,60.46206021308899,199.79946064949036,0.4585103988647461,5064.0,5064.0,232.0,172.0,5064.0,5064.0,232.0,172.0,5064.0,5064.0,232.0,172.0,3727.0,3727.0,3727.0
2025-09-15 20:38:53,000000263203.jpg,CPU4,15.092134475708008,53.72452735900879,0.118255615234375,56.852070569992065,202.3802945613861,0.4454689025878906,5064.0,5064.0,232.0,172.0,5064.0,5064.0,232.0,172.0,5064.0,5064.0,232.0,172.0,3767.0,3767.0,3767.0
2025-09-15 20:38:54,000000363345.jpg,CPU4,11.089563369750977,53.81298065185547,0.11277198791503906,41.77438521385193,202.71349811553955,0.42481207847595215,5064.0,5064.0,232.0,176.0,5064.0,5064.0,232.0,176.0,5064.0,5064.0,232.0,176.0,3767.0,3767.0,3767.0
2025-09-15 20:38:55,000000213336.jpg,CPU4,17.30823516845703,53.276777267456055,0.1239776611328125,65.90975952148438,202.87796783447266,0.47210693359375,5064.0,5064.0,232.0,176.0,5064.0,5064.0,232.0,176.0,5064.0,5064.0,232.0,176.0,3808.0,3808.0,3808.0
2025-09-15 20:38:56,000000554223.jpg,CPU4,19.620180130004883,51.011085510253906,0.11897087097167969,74.7136459350586,194.25021362304688,0.45304107666015625,5064.0,5064.0,232.0,176.0,5064.0,5064.0,232.0,176.0,5064.0,5064.0,232.0,176.0,3808.0,3808.0,3808.0
2025-09-15 20:38:57,000000182823.jpg,CPU4,16.452550888061523,53.53379249572754,0.12683868408203125,63.30941581726074,205.99803352355957,0.48807525634765625,5064.0,5060.0,232.0,180.0,5064.0,5060.0,232.0,180.0,5064.0,5060.0,232.0,180.0,3848.0,3848.0,3848.0
2025-09-15 20:38:58,000000120760.jpg,CPU4,12.292861938476562,51.99599266052246,0.1239776611328125,47.80694007873535,202.21241545677185,0.4821491241455078,5064.0,5064.0,232.0,180.0,5064.0,5064.0,232.0,180.0,5064.0,5064.0,232.0,180.0,3889.0,3889.0,3889.0
2025-09-15 20:38:59,000000380439.jpg,CPU4,15.352964401245117,53.85923385620117,0.133514404296875,59.70767855644226,209.45856046676636,0.5192375183105469,5064.0,5064.0,232.0,180.0,5064.0,5064.0,232.0,180.0,5064.0,5064.0,232.0,180.0,3889.0,3889.0,3889.0
2025-09-15 20:39:00,000000407376.jpg,CPU4,16.79229736328125,49.83949661254883,0.15854835510253906,65.30524444580078,193.8258023262024,0.6165945529937744,5064.0,5064.0,232.0,184.0,5064.0,5064.0,232.0,184.0,5064.0,5064.0,232.0,184.0,3889.0,3889.0,3889.0
2025-09-15 20:39:02,000000186959.jpg,CPU4,23.04816246032715,48.16293716430664,0.09632110595703125,89.63430380821228,177.52858638763428,0.3550395965576172,5056.0,5056.0,232.0,184.0,5064.0,5064.0,232.0,168.0,5064.0,5064.0,232.0,168.0,3889.0,3686.0,3686.0
2025-09-15 20:39:03,000000275188.jpg,CPU4,14.938116073608398,52.47759819030762,0.17118453979492188,55.06189584732056,193.43242692947388,0.630986213684082,5064.0,5064.0,232.0,172.0,5064.0,5064.0,232.0,172.0,5064.0,5064.0,232.0,172.0,3686.0,3686.0,3686.0
2025-09-15 20:39:04,000000271598.jpg,CPU4,17.912864685058594,49.87597465515137,0.12946128845214844,66.76124668121338,185.88775753974915,0.4825022220611572,5064.0,5064.0,232.0,172.0,5064.0,5064.0,232.0,172.0,5064.0,5064.0,232.0,172.0,3727.0,3727.0,3727.0
2025-09-15 20:39:05,000000514869.jpg,CPU4,31.33845329284668,51.10764503479004,0.13208389282226562,115.51353883743286,188.38277959823608,0.4868612289428711,5064.0,5064.0,232.0,172.0,5064.0,5064.0,232.0,172.0,5064.0,5064.0,232.0,172.0,3686.0,3686.0,3686.0
2025-09-15 20:39:06,000000296726.jpg,CPU4,13.035058975219727,52.79278755187988,0.14019012451171875,48.58166480064392,196.75871920585632,0.5224885940551758,5064.0,5064.0,232.0,172.0,5064.0,5064.0,232.0,172.0,5064.0,5064.0,232.0,172.0,3727.0,3727.0,3727.0
2025-09-15 20:39:07,000000416833.jpg,CPU4,15.301704406738281,50.86684226989746,0.14090538024902344,57.641520500183105,191.61539483070374,0.5307905673980713,5064.0,5064.0,232.0,172.0,5064.0,5064.0,232.0,172.0,5064.0,5064.0,232.0,172.0,3767.0,3767.0,3767.0
2025-09-15 20:39:08,000000172898.jpg,CPU4,19.100666046142578,50.789833068847656,0.14019012451171875,71.95220899581909,191.32530117034912,0.5280961990356445,5064.0,5064.0,232.0,172.0,5064.0,5064.0,232.0,172.0,5064.0,5064.0,232.0,172.0,3767.0,3767.0,3767.0
2025-09-15 20:39:09,000000073294.jpg,CPU4,15.55013656616211,49.42965507507324,0.1239776611328125,58.577364444732666,186.2015106678009,0.4670238494873047,5064.0,5064.0,232.0,176.0,5064.0,5064.0,232.0,176.0,5064.0,5064.0,232.0,176.0,3767.0,3767.0,3767.0
2025-09-15 20:39:10,000000054131.jpg,CPU4,18.151044845581055,53.8477897644043,0.12326240539550781,69.11917877197266,205.05238342285156,0.46938323974609375,5064.0,5064.0,232.0,176.0,5064.0,5064.0,232.0,176.0,5064.0,5064.0,232.0,176.0,3808.0,3808.0,3808.0
2025-09-15 20:39:11,000000494227.jpg,CPU4,14.90330696105957,52.100181579589844,0.15544891357421875,56.751792907714844,198.39749145507812,0.591949462890625,5064.0,5064.0,232.0,176.0,5064.0,5064.0,232.0,176.0,5064.0,5064.0,232.0,176.0,3808.0,3808.0,3808.0
2025-09-15 20:39:12,000000362961.jpg,CPU4,15.649795532226562,52.951812744140625,0.11086463928222656,60.22041320800781,203.75857543945312,0.4266071319580078,5064.0,5060.0,232.0,180.0,5064.0,5060.0,232.0,180.0,5064.0,5060.0,232.0,180.0,3848.0,3848.0,3848.0
2025-09-15 20:39:13,000000049806.jpg,CPU4,16.733407974243164,52.32739448547363,0.11205673217773438,65.07622361183167,203.50123715400696,0.435788631439209,5064.0,5064.0,232.0,180.0,5064.0,5064.0,232.0,180.0,5064.0,5064.0,232.0,180.0,3889.0,3889.0,3889.0
2025-09-15 20:39:14,000000315917.jpg,CPU4,15.559911727905273,52.982330322265625,0.11491775512695312,60.51249670982361,206.04828262329102,0.4469151496887207,5064.0,5060.0,232.0,184.0,5064.0,5060.0,232.0,184.0,5064.0,5060.0,232.0,184.0,3889.0,3889.0,3889.0
2025-09-15 20:39:15,000000117550.jpg,CPU4,16.675710678100586,46.053171157836914,0.1506805419921875,65.5188672542572,180.94290947914124,0.5920238494873047,5064.0,5060.0,240.0,188.0,5064.0,5060.0,240.0,188.0,5064.0,5060.0,240.0,188.0,3929.0,3929.0,3929.0
2025-09-15 20:39:17,000000051929.jpg,CPU4,11.165380477905273,51.30195617675781,0.11014938354492188,43.42216467857361,194.30615901947021,0.40601062774658203,5056.0,5056.0,232.0,184.0,5064.0,5060.0,232.0,176.0,5064.0,5064.0,232.0,168.0,3889.0,3787.5,3686.0
2025-09-15 20:39:18,000000345039.jpg,CPU4,20.28346061706543,50.2772331237793,0.11014938354492188,75.59645771980286,187.38324785232544,0.41052675247192383,5064.0,5064.0,232.0,172.0,5064.0,5064.0,232.0,172.0,5064.0,5064.0,232.0,172.0,3727.0,3727.0,3727.0
2025-09-15 20:39:19,000000181476.jpg,CPU4,18.337488174438477,51.70416831970215,0.11229515075683594,69.07731795310974,194.769602060318,0.423015832901001,5064.0,5064.0,232.0,172.0,5064.0,5064.0,232.0,172.0,5064.0,5064.0,232.0,172.0,3767.0,3767.0,3767.0
2025-09-15 20:39:20,000000078722.jpg,CPU4,18.258333206176758,52.4144172668457,0.1125335693359375,68.04880785942078,195.34853315353394,0.41941261291503906,5064.0,5064.0,232.0,172.0,5064.0,5064.0,232.0,172.0,5064.0,5064.0,232.0,172.0,3727.0,3727.0,3727.0
2025-09-15 20:39:21,000000528790.jpg,CPU4,13.870477676391602,51.894426345825195,0.12922286987304688,51.6952702999115,193.4105269908905,0.4816136360168457,5064.0,5064.0,232.0,172.0,5064.0,5064.0,232.0,172.0,5064.0,5064.0,232.0,172.0,3727.0,3727.0,3727.0
2025-09-15 20:39:22,000000076035.jpg,CPU4,14.299154281616211,50.71878433227539,0.10633468627929688,53.86491417884827,191.0576605796814,0.40056276321411133,5064.0,5064.0,232.0,172.0,5064.0,5064.0,232.0,172.0,5064.0,5064.0,232.0,172.0,3767.0,3767.0,3767.0
2025-09-15 20:39:23,000000533806.jpg,CPU4,20.050525665283203,52.817344665527344,0.148773193359375,75.53033018112183,198.9629373550415,0.5604286193847656,5064.0,5064.0,232.0,172.0,5064.0,5064.0,232.0,172.0,5064.0,5064.0,232.0,172.0,3767.0,3767.0,3767.0
2025-09-15 20:39:24,000000092242.jpg,CPU4,12.840986251831055,51.99146270751953,0.11086463928222656,48.37199521064758,195.85184001922607,0.41762709617614746,5064.0,5064.0,232.0,176.0,5064.0,5064.0,232.0,176.0,5064.0,5064.0,232.0,176.0,3767.0,3767.0,3767.0
2025-09-15 20:39:25,000000061912.jpg,CPU4,17.145872116088867,51.932334899902344,0.12135505676269531,65.2914810180664,197.75833129882812,0.46212005615234375,5064.0,5064.0,232.0,176.0,5064.0,5064.0,232.0,176.0,5064.0,5064.0,232.0,176.0,3808.0,3808.0,3808.0
2025-09-15 20:39:26,000000099366.jpg,CPU4,14.478921890258789,49.962520599365234,0.13065338134765625,55.13573455810547,190.2572784423828,0.497528076171875,5064.0,5064.0,232.0,176.0,5064.0,5064.0,232.0,176.0,5064.0,5064.0,232.0,176.0,3808.0,3808.0,3808.0
2025-09-15 20:39:27,000000000171.jpg,CPU4,11.351823806762695,53.624868392944336,0.11587142944335938,43.68181800842285,206.3484935760498,0.4458732604980469,5064.0,5064.0,232.0,180.0,5064.0,5064.0,232.0,180.0,5064.0,5064.0,232.0,180.0,3848.0,3848.0,3848.0
2025-09-15 20:39:28,000000265668.jpg,CPU4,22.077560424804688,53.55477333068848,0.11849403381347656,85.85963249206543,208.27451348304749,0.46082329750061035,5064.0,5064.0,240.0,184.0,5064.0,5064.0,240.0,184.0,5064.0,5064.0,240.0,184.0,3889.0,3889.0,3889.0
2025-09-15 20:39:29,000000049198.jpg,CPU4,12.357711791992188,57.44433403015137,0.1430511474609375,47.55247497558594,221.04579734802246,0.5504608154296875,5064.0,5064.0,232.0,180.0,5064.0,5064.0,232.0,180.0,5064.0,5064.0,232.0,180.0,3848.0,3848.0,3848.0
2025-09-15 20:39:30,000000364483.jpg,CPU4,14.41812515258789,48.04039001464844,0.13589859008789062,56.07208871841431,186.82907676696777,0.5285096168518066,5056.0,5056.0,232.0,184.0,5056.0,5056.0,232.0,184.0,5056.0,5056.0,232.0,184.0,3889.0,3889.0,3889.0
2025-09-15 20:39:32,000000196705.jpg,CPU4,12.231588363647461,41.21136665344238,0.1499652862548828,47.568647146224976,160.27100491523743,0.5832149982452393,5056.0,5056.0,232.0,184.0,5056.0,5056.0,232.0,184.0,5056.0,5056.0,232.0,184.0,3889.0,3889.0,3889.0
2025-09-15 20:39:33,000000402819.jpg,CPU4,17.671823501586914,49.10922050476074,0.1747608184814453,65.86288619041443,181.0165867805481,0.6441683769226074,5064.0,5064.0,232.0,172.0,5064.0,5064.0,232.0,168.0,5064.0,5064.0,232.0,168.0,3727.0,3686.0,3686.0
2025-09-15 20:39:34,000000379695.jpg,CPU4,27.271509170532227,49.78203773498535,0.1285076141357422,101.64091467857361,185.5376546382904,0.47894787788391113,5064.0,5064.0,232.0,172.0,5064.0,5064.0,232.0,172.0,5064.0,5064.0,232.0,172.0,3727.0,3727.0,3727.0
2025-09-15 20:39:35,000000222589.jpg,CPU4,12.564420700073242,51.65576934814453,0.1373291015625,46.31245470046997,190.40316581726074,0.506195068359375,5064.0,5064.0,232.0,168.0,5064.0,5064.0,232.0,168.0,5064.0,5064.0,232.0,168.0,3686.0,3686.0,3686.0
2025-09-15 20:39:36,000000024598.jpg,CPU4,17.56429672241211,46.906471252441406,0.09465217590332031,65.46213388442993,174.82041835784912,0.3527686595916748,5064.0,5064.0,232.0,172.0,5064.0,5064.0,232.0,172.0,5064.0,5064.0,232.0,172.0,3727.0,3727.0,3727.0
2025-09-15 20:39:37,000000224143.jpg,CPU4,17.16923713684082,51.7270565032959,0.13637542724609375,63.98974680900574,192.7867395877838,0.5082712173461914,5064.0,5064.0,232.0,172.0,5064.0,5064.0,232.0,172.0,5064.0,5064.0,232.0,172.0,3727.0,3727.0,3727.0
2025-09-15 20:39:38,000000385221.jpg,CPU4,13.112068176269531,53.775787353515625,0.1266002655029297,48.86867809295654,200.42235946655273,0.47183918952941895,5064.0,5064.0,232.0,172.0,5064.0,5064.0,232.0,172.0,5064.0,5064.0,232.0,172.0,3727.0,3727.0,3727.0
2025-09-15 20:39:39,000000108344.jpg,CPU4,13.615846633911133,53.8334846496582,0.133514404296875,50.74626040458679,200.63739728927612,0.4976081848144531,5064.0,5064.0,232.0,172.0,5064.0,5064.0,232.0,172.0,5064.0,5064.0,232.0,172.0,3727.0,3727.0,3727.0
2025-09-15 20:39:40,000000089242.jpg,CPU4,15.377044677734375,53.31754684448242,0.1373291015625,57.92532730102539,200.84719896316528,0.5173187255859375,5064.0,5064.0,232.0,176.0,5064.0,5064.0,232.0,176.0,5064.0,5064.0,232.0,176.0,3767.0,3767.0,3767.0
2025-09-15 20:39:41,000000433175.jpg,CPU4,23.567676544189453,53.95650863647461,0.13947486877441406,87.83673048019409,201.09590768814087,0.5198228359222412,5064.0,5064.0,232.0,172.0,5064.0,5064.0,232.0,172.0,5064.0,5064.0,232.0,172.0,3727.0,3727.0,3727.0
2025-09-15 20:39:42,000000160063.jpg,CPU4,14.23335075378418,52.58893966674805,0.12493133544921875,53.617032289505005,198.1025357246399,0.47061634063720703,5064.0,5064.0,232.0,176.0,5064.0,5064.0,232.0,176.0,5064.0,5064.0,232.0,176.0,3767.0,3767.0,3767.0
2025-09-15 20:39:43,000000456401.jpg,CPU4,18.84007453918457,52.57844924926758,0.13136863708496094,72.49660682678223,202.32187271118164,0.5055065155029297,5064.0,5064.0,232.0,180.0,5064.0,5064.0,232.0,180.0,5064.0,5064.0,232.0,180.0,3848.0,3848.0,3848.0
2025-09-15 20:39:44,000000201354.jpg,CPU4,21.984577178955078,51.483869552612305,0.13685226440429688,83.71726989746094,196.05057525634766,0.5211334228515625,5064.0,5064.0,232.0,180.0,5064.0,5064.0,232.0,180.0,5064.0,5064.0,232.0,180.0,3808.0,3808.0,3808.0
2025-09-15 20:39:45,000000038333.jpg,CPU4,15.58375358581543,49.26180839538574,0.1327991485595703,60.605217695236206,191.57917284965515,0.516455888748169,5064.0,5060.0,232.0,184.0,5064.0,5060.0,232.0,184.0,5064.0,5060.0,232.0,184.0,3889.0,3889.0,3889.0
2025-09-15 20:39:47,000000121104.jpg,CPU4,14.120101928710938,45.29547691345215,0.15544891357421875,54.913076400756836,176.1541097164154,0.6045408248901367,5056.0,5056.0,232.0,184.0,5056.0,5056.0,232.0,184.0,5056.0,5056.0,232.0,184.0,3889.0,3889.0,3889.0
2025-09-15 20:39:48,000000258467.jpg,CPU4,14.201641082763672,43.20263862609863,0.11134147644042969,54.07984924316406,161.88028693199158,0.41040468215942383,5056.0,5056.0,232.0,180.0,5064.0,5060.0,232.0,174.0,5064.0,5064.0,232.0,168.0,3808.0,3747.0,3686.0
2025-09-15 20:39:49,000000091088.jpg,CPU4,11.730194091796875,46.08321189880371,0.12874603271484375,43.23749542236328,169.86271905899048,0.47455787658691406,5064.0,5064.0,232.0,172.0,5064.0,5064.0,232.0,172.0,5064.0,5064.0,232.0,172.0,3686.0,3686.0,3686.0
2025-09-15 20:39:50,000000265405.jpg,CPU4,28.882265090942383,54.075002670288086,0.1277923583984375,107.64420199394226,201.5375349521637,0.47628211975097656,5064.0,5064.0,232.0,172.0,5064.0,5064.0,232.0,172.0,5064.0,5064.0,232.0,172.0,3727.0,3727.0,3727.0
2025-09-15 20:39:51,000000338084.jpg,CPU4,19.358396530151367,51.21135711669922,0.1251697540283203,71.35504961013794,188.76506233215332,0.46137571334838867,5064.0,5064.0,232.0,172.0,5064.0,5064.0,232.0,172.0,5064.0,5064.0,232.0,172.0,3686.0,3686.0,3686.0
2025-09-15 20:39:52,000000029093.jpg,CPU4,9.282588958740234,50.41098594665527,0.12111663818359375,34.59620904922485,187.8817446231842,0.4514017105102539,5064.0,5064.0,232.0,172.0,5064.0,5064.0,232.0,172.0,5064.0,5064.0,232.0,172.0,3727.0,3727.0,3727.0
2025-09-15 20:39:53,000000024392.jpg,CPU4,16.252756118774414,54.121971130371094,0.11849403381347656,61.22413229942322,203.8774652481079,0.4463670253753662,5064.0,5064.0,232.0,172.0,5064.0,5064.0,232.0,172.0,5064.0,5064.0,232.0,172.0,3767.0,3767.0,3767.0
2025-09-15 20:39:54,000000133600.jpg,CPU4,14.550447463989258,52.3834228515625,0.11372566223144531,54.229517698287964,195.23301696777344,0.4238555431365967,5064.0,5064.0,232.0,172.0,5064.0,5064.0,232.0,172.0,5064.0,5064.0,232.0,172.0,3727.0,3727.0,3727.0
2025-09-15 20:39:55,000000167000.jpg,CPU4,14.69731330871582,52.4289608001709,0.13899803161621094,55.364779233932495,197.49989533424377,0.5236055850982666,5064.0,5064.0,232.0,172.0,5064.0,5064.0,232.0,172.0,5064.0,5064.0,232.0,172.0,3767.0,3767.0,3767.0
2025-09-15 20:39:56,000000039857.jpg,CPU4,19.432783126831055,52.16479301452637,0.1163482666015625,73.20329403877258,196.50477528572083,0.43828392028808594,5064.0,5064.0,232.0,176.0,5064.0,5064.0,232.0,176.0,5064.0,5064.0,232.0,176.0,3767.0,3767.0,3767.0
2025-09-15 20:39:57,000000383152.jpg,CPU4,12.542963027954102,53.89142036437988,0.1437664031982422,47.2493417263031,203.00898051261902,0.5415680408477783,5064.0,5064.0,232.0,176.0,5064.0,5064.0,232.0,176.0,5064.0,5064.0,232.0,176.0,3767.0,3767.0,3767.0
2025-09-15 20:39:58,000000195925.jpg,CPU4,15.143394470214844,50.48489570617676,0.14901161193847656,57.045166969299316,190.17660212516785,0.5613267421722412,5064.0,5064.0,232.0,176.0,5064.0,5064.0,232.0,176.0,5064.0,5064.0,232.0,176.0,3767.0,3767.0,3767.0
2025-09-15 20:39:59,000000239548.jpg,CPU4,16.88551902770996,51.80644989013672,0.15282630920410156,64.97547721862793,199.3512191772461,0.5880756378173828,5064.0,5064.0,232.0,180.0,5064.0,5064.0,232.0,180.0,5064.0,5064.0,232.0,180.0,3848.0,3848.0,3848.0
2025-09-15 20:40:00,000000267010.jpg,CPU4,19.35124397277832,51.12719535827637,0.1404285430908203,74.46358680725098,196.73744773864746,0.5403690338134766,5064.0,5060.0,232.0,180.0,5064.0,5060.0,232.0,180.0,5064.0,5060.0,232.0,180.0,3848.0,3848.0,3848.0
2025-09-15 20:40:02,000000555505.jpg,CPU4,12.803316116333008,53.89761924743652,0.14591217041015625,49.79209637641907,209.60784125328064,0.5674524307250977,5056.0,5056.0,232.0,184.0,5056.0,5056.0,232.0,184.0,5056.0,5056.0,232.0,184.0,3889.0,3889.0,3889.0
2025-09-15 20:40:03,000000270413.jpg,CPU4,17.379045486450195,46.758174896240234,0.11110305786132812,66.87456703186035,176.13804483413696,0.40952587127685547,5064.0,5060.0,232.0,184.0,5064.0,5062.0,232.0,178.0,5064.0,5064.0,232.0,172.0,3848.0,3767.0,3686.0
2025-09-15 20:40:04,000000151419.jpg,CPU4,23.344993591308594,48.293352127075195,0.141143798828125,86.04964637756348,178.00929594039917,0.5202560424804688,5064.0,5064.0,232.0,172.0,5064.0,5064.0,232.0,172.0,5064.0,5064.0,232.0,172.0,3686.0,3686.0,3686.0
2025-09-15 20:40:05,000000331048.jpg,CPU4,26.242494583129883,49.26037788391113,0.11610984802246094,97.80577731132507,183.5934283733368,0.4327414035797119,5064.0,5064.0,232.0,172.0,5064.0,5064.0,232.0,172.0,5064.0,5064.0,232.0,172.0,3727.0,3727.0,3727.0
2025-09-15 20:40:06,000000144966.jpg,CPU4,25.187015533447266,51.65576934814453,0.11324882507324219,92.83933925628662,190.40316581726074,0.4174351692199707,5064.0,5064.0,232.0,172.0,5064.0,5064.0,232.0,172.0,5064.0,5064.0,232.0,172.0,3686.0,3686.0,3686.0
2025-09-15 20:40:07,000000181884.jpg,CPU4,12.841224670410156,51.44929885864258,0.14138221740722656,47.85924434661865,191.7515368461609,0.5269315242767334,5064.0,5064.0,232.0,172.0,5064.0,5064.0,232.0,172.0,5064.0,5064.0,232.0,172.0,3727.0,3727.0,3727.0
2025-09-15 20:40:08,000000113574.jpg,CPU4,22.855758666992188,49.27182197570801,0.1361370086669922,86.09764289855957,185.60695338249207,0.5128281116485596,5064.0,5064.0,232.0,172.0,5064.0,5064.0,232.0,172.0,5064.0,5064.0,232.0,172.0,3767.0,3767.0,3767.0
2025-09-15 20:40:09,000000413890.jpg,CPU4,18.163204193115234,48.1867790222168,0.13327598571777344,67.69426202774048,179.592125415802,0.4967195987701416,5064.0,5064.0,232.0,172.0,5064.0,5064.0,232.0,172.0,5064.0,5064.0,232.0,172.0,3727.0,3727.0,3727.0
2025-09-15 20:40:10,000000082660.jpg,CPU4,17.255544662475586,49.576759338378906,0.12445449829101562,65.00163674354553,186.75565242767334,0.46882009506225586,5064.0,5064.0,232.0,176.0,5064.0,5064.0,232.0,176.0,5064.0,5064.0,232.0,176.0,3767.0,3767.0,3767.0
2025-09-15 20:40:11,000000502524.jpg,CPU4,14.885902404785156,49.57318305969238,0.11157989501953125,56.075194358825684,186.7421805858612,0.4203214645385742,5064.0,5064.0,232.0,176.0,5064.0,5064.0,232.0,176.0,5064.0,5064.0,232.0,176.0,3767.0,3767.0,3767.0
2025-09-15 20:40:12,000000269872.jpg,CPU4,13.008356094360352,49.40056800842285,0.15687942504882812,49.002477407455444,186.09193968772888,0.5909647941589355,5064.0,5064.0,232.0,176.0,5064.0,5064.0,232.0,176.0,5064.0,5064.0,232.0,176.0,3767.0,3767.0,3767.0
2025-09-15 20:40:13,000000301905.jpg,CPU4,14.957189559936523,51.77474021911621,0.12087821960449219,56.95697784423828,197.15821075439453,0.46030426025390625,5064.0,5060.0,232.0,176.0,5064.0,5060.0,232.0,176.0,5064.0,5060.0,232.0,176.0,3808.0,3808.0,3808.0
2025-09-15 20:40:14,000000375572.jpg,CPU4,14.358758926391602,52.210330963134766,0.12230873107910156,54.67815399169922,198.8169403076172,0.46575164794921875,5064.0,5064.0,232.0,180.0,5064.0,5064.0,232.0,180.0,5064.0,5064.0,232.0,180.0,3808.0,3808.0,3808.0
2025-09-15 20:40:15,000000513257.jpg,CPU4,18.254518508911133,51.15365982055664,0.12183189392089844,69.5132064819336,194.7931365966797,0.46393585205078125,5064.0,5064.0,232.0,180.0,5064.0,5064.0,232.0,180.0,5064.0,5064.0,232.0,180.0,3808.0,3808.0,3808.0
2025-09-15 20:40:17,000000144127.jpg,CPU4,22.79043197631836,52.657365798950195,0.1285076141357422,88.6319899559021,204.7844955921173,0.49976611137390137,5064.0,5064.0,232.0,184.0,5064.0,5064.0,232.0,184.0,5064.0,5064.0,232.0,184.0,3889.0,3889.0,3889.0
2025-09-15 20:40:18,000000517444.jpg,CPU4,12.657403945922852,43.701887130737305,0.1480579376220703,49.22464394569397,169.95663905143738,0.5757973194122314,5056.0,5056.0,232.0,184.0,5056.0,5056.0,232.0,184.0,5056.0,5056.0,232.0,184.0,3889.0,3889.0,3889.0
2025-09-15 20:40:19,000000297090.jpg,CPU4,17.210721969604492,48.722267150878906,0.14281272888183594,66.12359380722046,181.58788967132568,0.5322630405426025,5056.0,5056.0,232.0,184.0,5064.0,5064.0,232.0,172.0,5064.0,5064.0,232.0,172.0,3842.0,3727.0,3727.0
2025-09-15 20:40:20,000000492367.jpg,CPU4,12.14909553527832,47.922611236572266,0.1220703125,45.2796790599823,178.60757207870483,0.4549560546875,5064.0,5064.0,232.0,172.0,5064.0,5064.0,232.0,172.0,5064.0,5064.0,232.0,172.0,3727.0,3727.0,3727.0
2025-09-15 20:40:21,000000146333.jpg,CPU4,19.499540328979492,50.50015449523926,0.11014938354492188,71.87530565261841,186.1435694694519,0.40601062774658203,5064.0,5064.0,232.0,172.0,5064.0,5064.0,232.0,172.0,5064.0,5064.0,232.0,172.0,3686.0,3686.0,3686.0
2025-09-15 20:40:22,000000449087.jpg,CPU4,22.71747589111328,49.820661544799805,0.1556873321533203,84.6680326461792,185.68160557746887,0.5802466869354248,5064.0,5064.0,232.0,172.0,5064.0,5064.0,232.0,172.0,5064.0,5064.0,232.0,172.0,3727.0,3727.0,3727.0
2025-09-15 20:40:23,000000052119.jpg,CPU4,14.965057373046875,49.39389228820801,0.1373291015625,56.37337112426758,186.06679224967957,0.5173187255859375,5064.0,5064.0,232.0,172.0,5064.0,5064.0,232.0,172.0,5064.0,5064.0,232.0,172.0,3767.0,3767.0,3767.0
2025-09-15 20:40:24,000000563521.jpg,CPU4,17.82059669494629,53.017616271972656,0.11372566223144531,66.41736388206482,197.5966558456421,0.4238555431365967,5064.0,5064.0,232.0,172.0,5064.0,5064.0,232.0,172.0,5064.0,5064.0,232.0,172.0,3727.0,3727.0,3727.0
2025-09-15 20:40:25,000000528459.jpg,CPU4,20.44677734375,51.003456115722656,0.1380443572998047,76.20513916015625,190.08988094329834,0.5144913196563721,5064.0,5064.0,232.0,172.0,5064.0,5064.0,232.0,172.0,5064.0,5064.0,232.0,172.0,3727.0,3727.0,3727.0
2025-09-15 20:40:26,000000439943.jpg,CPU4,10.856389999389648,48.35319519042969,0.12135505676269531,41.34113311767578,184.12896728515625,0.46212005615234375,5064.0,5064.0,232.0,176.0,5064.0,5064.0,232.0,176.0,5064.0,5064.0,232.0,176.0,3808.0,3808.0,3808.0
2025-09-15 20:40:27,000000363402.jpg,CPU4,21.81267738342285,52.0472526550293,0.12493133544921875,82.16835570335388,196.06200075149536,0.47061634063720703,5064.0,5064.0,232.0,176.0,5064.0,5064.0,232.0,176.0,5064.0,5064.0,232.0,176.0,3767.0,3767.0,3767.0
2025-09-15 20:40:28,000000467093.jpg,CPU4,15.451431274414062,51.71918869018555,0.11205673217773438,58.20554161071777,194.82618379592896,0.4221177101135254,5064.0,5064.0,232.0,176.0,5064.0,5064.0,232.0,176.0,5064.0,5064.0,232.0,176.0,3767.0,3767.0,3767.0
2025-09-15 20:40:29,000000092460.jpg,CPU4,18.097400665283203,51.40089988708496,0.10728836059570312,68.91490173339844,195.73462677001953,0.4085540771484375,5064.0,5064.0,232.0,176.0,5064.0,5064.0,232.0,176.0,5064.0,5064.0,232.0,176.0,3808.0,3808.0,3808.0
2025-09-15 20:40:30,000000545038.jpg,CPU4,16.245365142822266,51.66459083557129,0.10824203491210938,61.86235046386719,196.73876190185547,0.4121856689453125,5064.0,5064.0,232.0,180.0,5064.0,5064.0,232.0,180.0,5064.0,5064.0,232.0,180.0,3808.0,3808.0,3808.0
2025-09-15 20:40:31,000000316378.jpg,CPU4,11.761665344238281,46.10180854797363,0.15425682067871094,45.741116523742676,179.28993344306946,0.5999047756195068,5064.0,5064.0,232.0,180.0,5064.0,5064.0,232.0,180.0,5064.0,5064.0,232.0,180.0,3889.0,3889.0,3889.0
2025-09-15 20:40:33,000000533740.jpg,CPU4,23.006200790405273,50.12178421020508,0.08392333984375,90.25332570075989,196.62775945663452,0.32923126220703125,5056.0,5056.0,240.0,188.0,5056.0,5056.0,240.0,188.0,5056.0,5056.0,240.0,188.0,3923.0,3923.0,3923.0
2025-09-15 20:40:34,000000451486.jpg,CPU4,15.079259872436523,42.745113372802734,0.08344650268554688,58.02499198913574,161.89711689949036,0.3110051155090332,5056.0,5056.0,232.0,184.0,5064.0,5060.0,232.0,178.0,5064.0,5064.0,232.0,172.0,3848.0,3787.5,3727.0
2025-09-15 20:40:35,000000403297.jpg,CPU4,20.871877670288086,47.91522026062012,0.11610984802246094,76.93374109268188,176.61550188064575,0.427980899810791,5064.0,5064.0,232.0,172.0,5064.0,5064.0,232.0,172.0,5064.0,5064.0,232.0,172.0,3686.0,3686.0,3686.0
2025-09-15 20:40:36,000000422614.jpg,CPU4,16.852140426635742,49.77869987487793,0.12946128845214844,62.80792737007141,185.52521443367004,0.4825022220611572,5064.0,5064.0,232.0,172.0,5064.0,5064.0,232.0,172.0,5064.0,5064.0,232.0,172.0,3727.0,3727.0,3727.0
2025-09-15 20:40:37,000000184824.jpg,CPU4,19.283533096313477,49.025535583496094,0.14090538024902344,71.86972784996033,182.71817111968994,0.5251543521881104,5064.0,5064.0,232.0,172.0,5064.0,5064.0,232.0,172.0,5064.0,5064.0,232.0,172.0,3727.0,3727.0,3727.0
2025-09-15 20:40:38,000000420773.jpg,CPU4,25.899648666381836,53.06053161621094,0.1308917999267578,96.5279905796051,197.75660133361816,0.48783373832702637,5064.0,5064.0,232.0,172.0,5064.0,5064.0,232.0,172.0,5064.0,5064.0,232.0,172.0,3727.0,3727.0,3727.0
2025-09-15 20:40:39,000000352134.jpg,CPU4,12.516975402832031,53.05171012878418,0.12254714965820312,46.65076732635498,197.72372364997864,0.45673322677612305,5064.0,5064.0,232.0,172.0,5064.0,5064.0,232.0,172.0,5064.0,5064.0,232.0,172.0,3727.0,3727.0,3727.0
2025-09-15 20:40:40,000000111312.jpg,CPU4,9.240865707397461,52.28304862976074,0.11181831359863281,34.44070649147034,194.8589222431183,0.4167468547821045,5064.0,5064.0,232.0,172.0,5064.0,5064.0,232.0,172.0,5064.0,5064.0,232.0,172.0,3727.0,3727.0,3727.0
2025-09-15 20:40:41,000000542588.jpg,CPU4,16.03245735168457,51.97310447692871,0.11849403381347656,59.752968549728394,193.7037603855133,0.44162726402282715,5064.0,5064.0,232.0,172.0,5064.0,5064.0,232.0,172.0,5064.0,5064.0,232.0,172.0,3727.0,3727.0,3727.0
2025-09-15 20:40:42,000000164605.jpg,CPU4,19.381999969482422,51.775217056274414,0.1430511474609375,73.01199388504028,195.03724265098572,0.5388736724853516,5064.0,5064.0,232.0,176.0,5064.0,5064.0,232.0,176.0,5064.0,5064.0,232.0,176.0,3767.0,3767.0,3767.0
2025-09-15 20:40:43,000000569097.jpg,CPU4,19.052743911743164,51.94282531738281,0.11491775512695312,72.55284881591797,197.79827880859375,0.4376068115234375,5064.0,5064.0,232.0,176.0,5064.0,5064.0,232.0,176.0,5064.0,5064.0,232.0,176.0,3808.0,3808.0,3808.0
2025-09-15 20:40:44,000000431562.jpg,CPU4,15.702009201049805,48.69413375854492,0.1461505889892578,59.793251037597656,185.42726135253906,0.5565414428710938,5064.0,5064.0,232.0,176.0,5064.0,5064.0,232.0,176.0,5064.0,5064.0,232.0,176.0,3808.0,3808.0,3808.0
2025-09-15 20:40:45,000000200164.jpg,CPU4,16.649484634399414,53.10773849487305,0.12731552124023438,63.40123748779297,202.23426818847656,0.4848175048828125,5064.0,5064.0,232.0,180.0,5064.0,5064.0,232.0,180.0,5064.0,5064.0,232.0,180.0,3808.0,3808.0,3808.0
2025-09-15 20:40:46,000000211789.jpg,CPU4,14.525890350341797,51.901817321777344,0.1304149627685547,56.49118757247925,201.8461675643921,0.5071837902069092,5064.0,5060.0,232.0,180.0,5064.0,5060.0,232.0,180.0,5064.0,5060.0,232.0,180.0,3889.0,3889.0,3889.0
2025-09-15 20:40:48,000000307678.jpg,CPU4,16.374588012695312,49.37314987182617,0.12969970703125,63.68077278137207,192.01217985153198,0.5044021606445312,5064.0,5064.0,232.0,180.0,5064.0,5064.0,232.0,180.0,5064.0,5064.0,232.0,180.0,3889.0,3889.0,3889.0
2025-09-15 20:40:49,000000354989.jpg,CPU4,19.594192504882812,46.96226119995117,0.13184547424316406,76.20181465148926,182.6362338066101,0.512747049331665,5056.0,5056.0,232.0,184.0,5056.0,5056.0,232.0,184.0,5056.0,5056.0,232.0,184.0,3889.0,3889.0,3889.0
2025-09-15 20:40:50,000000296807.jpg,CPU4,14.16921615600586,50.34160614013672,0.1308917999267578,55.01906633377075,185.55916023254395,0.4824671745300293,5056.0,5056.0,232.0,184.0,5064.0,5064.0,232.0,172.0,5064.0,5064.0,232.0,172.0,3883.0,3686.0,3686.0
2025-09-15 20:40:51,000000289997.jpg,CPU4,20.491600036621094,52.99735069274902,0.12254714965820312,76.37219333648682,197.5211260318756,0.45673322677612305,5064.0,5064.0,232.0,172.0,5064.0,5064.0,232.0,172.0,5064.0,5064.0,232.0,172.0,3727.0,3727.0,3727.0
2025-09-15 20:40:52,000000568058.jpg,CPU4,11.449575424194336,52.60205268859863,0.1442432403564453,43.13055062294006,198.15193247795105,0.5433642864227295,5064.0,5064.0,232.0,172.0,5064.0,5064.0,232.0,172.0,5064.0,5064.0,232.0,172.0,3767.0,3767.0,3767.0
2025-09-15 20:40:53,000000290986.jpg,CPU4,13.054132461547852,52.86550521850586,0.12993812561035156,48.65275168418884,197.02973794937134,0.4842793941497803,5064.0,5064.0,232.0,172.0,5064.0,5064.0,232.0,172.0,5064.0,5064.0,232.0,172.0,3727.0,3727.0,3727.0
2025-09-15 20:40:54,000000480853.jpg,CPU4,20.46966552734375,47.660112380981445,0.1652240753173828,76.29044342041016,177.62923884391785,0.6157901287078857,5064.0,5064.0,232.0,172.0,5064.0,5064.0,232.0,172.0,5064.0,5064.0,232.0,172.0,3727.0,3727.0,3727.0
2025-09-15 20:40:55,000000147613.jpg,CPU4,15.864133834838867,52.74343490600586,0.1316070556640625,59.76019215583801,198.68451929092407,0.49576377868652344,5064.0,5064.0,232.0,172.0,5064.0,5064.0,232.0,172.0,5064.0,5064.0,232.0,172.0,3767.0,3767.0,3767.0
2025-09-15 20:40:56,000000265204.jpg,CPU4,14.342308044433594,53.212642669677734,0.11420249938964844,53.453782081604004,198.32351922988892,0.4256327152252197,5064.0,5064.0,232.0,172.0,5064.0,5064.0,232.0,172.0,5064.0,5064.0,232.0,172.0,3727.0,3727.0,3727.0
2025-09-15 20:40:57,000000051483.jpg,CPU4,17.476797103881836,52.26540565490723,0.1347064971923828,65.83509469032288,196.88378310203552,0.507439374923706,5064.0,5064.0,232.0,172.0,5064.0,5064.0,232.0,172.0,5064.0,5064.0,232.0,172.0,3767.0,3767.0,3767.0
2025-09-15 20:40:58,000000164237.jpg,CPU4,19.646644592285156,52.67333984375,0.1289844512939453,74.81442260742188,200.580078125,0.49117279052734375,5064.0,5064.0,232.0,176.0,5064.0,5064.0,232.0,176.0,5064.0,5064.0,232.0,176.0,3808.0,3808.0,3808.0
2025-09-15 20:40:59,000000281326.jpg,CPU4,17.67420768737793,52.29353904724121,0.14138221740722656,67.30338287353516,199.13379669189453,0.5383834838867188,5064.0,5064.0,232.0,176.0,5064.0,5064.0,232.0,176.0,5064.0,5064.0,232.0,176.0,3808.0,3808.0,3808.0
2025-09-15 20:41:00,000000553475.jpg,CPU4,10.824203491210938,53.00307273864746,0.12612342834472656,41.21856689453125,201.83570098876953,0.48027801513671875,5064.0,5064.0,232.0,176.0,5064.0,5064.0,232.0,176.0,5064.0,5064.0,232.0,176.0,3808.0,3808.0,3808.0
2025-09-15 20:41:01,000000274469.jpg,CPU4,19.672870635986328,51.897525787353516,0.12111663818359375,76.50779390335083,201.82947778701782,0.4710226058959961,5064.0,5064.0,232.0,180.0,5064.0,5064.0,232.0,180.0,5064.0,5064.0,232.0,180.0,3889.0,3889.0,3889.0
2025-09-15 20:41:03,000000251766.jpg,CPU4,15.875101089477539,51.361799240112305,0.1251697540283203,61.73826813697815,199.74603724479675,0.4867851734161377,5064.0,5060.0,232.0,180.0,5064.0,5060.0,232.0,180.0,5064.0,5060.0,232.0,180.0,3889.0,3889.0,3889.0
2025-09-15 20:41:04,000000015958.jpg,CPU4,15.09404182434082,46.492815017700195,0.09465217590332031,59.30449032783508,182.67027020454407,0.3718883991241455,5056.0,5056.0,240.0,188.0,5056.0,5056.0,240.0,188.0,5056.0,5056.0,240.0,188.0,3929.0,3929.0,3929.0
2025-09-15 20:41:05,000000406971.jpg,CPU4,15.7318115234375,43.06221008300781,0.06699562072753906,61.08662414550781,162.96893405914307,0.24694585800170898,5056.0,5056.0,232.0,184.0,5064.0,5060.0,232.0,176.0,5064.0,5064.0,232.0,168.0,3883.0,3784.5,3686.0
2025-09-15 20:41:06,000000439844.jpg,CPU4,19.03390884399414,48.555612564086914,0.1399517059326172,70.93937826156616,180.96676802635193,0.5216000080108643,5064.0,5064.0,232.0,172.0,5064.0,5064.0,232.0,172.0,5064.0,5064.0,232.0,172.0,3727.0,3727.0,3727.0
2025-09-15 20:41:07,000000496650.jpg,CPU4,16.310453414916992,50.6291389465332,0.13017654418945312,60.78905987739563,188.69480085372925,0.4851679801940918,5064.0,5064.0,232.0,172.0,5064.0,5064.0,232.0,172.0,5064.0,5064.0,232.0,172.0,3727.0,3727.0,3727.0
2025-09-15 20:41:08,000000350186.jpg,CPU4,15.356063842773438,52.256107330322266,0.12755393981933594,57.2320499420166,194.75851202011108,0.47539353370666504,5064.0,5064.0,232.0,172.0,5064.0,5064.0,232.0,172.0,5064.0,5064.0,232.0,172.0,3727.0,3727.0,3727.0
2025-09-15 20:41:09,000000338576.jpg,CPU4,13.95559310913086,57.81292915344238,0.15783309936523438,52.01249551773071,215.46878695487976,0.5882439613342285,5064.0,5064.0,232.0,172.0,5064.0,5064.0,232.0,172.0,5064.0,5064.0,232.0,172.0,3727.0,3727.0,3727.0
2025-09-15 20:41:10,000000140477.jpg,CPU4,14.081716537475586,48.37846755981445,0.1361370086669922,53.04582619667053,182.24168729782104,0.5128281116485596,5064.0,5064.0,232.0,172.0,5064.0,5064.0,232.0,172.0,5064.0,5064.0,232.0,172.0,3767.0,3767.0,3767.0
2025-09-15 20:41:11,000000439736.jpg,CPU4,14.627456665039062,51.97429656982422,0.10704994201660156,54.516530990600586,193.70820331573486,0.398975133895874,5064.0,5064.0,232.0,172.0,5064.0,5064.0,232.0,172.0,5064.0,5064.0,232.0,172.0,3727.0,3727.0,3727.0
2025-09-15 20:41:12,000000154570.jpg,CPU4,17.482995986938477,51.351070404052734,0.12755393981933594,65.85844588279724,193.43948221206665,0.4804956912994385,5064.0,5064.0,232.0,172.0,5064.0,5064.0,232.0,172.0,5064.0,5064.0,232.0,172.0,3767.0,3767.0,3767.0
2025-09-15 20:41:13,000000556297.jpg,CPU4,15.594959259033203,50.064802169799805,0.14209747314453125,58.746211528778076,188.59410977363586,0.5352811813354492,5064.0,5064.0,232.0,176.0,5064.0,5064.0,232.0,176.0,5064.0,5064.0,232.0,176.0,3767.0,3767.0,3767.0
2025-09-15 20:41:14,000000385201.jpg,CPU4,12.946605682373047,49.03674125671387,0.11587142944335938,48.76986360549927,184.72140431404114,0.43648767471313477,5064.0,5064.0,232.0,176.0,5064.0,5064.0,232.0,176.0,5064.0,5064.0,232.0,176.0,3767.0,3767.0,3767.0
2025-09-15 20:41:15,000000011521.jpg,CPU4,12.437582015991211,53.19547653198242,0.12040138244628906,47.36231231689453,202.56837463378906,0.45848846435546875,5064.0,5064.0,232.0,176.0,5064.0,5064.0,232.0,176.0,5064.0,5064.0,232.0,176.0,3808.0,3808.0,3808.0
2025-09-15 20:41:16,000000520861.jpg,CPU4,15.717267990112305,52.58679389953613,0.11873245239257812,59.851356506347656,200.2505111694336,0.4521331787109375,5064.0,5064.0,232.0,180.0,5064.0,5064.0,232.0,180.0,5064.0,5064.0,232.0,180.0,3808.0,3808.0,3808.0
2025-09-15 20:41:18,000000183514.jpg,CPU4,24.880409240722656,52.60014533996582,0.12445449829101562,95.73981475830078,202.40535926818848,0.4789009094238281,5064.0,5064.0,232.0,180.0,5064.0,5064.0,232.0,180.0,5064.0,5064.0,232.0,180.0,3848.0,3848.0,3848.0
2025-09-15 20:41:19,000000234909.jpg,CPU4,14.951705932617188,52.93464660644531,0.10561943054199219,58.74525260925293,207.98022651672363,0.4149787425994873,5064.0,5064.0,240.0,188.0,5064.0,5064.0,240.0,188.0,5064.0,5064.0,240.0,188.0,3929.0,3929.0,3929.0
2025-09-15 20:41:20,000000099692.jpg,CPU4,17.524003982543945,44.656991958618164,0.12373924255371094,68.1508514881134,173.67104172706604,0.48122191429138184,5056.0,5056.0,232.0,184.0,5056.0,5056.0,232.0,184.0,5056.0,5056.0,232.0,184.0,3889.0,3889.0,3889.0
2025-09-15 20:41:21,000000375049.jpg,CPU4,10.48588752746582,43.49517822265625,0.11706352233886719,40.71670126914978,165.49915313720703,0.436295747756958,5056.0,5056.0,232.0,184.0,5064.0,5060.0,232.0,178.0,5064.0,5064.0,232.0,172.0,3883.0,3805.0,3727.0
2025-09-15 20:41:22,000000239373.jpg,CPU4,10.391950607299805,46.658992767333984,0.15687942504882812,38.73079991340637,173.89806604385376,0.5846896171569824,5064.0,5064.0,232.0,172.0,5064.0,5064.0,232.0,172.0,5064.0,5064.0,232.0,172.0,3727.0,3727.0,3727.0
2025-09-15 20:41:23,000000510113.jpg,CPU4,18.7375545501709,42.39845275878906,0.1556873321533203,69.06662607192993,156.28069686889648,0.5738635063171387,5064.0,5064.0,232.0,172.0,5064.0,5064.0,232.0,172.0,5064.0,5064.0,232.0,172.0,3686.0,3686.0,3686.0
2025-09-15 20:41:24,000000318674.jpg,CPU4,21.47531509399414,49.5142936706543,0.14472007751464844,80.03849935531616,184.53977251052856,0.5393717288970947,5064.0,5064.0,232.0,172.0,5064.0,5064.0,232.0,172.0,5064.0,5064.0,232.0,172.0,3727.0,3727.0,3727.0
2025-09-15 20:41:25,000000174996.jpg,CPU4,9.865522384643555,50.18925666809082,0.12969970703125,36.76880192756653,187.0553596019745,0.48339080810546875,5064.0,5064.0,232.0,172.0,5064.0,5064.0,232.0,172.0,5064.0,5064.0,232.0,172.0,3727.0,3727.0,3727.0
2025-09-15 20:41:26,000000291392.jpg,CPU4,15.750646591186523,53.45034599304199,0.1404285430908203,58.70265984535217,199.2094395160675,0.5233771800994873,5064.0,5064.0,232.0,172.0,5064.0,5064.0,232.0,172.0,5064.0,5064.0,232.0,172.0,3727.0,3727.0,3727.0
2025-09-15 20:41:27,000000281116.jpg,CPU4,15.248775482177734,52.36172676086426,0.13303756713867188,56.832186222076416,195.1521556377411,0.4958310127258301,5064.0,5064.0,232.0,172.0,5064.0,5064.0,232.0,172.0,5064.0,5064.0,232.0,172.0,3727.0,3727.0,3727.0
2025-09-15 20:41:28,000000291848.jpg,CPU4,15.439271926879883,52.1245002746582,0.1316070556640625,57.54216647148132,194.26801252365112,0.49049949645996094,5064.0,5064.0,232.0,172.0,5064.0,5064.0,232.0,172.0,5064.0,5064.0,232.0,172.0,3727.0,3727.0,3727.0
2025-09-15 20:41:29,000000565764.jpg,CPU4,11.1541748046875,52.21676826477051,0.1289844512939453,42.01777648925781,196.7005660533905,0.485884428024292,5064.0,5064.0,232.0,176.0,5064.0,5064.0,232.0,176.0,5064.0,5064.0,232.0,176.0,3767.0,3767.0,3767.0
2025-09-15 20:41:30,000000565319.jpg,CPU4,13.403654098510742,51.37133598327637,0.1475811004638672,50.491564989089966,193.51582264900208,0.5559380054473877,5064.0,5064.0,232.0,176.0,5064.0,5064.0,232.0,176.0,5064.0,5064.0,232.0,176.0,3767.0,3767.0,3767.0
2025-09-15 20:41:31,000000458041.jpg,CPU4,19.786596298217773,52.53100395202637,0.15497207641601562,74.53610825538635,197.88429188728333,0.5837798118591309,5064.0,5060.0,232.0,176.0,5064.0,5060.0,232.0,176.0,5064.0,5060.0,232.0,176.0,3767.0,3767.0,3767.0
2025-09-15 20:41:32,000000220907.jpg,CPU4,12.955904006958008,51.63884162902832,0.12731552124023438,49.336082458496094,196.64070892333984,0.4848175048828125,5064.0,5064.0,232.0,180.0,5064.0,5064.0,232.0,180.0,5064.0,5064.0,232.0,180.0,3808.0,3808.0,3808.0
2025-09-15 20:41:34,000000039678.jpg,CPU4,24.824857711791992,51.31030082702637,0.1308917999267578,95.52605247497559,197.44203758239746,0.5036716461181641,5064.0,5064.0,232.0,180.0,5064.0,5064.0,232.0,180.0,5064.0,5064.0,232.0,180.0,3848.0,3848.0,3848.0
2025-09-15 20:41:35,000000052919.jpg,CPU4,13.0767822265625,51.43284797668457,0.12540817260742188,50.3194580078125,197.91359901428223,0.4825706481933594,5064.0,5064.0,232.0,180.0,5064.0,5064.0,232.0,180.0,5064.0,5064.0,232.0,180.0,3848.0,3848.0,3848.0
2025-09-15 20:41:36,000000042864.jpg,CPU4,13.421773910522461,50.86517333984375,0.1537799835205078,52.19727873802185,197.81465911865234,0.5980503559112549,5056.0,5056.0,232.0,184.0,5056.0,5056.0,232.0,184.0,5056.0,5056.0,232.0,184.0,3889.0,3889.0,3889.0
2025-09-15 20:41:37,000000110104.jpg,CPU4,10.220527648925781,43.320655822753906,0.11873245239257812,40.09512996673584,165.7015085220337,0.44251585006713867,5056.0,5056.0,232.0,188.0,5064.0,5060.0,232.0,180.0,5064.0,5064.0,232.0,172.0,3923.0,3825.0,3727.0
2025-09-15 20:41:38,000000196409.jpg,CPU4,21.630287170410156,48.98715019226074,0.12111663818359375,80.61608028411865,182.5751087665558,0.4514017105102539,5064.0,5064.0,232.0,172.0,5064.0,5064.0,232.0,172.0,5064.0,5064.0,232.0,172.0,3727.0,3727.0,3727.0
2025-09-15 20:41:39,000000545450.jpg,CPU4,19.289016723632812,49.51310157775879,0.11420249938964844,71.09931564331055,182.5052924156189,0.42095041275024414,5064.0,5064.0,232.0,172.0,5064.0,5064.0,232.0,172.0,5064.0,5064.0,232.0,172.0,3686.0,3686.0,3686.0
2025-09-15 20:41:40,000000189196.jpg,CPU4,10.699033737182617,48.534393310546875,0.14400482177734375,39.875298738479614,180.8876838684082,0.5367059707641602,5064.0,5064.0,232.0,172.0,5064.0,5064.0,232.0,172.0,5064.0,5064.0,232.0,172.0,3727.0,3727.0,3727.0
2025-09-15 20:41:41,000000228269.jpg,CPU4,10.319709777832031,50.508975982666016,0.12612342834472656,38.46155834197998,188.24695348739624,0.4700620174407959,5064.0,5064.0,232.0,172.0,5064.0,5064.0,232.0,172.0,5064.0,5064.0,232.0,172.0,3727.0,3727.0,3727.0
2025-09-15 20:41:42,000000118567.jpg,CPU4,16.265869140625,54.66294288635254,0.12063980102539062,60.622894287109375,203.7287881374359,0.44962453842163086,5064.0,5064.0,232.0,172.0,5064.0,5064.0,232.0,172.0,5064.0,5064.0,232.0,172.0,3727.0,3727.0,3727.0
2025-09-15 20:41:43,000000092021.jpg,CPU4,18.60356330871582,51.76591873168945,0.11110305786132812,69.33548045158386,192.9315791130066,0.4140810966491699,5064.0,5064.0,232.0,172.0,5064.0,5064.0,232.0,172.0,5064.0,5064.0,232.0,172.0,3727.0,3727.0,3727.0
2025-09-15 20:41:44,000000072287.jpg,CPU4,23.595094680786133,50.356388092041016,0.12874603271484375,89.8501205444336,191.7571258544922,0.490264892578125,5064.0,5064.0,232.0,176.0,5064.0,5064.0,232.0,176.0,5064.0,5064.0,232.0,176.0,3808.0,3808.0,3808.0
2025-09-15 20:41:45,000000535703.jpg,CPU4,19.010305404663086,52.93393135070801,0.13399124145507812,71.61182045936584,199.40211939811707,0.5047450065612793,5064.0,5064.0,232.0,176.0,5064.0,5064.0,232.0,176.0,5064.0,5064.0,232.0,176.0,3767.0,3767.0,3767.0
2025-09-15 20:41:46,000000285951.jpg,CPU4,9.373188018798828,54.01921272277832,0.14066696166992188,35.69309997558594,205.70516204833984,0.5356597900390625,5064.0,5064.0,232.0,176.0,5064.0,5064.0,232.0,176.0,5064.0,5064.0,232.0,176.0,3808.0,3808.0,3808.0
