Timestamp,Review,Mode,Pre_Lat_ms,Inf_Lat_ms,Post_Lat_ms,Pre_E_mJ,Inf_E_mJ,Post_E_mJ,Pre_Max_V,Pre_Mean_V,Pre_Max_C,Pre_Mean_C,Inf_Max_V,Inf_Mean_V,Inf_Max_C,Inf_Mean_C,Post_Max_V,Post_Mean_V,Post_Max_C,Post_Mean_C,Pre_Pwr_mW,Inf_Pwr_mW,Post_Pwr_mW
2025-09-16 11:22:28,What year did the global recession that followed the financial crisis of 2007 end?,CPU1,9.579896926879883,1112.1265888214111,0.7474422454833984,41.327675342559814,5406.0473482608795,4.042167663574219,5040.0,5040.0,264.0,216.0,5040.0,5022.0,312.0,260.0,5008.0,5004.0,312.0,304.0,4314.0,4861.0,5408.0
2025-09-16 11:22:30,what was a popular club in ibiza that started playing dance and house music?,CPU1,8.496761322021484,885.0607872009277,0.4191398620605469,33.33279466629028,3952.238945245743,2.0990524291992188,5048.0,5048.0,240.0,188.0,5048.0,5028.0,296.0,234.0,5008.0,5008.0,296.0,280.0,3923.0,4465.5,5008.0
2025-09-16 11:22:32,In what century did Martin Luther honor Mary as the Mother of God?,CPU1,7.527351379394531,878.9772987365723,0.46181678771972656,37.69697570800781,3889.4745469093323,1.7743000984191895,5008.0,5008.0,296.0,280.0,5056.0,5032.0,296.0,232.0,5056.0,5056.0,240.0,184.0,5008.0,4425.0,3842.0
2025-09-16 11:22:34,What is the climate like?,CPU1,9.445667266845703,879.4372081756592,0.07081031799316406,45.85871458053589,3928.0062903165817,0.28876447677612305,5016.0,5016.0,288.0,264.0,5048.0,5032.0,288.0,230.0,5048.0,5048.0,248.0,196.0,4855.0,4466.5,4078.0
2025-09-16 11:22:36,How many times has the Queen toured Canada?,CPU1,6.844520568847656,881.3366889953613,0.4627704620361328,31.6832857131958,3940.897004842758,1.996391773223877,5024.0,5024.0,280.0,248.0,5040.0,5030.0,280.0,234.0,5040.0,5036.0,264.0,220.0,4629.0,4471.5,4314.0
2025-09-16 11:22:38,Has Bermuda's constitution ever been amended?,CPU1,7.076025009155273,892.9164409637451,0.06961822509765625,36.625505447387695,4890.503347158432,0.4022541046142578,5016.0,5016.0,296.0,280.0,5016.0,5012.0,352.0,304.0,5008.0,5008.0,352.0,328.0,5176.0,5477.0,5778.0
2025-09-16 11:22:40,What train line connects florida to the south? ,CPU1,10.952472686767578,885.6382369995117,0.46062469482421875,59.41716432571411,4765.619353294373,2.4583539962768555,5016.0,5016.0,296.0,292.0,5016.0,5012.0,296.0,292.0,5008.0,5008.0,296.0,292.0,5425.0,5381.0,5337.0
2025-09-16 11:22:41,What is the name of a show from Northern Ireland broadcast all over the United Kingdom?,CPU1,9.689569473266602,886.0535621643066,0.07414817810058594,44.14567852020264,4222.488250494003,0.36888718605041504,5040.0,5036.0,272.0,236.0,5040.0,5026.0,288.0,254.0,5016.0,5016.0,288.0,272.0,4556.0,4765.5,4975.0
2025-09-16 11:22:43, Why was every Nachlass left behind after Whitehead's death?,CPU1,7.381916046142578,882.469654083252,0.07414817810058594,30.996665477752686,4327.189948797226,0.41582298278808594,5048.0,5044.0,256.0,208.0,5048.0,5024.0,336.0,264.0,5008.0,5004.0,336.0,320.0,4199.0,4903.5,5608.0
2025-09-16 11:22:45,What concerns are raised when thinking about animals digging in the soil for food?,CPU1,6.910562515258789,881.842851638794,0.07152557373046875,32.82517194747925,4373.058701276779,0.3696441650390625,5032.0,5032.0,272.0,240.0,5032.0,5020.0,296.0,264.0,5008.0,5008.0,296.0,288.0,4750.0,4959.0,5168.0
2025-09-16 11:22:47,What is the climate description for the southern half of Namibia?,CPU1,7.274866104125977,886.3425254821777,0.5247592926025391,31.725691080093384,4347.066916227341,2.858888626098633,5040.0,5040.0,256.0,216.0,5040.0,5022.0,312.0,262.0,5008.0,5004.0,312.0,308.0,4361.0,4904.5,5448.0
2025-09-16 11:22:49,The Wii version makes use of what kind of sensors?,CPU1,8.410930633544922,886.3613605499268,0.4718303680419922,38.99307441711426,4109.17126750946,2.187405586242676,5040.0,5036.0,264.0,240.0,5040.0,5036.0,264.0,240.0,5040.0,5036.0,264.0,240.0,4636.0,4636.0,4636.0
2025-09-16 11:22:51,How much many did the Premier League make from selling its internation rights during 2004-07?,CPU1,17.21048355102539,881.6361427307129,0.07390975952148438,92.3858757019043,4182.041043043137,0.30443429946899414,5008.0,5004.0,312.0,308.0,5048.0,5026.0,312.0,254.0,5048.0,5048.0,248.0,200.0,5368.0,4743.5,4119.0
2025-09-16 11:22:53,What are started to be a source of international law in the preamble in The Law of Treaties?,CPU1,5.154132843017578,886.6713047027588,0.47588348388671875,25.683043956756592,4784.478360176086,2.764407157897949,5016.0,5016.0,288.0,272.0,5016.0,5010.0,336.0,298.0,5008.0,5004.0,336.0,324.0,4983.0,5396.0,5809.0
2025-09-16 11:22:55,Where is tourism in Montevideo centered in?,CPU1,11.54327392578125,883.7103843688965,0.072479248046875,69.36353302001953,5190.4729425907135,0.41588592529296875,5000.0,5000.0,352.0,332.0,5008.0,5004.0,352.0,324.0,5008.0,5008.0,328.0,316.0,6009.0,5873.5,5738.0
2025-09-16 11:22:57,What are produced in cell division?,CPU1,8.950471878051758,881.8135261535645,0.07200241088867188,40.706746101379395,4273.268347740173,0.3703804016113281,5032.0,5032.0,264.0,232.0,5032.0,5026.0,288.0,258.0,5024.0,5020.0,288.0,284.0,4548.0,4846.0,5144.0
2025-09-16 11:22:59,What year wasn't Canada united in a confederation?,CPU1,7.525920867919922,879.5373439788818,0.4706382751464844,31.85722303390503,3964.51457798481,2.2505922317504883,5040.0,5040.0,256.0,216.0,5040.0,5028.0,280.0,238.0,5016.0,5016.0,280.0,260.0,4233.0,4507.5,4782.0
2025-09-16 11:23:00,What is the Chinese Faust books an example of?,CPU1,6.874322891235352,880.6760311126709,0.45871734619140625,28.033488750457764,3933.5394929647446,2.2270727157592773,5048.0,5048.0,248.0,200.0,5048.0,5030.0,288.0,234.0,5016.0,5012.0,288.0,268.0,4078.0,4466.5,4855.0
2025-09-16 11:23:02,South Africa's Medicines Act allowed for the generic production of what kind of drugs?,CPU1,12.193679809570312,887.5331878662109,0.07081031799316406,65.66296577453613,5216.476311683655,0.4510617256164551,5024.0,5020.0,296.0,296.0,5024.0,5012.0,432.0,338.0,5008.0,5004.0,432.0,380.0,5385.0,5877.5,6370.0
2025-09-16 11:23:04,What was PlayStation 3's toughest competitor in the video game market?,CPU1,15.14887809753418,895.0471878051758,0.47206878662109375,84.95490837097168,5320.160484313965,2.9645919799804688,5008.0,5008.0,312.0,308.0,5008.0,5002.0,416.0,340.0,5000.0,4996.0,416.0,372.0,5608.0,5944.0,6280.0
2025-09-16 11:23:06,About how many birds are released onto shooting estates every year?,CPU1,7.620096206665039,887.958288192749,0.07033348083496094,31.691980123519897,3693.018520593643,0.29251694679260254,5048.0,5048.0,248.0,204.0,5048.0,5048.0,248.0,204.0,5048.0,5048.0,248.0,204.0,4159.0,4159.0,4159.0
2025-09-16 11:23:08,What term characterizes the intersection of the rites with the Roman Catholic Church?,CPU1,4.224538803100586,882.6508522033691,0.0705718994140625,24.709327459335327,4505.9326004981995,0.30776405334472656,5008.0,5004.0,368.0,340.0,5048.0,5026.0,368.0,278.0,5048.0,5048.0,256.0,216.0,5849.0,5105.0,4361.0
2025-09-16 11:23:10,Why is Yiddish not a dialect of German?,CPU1,8.51297378540039,885.6163024902344,0.06723403930664062,44.06315231323242,4223.061338424683,0.29320764541625977,5016.0,5012.0,296.0,288.0,5048.0,5030.0,296.0,254.0,5048.0,5048.0,256.0,220.0,5176.0,4768.5,4361.0
2025-09-16 11:23:12,According to the institution what leads to inaccurate analysis of the city?  ,CPU1,7.0209503173828125,889.2548084259033,0.07414817810058594,37.24614143371582,4488.513645529747,0.35516977310180664,5016.0,5016.0,288.0,284.0,5032.0,5022.0,288.0,266.0,5032.0,5028.0,272.0,248.0,5305.0,5047.5,4790.0
2025-09-16 11:23:14,In what month in 1944 did the King meet Sir Alan Brooke?,CPU1,8.35728645324707,886.2364292144775,0.43463706970214844,43.257314682006836,4394.846452474594,2.061048984527588,5016.0,5016.0,296.0,288.0,5024.0,5020.0,296.0,272.0,5024.0,5024.0,280.0,256.0,5176.0,4959.0,4742.0
2025-09-16 11:23:16,What type of sources give information regarding total number of enablements?,CPU1,5.241155624389648,889.4929885864258,0.07390975952148438,27.924877166748047,4778.8010811805725,0.40036916732788086,5008.0,5008.0,296.0,292.0,5016.0,5010.0,312.0,298.0,5016.0,5012.0,312.0,304.0,5328.0,5372.5,5417.0
2025-09-16 11:23:17,How are NPOs classified in Canada?,CPU1,11.24119758605957,886.7537975311279,0.07200241088867188,54.294984340667725,4486.087461709976,0.3807487487792969,5032.0,5032.0,272.0,256.0,5032.0,5020.0,296.0,276.0,5008.0,5008.0,296.0,296.0,4830.0,5059.0,5288.0
2025-09-16 11:23:19,What is a chemical that can cause green hue in birds?,CPU1,13.769865036010742,891.4914131164551,0.12874603271484375,76.67060852050781,4963.824188232422,0.71685791015625,5008.0,5008.0,304.0,304.0,5008.0,5004.0,320.0,308.0,5000.0,5000.0,320.0,312.0,5568.0,5568.0,5568.0
2025-09-16 11:23:21,Which cells serve as antigen to lymphocytes?,CPU1,11.321783065795898,995.7396984100342,0.07343292236328125,71.55366897583008,6676.932547688484,0.5207128524780273,5000.0,5000.0,400.0,360.0,5000.0,4998.0,536.0,398.0,5000.0,4996.0,536.0,436.0,6320.0,6705.5,7091.0
2025-09-16 11:23:23,How long was U Wisara on a strike were he refused subsistence ?,CPU1,6.093025207519531,931.9946765899658,0.07295608520507812,37.83159351348877,6309.603960514069,0.5348410606384277,5000.0,5000.0,400.0,360.0,5000.0,4998.0,528.0,398.0,5000.0,4996.0,528.0,436.0,6209.0,6770.0,7331.0
2025-09-16 11:23:25,What are the individual litter canines called?,CPU1,5.775928497314453,930.1548004150391,0.072479248046875,35.169628620147705,6012.98570728302,0.495758056640625,5000.0,5000.0,384.0,352.0,5000.0,4998.0,488.0,382.0,5000.0,4996.0,488.0,412.0,6089.0,6464.5,6840.0
2025-09-16 11:23:27,If you are going to farm in Cork, what should you be aware of?,CPU1,6.40416145324707,915.1029586791992,0.07128715515136719,38.99493908882141,5714.3604254722595,0.45623779296875,5000.0,5000.0,352.0,336.0,5000.0,4998.0,424.0,354.0,5000.0,4996.0,424.0,372.0,6089.0,6244.5,6400.0
2025-09-16 11:23:29,When did Brazil pass a new Constitution?,CPU1,6.741523742675781,932.0180416107178,0.44465065002441406,42.87609100341797,6114.038352966309,3.005838394165039,5000.0,4996.0,408.0,372.0,5000.0,4996.0,496.0,392.0,5000.0,4996.0,496.0,412.0,6360.0,6560.0,6760.0
2025-09-16 11:23:31,How many binary borane hydrides are known?,CPU1,4.338264465332031,896.6372013092041,0.07534027099609375,27.244300842285156,5630.881624221802,0.47313690185546875,5000.0,4996.0,400.0,364.0,5000.0,4996.0,400.0,364.0,5000.0,4996.0,400.0,364.0,6280.0,6280.0,6280.0
2025-09-16 11:23:33,Who still practices persistence hunting?,CPU1,5.232810974121094,891.0443782806396,0.07414817810058594,29.56014919281006,5265.1812312603,0.45742011070251465,5008.0,5004.0,336.0,324.0,5008.0,5004.0,392.0,340.0,5008.0,5004.0,392.0,356.0,5649.0,5909.0,6169.0
2025-09-16 11:23:35,How long did two systems run on a trial basis for?,CPU1,5.306720733642578,882.9457759857178,0.0705718994140625,31.415786743164062,4695.94710958004,0.3328876495361328,5000.0,5000.0,376.0,348.0,5032.0,5016.0,376.0,298.0,5032.0,5032.0,272.0,248.0,5920.0,5318.5,4717.0
2025-09-16 11:23:37,What year saw the founding of Kathmandu's fire department?,CPU1,8.75401496887207,881.6895484924316,0.43892860412597656,43.98017120361328,4322.923856258392,2.09895658493042,5024.0,5020.0,288.0,264.0,5024.0,5020.0,288.0,260.0,5024.0,5020.0,280.0,256.0,5024.0,4903.0,4782.0
2025-09-16 11:23:39,How long is the term for council members?,CPU1,7.49516487121582,879.5802593231201,0.07224082946777344,38.85493469238281,4503.450927734375,0.3652496337890625,5016.0,5016.0,288.0,280.0,5016.0,5016.0,288.0,278.0,5016.0,5016.0,288.0,276.0,5184.0,5120.0,5056.0
2025-09-16 11:23:41,What is Galicia is poetically known as?,CPU1,7.985115051269531,879.5111179351807,0.06699562072753906,33.85688781738281,3967.4746530056,0.3203730583190918,5040.0,5040.0,256.0,216.0,5040.0,5028.0,280.0,238.0,5016.0,5016.0,280.0,260.0,4240.0,4511.0,4782.0
2025-09-16 11:23:42,What has happened to DRAM's since they were created?,CPU1,6.7195892333984375,885.4587078094482,0.072479248046875,29.84841537475586,4520.709432721138,0.4181327819824219,5040.0,5040.0,256.0,220.0,5040.0,5022.0,360.0,278.0,5008.0,5004.0,360.0,336.0,4442.0,5105.5,5769.0
2025-09-16 11:23:44,What land does Ocarina serve to protect?,CPU1,8.491039276123047,886.9099617004395,0.06961822509765625,42.039135456085205,4895.742988586426,0.4239053726196289,5024.0,5024.0,280.0,264.0,5024.0,5014.0,392.0,310.0,5008.0,5004.0,392.0,356.0,4951.0,5520.0,6089.0
2025-09-16 11:23:46,Where in France were plundered artifacts brought in an effort to create a great central museum?,CPU1,10.01596450805664,883.7137222290039,0.07295608520507812,49.58904027938843,4577.195224285126,0.3945465087890625,5032.0,5028.0,288.0,256.0,5032.0,5014.0,304.0,280.0,5000.0,5000.0,304.0,304.0,4951.0,5179.5,5408.0
2025-09-16 11:23:48,When did automakers start using electroluminescent technology to backlight gauges?,CPU1,10.091066360473633,879.1635036468506,0.07295608520507812,40.404629707336426,3520.1706686019897,0.2921161651611328,5048.0,5048.0,248.0,196.0,5048.0,5048.0,248.0,196.0,5048.0,5048.0,248.0,196.0,4004.0,4004.0,4004.0
2025-09-16 11:23:50,Was Evatt for or against nationalizing the banking system in Australia?,CPU1,11.713743209838867,880.1023960113525,0.45371055603027344,58.75613594055176,4019.8676937818527,1.8688337802886963,5008.0,5008.0,296.0,280.0,5048.0,5028.0,296.0,240.0,5048.0,5048.0,248.0,200.0,5016.0,4567.5,4119.0
2025-09-16 11:23:52,What countries have an even higher rate of income disparity than Namibia?,CPU1,8.159637451171875,880.7742595672607,0.07319450378417969,42.234283447265625,4424.129105806351,0.3564572334289551,5016.0,5012.0,288.0,284.0,5032.0,5022.0,288.0,270.0,5032.0,5032.0,280.0,256.0,5176.0,5023.0,4870.0
2025-09-16 11:23:54,What document contradicts the Cyber Security Strategy?,CPU1,9.937047958374023,891.9718265533447,0.07033348083496094,49.51630997657776,4232.852302908897,0.3170633316040039,5024.0,5024.0,280.0,256.0,5032.0,5028.0,280.0,246.0,5032.0,5032.0,272.0,236.0,4983.0,4745.5,4508.0
2025-09-16 11:23:56,What do friendlies allow managers to experiment with?,CPU1,7.857799530029297,882.4455738067627,0.07271766662597656,35.477964878082275,4120.138384103775,0.35071730613708496,5032.0,5032.0,272.0,232.0,5032.0,5026.0,280.0,244.0,5024.0,5020.0,280.0,256.0,4515.0,4669.0,4823.0
2025-09-16 11:23:58,What is the name of the coach terminus in Melbourne?,CPU1,6.665468215942383,881.4582824707031,0.07104873657226562,30.367873191833496,4324.4343338012695,0.3734321594238281,5040.0,5036.0,264.0,232.0,5040.0,5026.0,288.0,258.0,5016.0,5016.0,288.0,284.0,4556.0,4906.0,5256.0
2025-09-16 11:23:59,How many homes does PGW serve?,CPU1,6.831884384155273,880.3207874298096,0.07224082946777344,28.14053177833557,3985.212204694748,0.3565084934234619,5048.0,5048.0,248.0,200.0,5048.0,5032.0,288.0,236.0,5016.0,5016.0,288.0,272.0,4119.0,4527.0,4935.0
2025-09-16 11:24:01,When was Yale Law School closed?,CPU1,8.569717407226562,879.6279430389404,0.46133995056152344,34.2617301940918,3928.8582075834274,2.276712656021118,5048.0,5048.0,248.0,196.0,5048.0,5030.0,288.0,234.0,5016.0,5012.0,288.0,272.0,3998.0,4466.5,4935.0
2025-09-16 11:24:03,In the writings of Rummel, what is the first and ordinary meaning of genocide?,CPU1,8.349180221557617,879.7037601470947,0.42128562927246094,34.390273332595825,4049.7162598371506,2.1435012817382812,5048.0,5048.0,248.0,192.0,5048.0,5028.0,296.0,234.0,5008.0,5008.0,296.0,276.0,4119.0,4603.5,5088.0
2025-09-16 11:24:05,How did Goring expect to regain prestige?,CPU1,9.931325912475586,879.6403408050537,0.07390975952148438,42.50607490539551,3764.86065864563,0.3163337707519531,5048.0,5048.0,264.0,208.0,5048.0,5048.0,264.0,208.0,5048.0,5048.0,264.0,208.0,4280.0,4280.0,4280.0
2025-09-16 11:24:07,How many days on average does NYC get sunshine annually?,CPU1,7.126331329345703,883.4035396575928,0.4591941833496094,36.25877380371094,4066.7481948137283,1.891420841217041,5008.0,5008.0,296.0,284.0,5048.0,5028.0,296.0,242.0,5048.0,5048.0,248.0,200.0,5088.0,4603.5,4119.0
2025-09-16 11:24:09,How many Nobel Prizes have been won by IBM employees?,CPU1,8.773565292358398,881.8583488464355,0.4296302795410156,42.314905405044556,4082.12229681015,1.9054102897644043,5016.0,5016.0,280.0,260.0,5040.0,5028.0,280.0,242.0,5040.0,5040.0,264.0,224.0,4823.0,4629.0,4435.0
2025-09-16 11:24:11,What is the name of a fine art institution on the campus of KU?,CPU1,6.360530853271484,880.8901309967041,0.07152557373046875,29.188476085662842,4024.3465634584427,0.3252983093261719,5032.0,5028.0,280.0,244.0,5032.0,5030.0,280.0,242.0,5032.0,5032.0,272.0,240.0,4589.0,4568.5,4548.0
2025-09-16 11:24:13,What old form of accounting was created during the late 13th and early 14th centuries?,CPU1,7.467031478881836,880.0289630889893,0.07295608520507812,33.36269664764404,4070.1339542865753,0.3488759994506836,5032.0,5032.0,264.0,232.0,5032.0,5028.0,280.0,244.0,5024.0,5024.0,280.0,256.0,4468.0,4625.0,4782.0
2025-09-16 11:24:15,What theory did Matisse say his choice of colors was based on?,CPU1,7.106542587280273,880.8634281158447,0.4258155822753906,30.36625647544861,4091.170191884041,2.1358909606933594,5040.0,5040.0,256.0,212.0,5040.0,5028.0,288.0,242.0,5016.0,5016.0,288.0,272.0,4273.0,4644.5,5016.0
2025-09-16 11:24:16,What has drinking water been contaminated with for decades, making it unsafe in Endicott?,CPU1,10.798215866088867,879.2731761932373,0.06890296936035156,44.0351243019104,3927.2736414670944,0.33452391624450684,5048.0,5048.0,248.0,200.0,5048.0,5032.0,288.0,232.0,5016.0,5016.0,288.0,264.0,4078.0,4466.5,4855.0
2025-09-16 11:24:18,What shopping center is located along Broadway?,CPU1,11.591672897338867,879.6224594116211,0.07534027099609375,51.014952421188354,4141.702350139618,0.37790679931640625,5048.0,5048.0,264.0,216.0,5048.0,5028.0,296.0,248.0,5008.0,5008.0,296.0,280.0,4401.0,4708.5,5016.0
2025-09-16 11:24:20,What kingdom was Guinea-Bissau once a part of?,CPU1,6.18743896484375,879.9452781677246,0.07033348083496094,25.486061096191406,4050.8280880451202,0.35785675048828125,5048.0,5048.0,248.0,196.0,5048.0,5028.0,296.0,240.0,5008.0,5008.0,296.0,284.0,4119.0,4603.5,5088.0
2025-09-16 11:24:22,In the 1840s, what country could no longer adequately supply the British cotton mills?,CPU1,8.367061614990234,880.803108215332,0.44918060302734375,33.83639717102051,3561.9677696228027,1.8164863586425781,5048.0,5048.0,248.0,196.0,5048.0,5048.0,248.0,196.0,5048.0,5048.0,248.0,196.0,4044.0,4044.0,4044.0
2025-09-16 11:24:24,What type of radiation can clothing provide some protection from?,CPU1,7.156848907470703,893.3382034301758,0.46133995056152344,37.84541702270508,4501.531207084656,2.2098183631896973,5008.0,5004.0,304.0,300.0,5024.0,5014.0,304.0,272.0,5024.0,5024.0,272.0,244.0,5288.0,5039.0,4790.0
2025-09-16 11:24:26,What is another name for Colleobola?,CPU1,10.170936584472656,880.1965713500977,0.07033348083496094,53.051605224609375,4389.100203037262,0.3345763683319092,5016.0,5012.0,296.0,292.0,5032.0,5022.0,296.0,268.0,5032.0,5032.0,272.0,244.0,5216.0,4986.5,4757.0
2025-09-16 11:24:28,Of what were the Satavahanas patrons?,CPU1,13.166666030883789,879.1131973266602,0.0705718994140625,60.42183041572571,3945.460029602051,0.3095989227294922,5024.0,5024.0,272.0,240.0,5032.0,5028.0,272.0,234.0,5032.0,5032.0,264.0,228.0,4589.0,4488.0,4387.0
2025-09-16 11:24:30, When did the colonies declare dependence?,CPU1,8.752107620239258,879.0438175201416,0.064849853515625,38.4567608833313,3930.204908132553,0.2949371337890625,5032.0,5032.0,264.0,224.0,5032.0,5028.0,272.0,232.0,5024.0,5024.0,272.0,240.0,4394.0,4471.0,4548.0
2025-09-16 11:24:32,What was unique to vinyl sales in 2014?,CPU1,6.790637969970703,879.3542385101318,0.06818771362304688,28.242263317108154,3895.978953719139,0.3206186294555664,5040.0,5040.0,256.0,208.0,5040.0,5030.0,280.0,230.0,5024.0,5020.0,280.0,252.0,4159.0,4430.5,4702.0
2025-09-16 11:24:34,What did John attempt to relieve in late 1203?,CPU1,17.948150634765625,879.25124168396,0.06651878356933594,73.19255828857422,3909.590646147728,0.32028794288635254,5048.0,5048.0,248.0,200.0,5048.0,5032.0,288.0,232.0,5016.0,5016.0,288.0,264.0,4078.0,4446.5,4815.0
2025-09-16 11:24:35,What mraines are formed when two ice sheets meet?,CPU1,7.931232452392578,879.2071342468262,0.072479248046875,31.38388681411743,3891.3707761764526,0.3547859191894531,5048.0,5048.0,248.0,192.0,5048.0,5032.0,288.0,230.0,5016.0,5016.0,288.0,268.0,3957.0,4426.0,4895.0
2025-09-16 11:24:37,What is the key aspect of the targeted part of the group at the starting point of the inquiry? ,CPU1,8.908271789550781,879.1990280151367,0.06413459777832031,34.947150230407715,3911.5564756393433,0.31906962394714355,5048.0,5048.0,240.0,188.0,5048.0,5028.0,288.0,230.0,5008.0,5008.0,288.0,272.0,3923.0,4449.0,4975.0
2025-09-16 11:24:39,Who died at Buckingham Palace during WWI?,CPU1,7.833003997802734,878.9200782775879,0.07104873657226562,30.415554523468018,3412.846663951874,0.2758822441101074,5056.0,5056.0,240.0,184.0,5056.0,5056.0,240.0,184.0,5056.0,5056.0,240.0,184.0,3883.0,3883.0,3883.0
2025-09-16 11:24:41,Who painted the walls of the Forbidden city red after the fall of the Ming dynasty?,CPU1,7.833003997802734,882.5926780700684,0.06985664367675781,39.227684020996094,3887.820746898651,0.2655949592590332,5008.0,5008.0,296.0,280.0,5056.0,5032.0,296.0,230.0,5056.0,5056.0,240.0,180.0,5008.0,4405.0,3802.0
2025-09-16 11:24:43,If the Spanish sovereign was found capable of discharging royal authority, what happens?,CPU1,8.626461029052734,881.507396697998,0.07009506225585938,40.906678199768066,4062.426837682724,0.3136754035949707,5024.0,5020.0,280.0,256.0,5040.0,5030.0,280.0,244.0,5040.0,5040.0,256.0,232.0,4742.0,4608.5,4475.0
2025-09-16 11:24:45,What conflict prompted Libya to end its nuclear weapons program?,CPU1,18.990755081176758,879.5223236083984,0.07557868957519531,86.3699541091919,3914.7538623809814,0.3290696144104004,5032.0,5032.0,272.0,240.0,5032.0,5032.0,272.0,232.0,5032.0,5032.0,264.0,224.0,4548.0,4451.0,4354.0
2025-09-16 11:24:47,What type of comic has taken off in the 20th century?,CPU1,8.826971054077148,879.5039653778076,0.07343292236328125,38.78571081161499,3932.262229204178,0.3339729309082031,5032.0,5032.0,264.0,224.0,5032.0,5030.0,272.0,232.0,5032.0,5028.0,272.0,240.0,4394.0,4471.0,4548.0
2025-09-16 11:24:49,About how many people in Somalia speak Somali?,CPU1,4.280567169189453,879.7857761383057,0.0705718994140625,18.119640827178955,3930.4429548978806,0.3318290710449219,5040.0,5040.0,256.0,212.0,5040.0,5032.0,280.0,232.0,5024.0,5024.0,280.0,252.0,4233.0,4467.5,4702.0
2025-09-16 11:24:51,What does the stand alone toilet do to develop local business and revenue?,CPU1,6.881237030029297,879.2109489440918,0.06794929504394531,28.061684608459473,3891.8272655010223,0.32445788383483887,5048.0,5048.0,248.0,200.0,5048.0,5032.0,280.0,230.0,5016.0,5016.0,280.0,260.0,4078.0,4426.5,4775.0
2025-09-16 11:24:52,Where are other mountain areas in the British Isles?,CPU1,15.145063400268555,879.4369697570801,0.06365776062011719,59.92901587486267,3892.3880281448364,0.31160473823547363,5048.0,5048.0,240.0,188.0,5048.0,5032.0,288.0,228.0,5016.0,5016.0,288.0,268.0,3957.0,4426.0,4895.0
2025-09-16 11:24:54,What does a lush environment allow hunter-gatherers to be?,CPU1,3.7336349487304688,880.1953792572021,0.06413459777832031,14.647049903869629,3898.3853347301483,0.31650424003601074,5048.0,5048.0,240.0,184.0,5048.0,5028.0,288.0,228.0,5008.0,5008.0,288.0,272.0,3923.0,4429.0,4935.0
2025-09-16 11:24:56,Who did Burke say had too much individuality?,CPU1,7.822990417480469,879.1713714599609,0.07343292236328125,30.05592918395996,3377.77640914917,0.28212928771972656,5056.0,5052.0,240.0,184.0,5056.0,5052.0,240.0,184.0,5056.0,5052.0,240.0,184.0,3842.0,3842.0,3842.0
2025-09-16 11:24:58,When did FWS create the Safe Harbor agreement?,CPU1,6.450891494750977,881.4313411712646,0.4291534423828125,32.30606460571289,3882.705057859421,1.6316413879394531,5008.0,5008.0,296.0,280.0,5056.0,5032.0,296.0,230.0,5056.0,5056.0,240.0,180.0,5008.0,4405.0,3802.0
2025-09-16 11:25:00,In what year did the Exclusion Crisis end?,CPU1,9.463310241699219,878.9007663726807,0.9467601776123047,45.64154529571533,3929.5653264522552,3.899705171585083,5016.0,5016.0,288.0,260.0,5040.0,5028.0,288.0,230.0,5040.0,5040.0,248.0,200.0,4823.0,4471.0,4119.0
2025-09-16 11:25:02,What was the working name for A Link to the Past prior to release?,CPU1,13.659238815307617,879.3172836303711,0.4324913024902344,62.12221813201904,3913.8412294387817,1.8830671310424805,5032.0,5028.0,272.0,240.0,5032.0,5030.0,272.0,232.0,5032.0,5032.0,264.0,224.0,4548.0,4451.0,4354.0
2025-09-16 11:25:04,When were most churches and monasteries destroyed?,CPU1,7.422924041748047,879.2879581451416,0.06890296936035156,32.319411277770996,3913.7107017040253,0.3133707046508789,5032.0,5032.0,264.0,224.0,5032.0,5028.0,272.0,232.0,5024.0,5024.0,272.0,240.0,4354.0,4451.0,4548.0
2025-09-16 11:25:06,What fraction of the Japanese garrison on Mili died due to hunger?,CPU1,4.970312118530273,879.6513080596924,0.44083595275878906,20.840518712997437,3912.249192595482,2.072810649871826,5040.0,5040.0,256.0,208.0,5040.0,5030.0,280.0,230.0,5024.0,5020.0,280.0,252.0,4193.0,4447.5,4702.0
2025-09-16 11:25:08,Why did Whitehead view the existence of God as a necessity for his mathematical system?,CPU1,8.056163787841797,879.4078826904297,0.06699562072753906,33.18333864212036,3910.726854324341,0.319904088973999,5048.0,5048.0,256.0,204.0,5048.0,5032.0,280.0,232.0,5016.0,5016.0,280.0,260.0,4119.0,4447.0,4775.0
2025-09-16 11:25:09,During daytime how high can the temperatures reach?,CPU1,32.77230262756348,879.1918754577637,0.3628730773925781,131.02366590499878,3909.326674222946,1.77626371383667,5048.0,5048.0,248.0,196.0,5048.0,5032.0,288.0,232.0,5016.0,5016.0,288.0,268.0,3998.0,4446.5,4895.0
2025-09-16 11:25:11,What is the concentration of uranium in sea water?,CPU1,6.645441055297852,879.382848739624,0.07343292236328125,26.07006525993347,3894.786637067795,0.36239147186279297,5048.0,5048.0,240.0,188.0,5048.0,5028.0,288.0,230.0,5008.0,5008.0,288.0,272.0,3923.0,4429.0,4935.0
2025-09-16 11:25:13,Hayek's critical analysis of Keyne's work was published under what title?,CPU1,10.513544082641602,879.1284561157227,0.06365776062011719,40.82409167289734,3893.6599321365356,0.316697359085083,5056.0,5052.0,240.0,184.0,5056.0,5030.0,296.0,232.0,5008.0,5008.0,296.0,280.0,3883.0,4429.0,4975.0
2025-09-16 11:25:15,Aside from the adult contemporary chart, on what other chart did Lionel Richie's "Hello" reach the top spot?,CPU1,7.098197937011719,890.7971382141113,0.06985664367675781,35.3135347366333,3909.2632410526276,0.2655949592590332,5008.0,5008.0,296.0,280.0,5056.0,5032.0,296.0,230.0,5056.0,5056.0,240.0,180.0,4975.0,4388.5,3802.0
2025-09-16 11:25:17,When was the Easter Rising?,CPU1,9.976863861083984,879.4538974761963,0.4570484161376953,48.517488956451416,3896.4204927682877,1.8272795677185059,5016.0,5016.0,288.0,264.0,5048.0,5032.0,288.0,230.0,5048.0,5048.0,248.0,196.0,4863.0,4430.5,3998.0
2025-09-16 11:25:19,What does it take an animal to be able to do?,CPU1,6.389141082763672,879.0395259857178,0.07152557373046875,29.31976842880249,3895.0241396427155,0.30562877655029297,5024.0,5024.0,272.0,240.0,5040.0,5030.0,272.0,228.0,5040.0,5036.0,256.0,216.0,4589.0,4431.0,4273.0
2025-09-16 11:25:21,What can be done to combate dietary deficiences?,CPU1,7.610797882080078,879.1258335113525,0.06794929504394531,33.44184589385986,3912.98908495903,0.30631542205810547,5032.0,5032.0,264.0,224.0,5032.0,5030.0,272.0,230.0,5032.0,5028.0,272.0,236.0,4394.0,4451.0,4508.0
2025-09-16 11:25:23,Which iPod model has its battery soldered into the unit?,CPU1,6.021738052368164,879.5647621154785,0.07343292236328125,25.49001717567444,3911.8642795085907,0.3423442840576172,5040.0,5040.0,264.0,216.0,5040.0,5032.0,280.0,234.0,5024.0,5024.0,280.0,252.0,4233.0,4447.5,4662.0
2025-09-16 11:25:25,As an inhaler, what was Primatene used to treat?,CPU1,11.884450912475586,879.4174194335938,0.07224082946777344,48.46479082107544,3945.5062522888184,0.353618860244751,5048.0,5044.0,248.0,200.0,5048.0,5030.0,288.0,234.0,5016.0,5016.0,288.0,268.0,4078.0,4486.5,4895.0
2025-09-16 11:25:26,What is the process of collecting national rights?,CPU1,7.235288619995117,879.4212341308594,0.07390975952148438,28.92668390274048,3892.758092880249,0.35883188247680664,5048.0,5048.0,248.0,196.0,5048.0,5032.0,288.0,232.0,5016.0,5016.0,288.0,268.0,3998.0,4426.5,4855.0
2025-09-16 11:25:28,Whose envoy was slaughtered by Daurentius?,CPU1,4.828929901123047,879.3268203735352,0.06890296936035156,18.943892002105713,3894.538487434387,0.34003615379333496,5048.0,5048.0,240.0,188.0,5048.0,5030.0,288.0,228.0,5016.0,5012.0,288.0,268.0,3923.0,4429.0,4935.0
2025-09-16 11:25:30,What is the state's last school of medicine?,CPU1,9.609222412109375,878.441333770752,0.06222724914550781,37.3126106262207,3905.110949277878,0.3116340637207031,5056.0,5056.0,240.0,184.0,5056.0,5032.0,296.0,232.0,5008.0,5008.0,296.0,280.0,3883.0,4445.5,5008.0
2025-09-16 11:25:32,The Middle East, the Balkans and others are included in what republic?,CPU1,5.237579345703125,879.4455528259277,0.07152557373046875,26.22979736328125,3891.54657125473,0.27480125427246094,5008.0,5008.0,296.0,280.0,5056.0,5032.0,296.0,230.0,5056.0,5056.0,240.0,180.0,5008.0,4425.0,3842.0
2025-09-16 11:25:34,Which Navy was assumed not to be able to operate under German air superiority?,CPU1,7.217168807983398,879.00710105896,0.09703636169433594,35.0393545627594,3926.0852168798447,0.39571428298950195,5016.0,5016.0,288.0,264.0,5048.0,5032.0,288.0,232.0,5048.0,5048.0,248.0,200.0,4855.0,4466.5,4078.0
2025-09-16 11:25:36,In what year did the FBI stop using commercially available software?,CPU1,7.142543792724609,878.9865970611572,0.4582405090332031,32.48428916931152,3912.369343519211,1.9951791763305664,5024.0,5024.0,272.0,240.0,5032.0,5028.0,272.0,232.0,5032.0,5032.0,264.0,224.0,4548.0,4451.0,4354.0
2025-09-16 11:25:38,What percentage of low-density penetrators is not made up of depleted uranium?,CPU1,8.21828842163086,878.4868717193604,0.07128715515136719,35.78242778778076,3910.145066022873,0.32421398162841797,5032.0,5032.0,264.0,224.0,5032.0,5028.0,272.0,232.0,5024.0,5024.0,272.0,240.0,4354.0,4451.0,4548.0
2025-09-16 11:25:40,What does the flat surface of the redesigned SNES invite people to do?,CPU1,9.984493255615234,878.6816596984863,0.07009506225585938,41.86498022079468,3907.936681509018,0.3295869827270508,5040.0,5040.0,256.0,212.0,5040.0,5030.0,280.0,232.0,5024.0,5020.0,280.0,252.0,4193.0,4447.5,4702.0
2025-09-16 11:25:42,Norfolk Island became a territory of what country?,CPU1,7.251739501953125,878.7121772766113,0.4069805145263672,29.572593688964844,3889.61945271492,1.9433319568634033,5048.0,5044.0,248.0,200.0,5048.0,5030.0,280.0,230.0,5016.0,5016.0,280.0,260.0,4078.0,4426.5,4775.0
2025-09-16 11:25:43,What are Airmen expected to be competent in for these Building Partnerships missions?,CPU1,8.261919021606445,878.4379959106445,0.064849853515625,33.03115224838257,3905.974548816681,0.3174400329589844,5048.0,5048.0,248.0,196.0,5048.0,5028.0,288.0,232.0,5008.0,5008.0,288.0,268.0,3998.0,4446.5,4895.0
2025-09-16 11:25:45,How much electricity is imported by Estonia annually?,CPU1,7.063388824462891,878.6320686340332,0.06532669067382812,27.70967435836792,3909.0340733528137,0.3250002861022949,5048.0,5048.0,240.0,188.0,5048.0,5028.0,288.0,230.0,5008.0,5008.0,288.0,272.0,3923.0,4449.0,4975.0
2025-09-16 11:25:47,What was the original name of the famous rifle manufacturing companies in New Haven?,CPU1,9.357690811157227,879.0135383605957,0.06985664367675781,36.33591341972351,3413.209569454193,0.2712533473968506,5056.0,5052.0,240.0,184.0,5056.0,5052.0,240.0,184.0,5056.0,5052.0,240.0,184.0,3883.0,3883.0,3883.0
2025-09-16 11:25:49,What year did Alexis Bouvard publish relevant astronomical tables? ,CPU1,7.094383239746094,881.4623355865479,0.453948974609375,35.52867126464844,3882.8415882587433,1.7259140014648438,5008.0,5008.0,296.0,280.0,5056.0,5032.0,296.0,230.0,5056.0,5056.0,240.0,180.0,5008.0,4405.0,3802.0
2025-09-16 11:25:51,What does sparging convert starches into?,CPU1,9.331941604614258,879.2483806610107,0.06890296936035156,45.007954359054565,3913.0949181318283,0.28098630905151367,5024.0,5020.0,288.0,260.0,5040.0,5030.0,288.0,230.0,5040.0,5040.0,248.0,200.0,4823.0,4450.5,4078.0
2025-09-16 11:25:53,What was built on the site of the old Theatre Royal?,CPU1,9.768962860107422,879.103422164917,0.06866455078125,44.429243087768555,3930.471400499344,0.3017120361328125,5032.0,5028.0,272.0,236.0,5032.0,5030.0,272.0,230.0,5032.0,5032.0,264.0,224.0,4548.0,4471.0,4394.0
2025-09-16 11:25:55,What type of lectionary do Anglicanism churches follow?,CPU1,12.228012084960938,879.0829181671143,0.06628036499023438,53.24076461791992,3912.7980687618256,0.30144309997558594,5032.0,5032.0,264.0,224.0,5032.0,5028.0,272.0,232.0,5024.0,5024.0,272.0,240.0,4354.0,4451.0,4548.0
2025-09-16 11:25:57,By what year did Canadian oil sands production average 2.3 million barrels per day?,CPU1,12.264013290405273,879.1661262512207,0.4448890686035156,51.42300772666931,3910.091346502304,2.0918684005737305,5040.0,5040.0,256.0,212.0,5040.0,5028.0,280.0,232.0,5016.0,5016.0,280.0,252.0,4193.0,4447.5,4702.0
2025-09-16 11:25:59,Because of their heat resistance, glass-ceramics are especially suitable for what?,CPU1,7.912635803222656,879.3315887451172,0.06961822509765625,32.26772880554199,3892.3612775802612,0.3324270248413086,5040.0,5040.0,248.0,200.0,5040.0,5028.0,280.0,230.0,5016.0,5016.0,280.0,260.0,4078.0,4426.5,4775.0
2025-09-16 11:26:00,Who said "o suggest that merely because these artists developed same as the traditional pattern",CPU1,7.822275161743164,878.9904117584229,0.06389617919921875,31.27345609664917,3908.430865883827,0.3127717971801758,5048.0,5048.0,248.0,196.0,5048.0,5032.0,288.0,232.0,5016.0,5016.0,288.0,268.0,3998.0,4446.5,4895.0
2025-09-16 11:26:02,Who led Husayn's forces?,CPU1,16.356468200683594,879.1019916534424,0.06651878356933594,64.16642475128174,3911.124760866165,0.3309309482574463,5048.0,5048.0,240.0,188.0,5048.0,5028.0,288.0,230.0,5008.0,5008.0,288.0,272.0,3923.0,4449.0,4975.0
2025-09-16 11:26:04,When did Clark make his debut?,CPU1,6.52003288269043,879.0764808654785,0.07104873657226562,25.04996633529663,3377.4118394851685,0.27296924591064453,5056.0,5052.0,240.0,184.0,5056.0,5052.0,240.0,184.0,5056.0,5052.0,240.0,184.0,3842.0,3842.0,3842.0
2025-09-16 11:26:06, In what year did Northwestern University stop teaching?,CPU1,8.388519287109375,879.3160915374756,0.4584789276123047,42.076812744140625,3876.90464758873,1.7431368827819824,5008.0,5008.0,296.0,280.0,5056.0,5032.0,296.0,230.0,5056.0,5056.0,240.0,180.0,5016.0,4409.0,3802.0
2025-09-16 11:26:08,What local figure played in the bands AMM and MIMEO?,CPU1,11.15274429321289,879.1310787200928,0.07128715515136719,53.78968572616577,3912.572865843773,0.2907090187072754,5016.0,5016.0,288.0,264.0,5048.0,5030.0,288.0,232.0,5048.0,5044.0,248.0,200.0,4823.0,4450.5,4078.0
2025-09-16 11:26:10,What is an example of a complex operation?,CPU1,6.6738128662109375,879.2712688446045,0.07343292236328125,30.626127243041992,3914.076053261757,0.3167896270751953,5024.0,5024.0,280.0,244.0,5032.0,5028.0,280.0,232.0,5032.0,5032.0,264.0,220.0,4589.0,4451.5,4314.0
2025-09-16 11:26:12,What operation in the Rasht Valley was concluded in November 1910?,CPU1,8.331775665283203,879.0426254272461,0.072479248046875,36.276551246643066,3912.6187257766724,0.3296356201171875,5032.0,5032.0,264.0,224.0,5032.0,5028.0,272.0,232.0,5024.0,5024.0,272.0,240.0,4354.0,4451.0,4548.0
2025-09-16 11:26:14,Who ranked BYU as No. 11 of institutions whose grads were top-rated by recruiters in a 2010 article?,CPU1,11.652231216430664,878.8692951202393,0.07009506225585938,48.857805490493774,3908.771190047264,0.3295869827270508,5040.0,5040.0,256.0,208.0,5040.0,5030.0,280.0,230.0,5024.0,5020.0,280.0,252.0,4193.0,4447.5,4702.0
2025-09-16 11:26:16,What is a yellow example of a sterile,hybrid plant with no seeds?,CPU1,12.557744979858398,878.9412975311279,0.06914138793945312,52.22766137123108,3943.809602022171,0.3329157829284668,5040.0,5040.0,256.0,208.0,5040.0,5028.0,280.0,234.0,5016.0,5016.0,280.0,260.0,4159.0,4487.0,4815.0
2025-09-16 11:26:18,How many digital copies of previously digitized materials were there in December of 2012?,CPU1,6.293535232543945,879.0912628173828,0.06794929504394531,25.161553859710693,3891.297474861145,0.3298938274383545,5048.0,5048.0,248.0,196.0,5048.0,5032.0,288.0,232.0,5016.0,5016.0,288.0,268.0,3998.0,4426.5,4855.0
2025-09-16 11:26:19,Who funded species within specific states?,CPU1,6.448030471801758,879.3816566467285,0.06651878356933594,25.295623540878296,3894.7813572883606,0.32827019691467285,5048.0,5048.0,240.0,188.0,5048.0,5028.0,288.0,230.0,5008.0,5008.0,288.0,272.0,3923.0,4429.0,4935.0
2025-09-16 11:26:21,What sea plankton doe many sea creatures rely on to live?,CPU1,6.711006164550781,879.4984817504883,0.06914138793945312,25.7836856842041,3379.033166885376,0.2656412124633789,5056.0,5056.0,240.0,184.0,5056.0,5056.0,240.0,184.0,5056.0,5056.0,240.0,184.0,3842.0,3842.0,3842.0
2025-09-16 11:26:23,What contains a distribution of uranium deoxidation species in various forms ranging from most oxidized to least oxidized?,CPU1,6.672859191894531,882.0445537567139,0.07081031799316406,33.19747447967529,3870.852524161339,0.26922082901000977,5008.0,5008.0,296.0,276.0,5056.0,5032.0,296.0,228.0,5056.0,5056.0,240.0,180.0,4975.0,4388.5,3802.0
2025-09-16 11:26:25,What was Liu Shaokun's profession?,CPU1,7.905006408691406,879.2173862457275,0.06937980651855469,37.801740646362305,3894.933021068573,0.282930850982666,5016.0,5016.0,288.0,260.0,5048.0,5030.0,288.0,230.0,5048.0,5044.0,248.0,200.0,4782.0,4430.0,4078.0
2025-09-16 11:26:27,What is one thing the cell must do once DNA replication is compete?,CPU1,8.756637573242188,879.0318965911865,0.0705718994140625,42.23326301574707,4033.4378575086594,0.3072700500488281,5024.0,5024.0,280.0,260.0,5032.0,5028.0,280.0,242.0,5032.0,5032.0,264.0,224.0,4823.0,4588.5,4354.0
2025-09-16 11:26:29,The average rainfall level of somerset ,CPU1,13.350725173950195,879.1656494140625,0.06961822509765625,58.12905740737915,3913.166305541992,0.3166236877441406,5032.0,5032.0,264.0,224.0,5032.0,5028.0,272.0,232.0,5024.0,5024.0,272.0,240.0,4354.0,4451.0,4548.0
2025-09-16 11:26:31,Who was one of the members of the Governing Body in 1995?,CPU1,9.425878524780273,879.0981769561768,0.07271766662597656,39.52270865440369,3909.789142012596,0.3419184684753418,5040.0,5040.0,256.0,208.0,5040.0,5030.0,280.0,230.0,5024.0,5020.0,280.0,252.0,4193.0,4447.5,4702.0
2025-09-16 11:26:33,What was a consequence of adopting proposals intended to resolve the issue of Quebec sovereignty?,CPU1,6.552219390869141,879.6117305755615,0.4115104675292969,26.719950675964355,3893.601325392723,1.9649624824523926,5048.0,5048.0,248.0,200.0,5048.0,5032.0,280.0,230.0,5016.0,5016.0,280.0,260.0,4078.0,4426.5,4775.0
2025-09-16 11:26:35,Why is sequencing done on plants?,CPU1,7.9402923583984375,879.0607452392578,0.06556510925292969,31.419736862182617,3890.722858428955,0.3209412097930908,5048.0,5048.0,248.0,196.0,5048.0,5030.0,288.0,232.0,5016.0,5012.0,288.0,268.0,3957.0,4426.0,4895.0
2025-09-16 11:26:36,Where are the Deccan Traps?,CPU1,11.63029670715332,879.0757656097412,0.41174888610839844,45.625653982162476,3911.0080811977386,2.0484507083892822,5048.0,5048.0,240.0,188.0,5048.0,5028.0,288.0,230.0,5008.0,5008.0,288.0,272.0,3923.0,4449.0,4975.0
2025-09-16 11:26:38,What is not needed to provide power boost to Digimon,CPU1,17.610549926757812,879.0147304534912,0.07224082946777344,67.65973281860352,3377.1745944023132,0.27754926681518555,5056.0,5052.0,240.0,184.0,5056.0,5052.0,240.0,184.0,5056.0,5052.0,240.0,184.0,3842.0,3842.0,3842.0
2025-09-16 11:26:40,When was the Everton club founded?,CPU1,6.995677947998047,878.9622783660889,0.4534721374511719,35.03435516357422,3871.8288362026215,1.7241010665893555,5008.0,5008.0,296.0,280.0,5056.0,5032.0,296.0,230.0,5056.0,5056.0,240.0,180.0,5008.0,4405.0,3802.0
2025-09-16 11:26:42,What Protestant group is fine with the mixing of religions?,CPU1,8.79979133605957,878.9336681365967,0.06914138793945312,42.44139361381531,3911.6942900419235,0.28195858001708984,5016.0,5016.0,288.0,260.0,5040.0,5028.0,288.0,230.0,5040.0,5040.0,248.0,200.0,4823.0,4450.5,4078.0
2025-09-16 11:26:44,How many times has Daniel Craig portrayed James Bond in films?,CPU1,5.568742752075195,879.2643547058105,0.4496574401855469,25.32664203643799,3913.6056427955627,1.957808494567871,5024.0,5024.0,272.0,236.0,5032.0,5028.0,272.0,230.0,5032.0,5032.0,264.0,224.0,4548.0,4451.0,4354.0
2025-09-16 11:26:46,Capital letters refer to which case of letter?,CPU1,6.438732147216797,879.4093132019043,0.06508827209472656,27.77669048309326,3896.662666797638,0.2960214614868164,5040.0,5040.0,264.0,220.0,5040.0,5032.0,272.0,230.0,5024.0,5024.0,272.0,240.0,4314.0,4431.0,4548.0
2025-09-16 11:26:48,What happens during a pin attempt?,CPU1,9.460926055908203,879.2338371276855,0.064849853515625,39.28176498413086,3892.368196964264,0.30492401123046875,5040.0,5040.0,256.0,208.0,5040.0,5030.0,280.0,230.0,5024.0,5020.0,280.0,252.0,4152.0,4427.0,4702.0
2025-09-16 11:26:50,Where were the first demonstrations in Armenia?,CPU1,9.732961654663086,879.3151378631592,0.4596710205078125,42.83476424217224,4224.669579863548,2.3939666748046875,5040.0,5040.0,264.0,220.0,5040.0,5022.0,296.0,254.0,5008.0,5004.0,296.0,288.0,4401.0,4804.5,5208.0
2025-09-16 11:26:52,What is another name for Vedic Sanskrit?,CPU1,9.817361831665039,880.5656433105469,0.07128715515136719,40.03520154953003,3968.2690715789795,0.35180211067199707,5048.0,5048.0,248.0,200.0,5048.0,5028.0,288.0,236.0,5008.0,5008.0,288.0,272.0,4078.0,4506.5,4935.0
2025-09-16 11:26:53,Who traditionally paid for scholars to study natural sciences?,CPU1,11.261224746704102,879.812479019165,0.06461143493652344,44.628233671188354,3931.8819687366486,0.3214418888092041,5048.0,5048.0,248.0,192.0,5048.0,5028.0,288.0,232.0,5008.0,5008.0,288.0,272.0,3963.0,4469.0,4975.0
2025-09-16 11:26:55,What state supported DST because it wanted to sell more potatoes?,CPU1,8.098602294921875,879.1444301605225,0.46133995056152344,31.44687271118164,3413.7178223133087,1.7913830280303955,5056.0,5052.0,240.0,184.0,5056.0,5052.0,240.0,184.0,5056.0,5052.0,240.0,184.0,3883.0,3883.0,3883.0
2025-09-16 11:26:57,What date was Live Aid?,CPU1,8.506059646606445,879.6262741088867,0.07343292236328125,42.59834671020508,3892.3462629318237,0.28212928771972656,5008.0,5008.0,296.0,280.0,5056.0,5032.0,296.0,230.0,5056.0,5056.0,240.0,180.0,5008.0,4425.0,3842.0
2025-09-16 11:26:59,How much content does the Community Tool Box offer?,CPU1,5.312681198120117,879.807710647583,0.0743865966796875,25.623061418533325,3933.6202743053436,0.3063983917236328,5016.0,5016.0,288.0,264.0,5048.0,5032.0,288.0,232.0,5048.0,5048.0,248.0,200.0,4823.0,4471.0,4119.0
2025-09-16 11:27:01,What fluids are in Neptune's interior? ,CPU1,7.87043571472168,879.5149326324463,0.07200241088867188,36.432246923446655,3950.3413199186325,0.31349849700927734,5024.0,5024.0,280.0,244.0,5032.0,5028.0,280.0,234.0,5032.0,5032.0,264.0,224.0,4629.0,4491.5,4354.0
2025-09-16 11:27:03,Did the followers of Meletius obey the guidelines of Nicaea?,CPU1,8.484840393066406,879.3432712554932,0.06890296936035156,36.94299507141113,3913.9569003582,0.3133707046508789,5032.0,5032.0,264.0,224.0,5032.0,5028.0,272.0,232.0,5024.0,5024.0,272.0,240.0,4354.0,4451.0,4548.0
2025-09-16 11:27:05,How long does the sponsor remain? ,CPU1,7.396459579467773,879.2724609375,0.07152557373046875,31.013355016708374,3910.5642700195312,0.33631324768066406,5040.0,5040.0,256.0,212.0,5040.0,5028.0,280.0,232.0,5016.0,5016.0,280.0,252.0,4193.0,4447.5,4702.0
2025-09-16 11:27:07,Who signed the Treaty of Wuchale for Italy?,CPU1,8.184432983398438,879.1494369506836,0.07200241088867188,33.711679458618164,3927.1605348587036,0.3466916084289551,5048.0,5044.0,256.0,204.0,5048.0,5030.0,288.0,234.0,5016.0,5016.0,288.0,264.0,4119.0,4467.0,4815.0
2025-09-16 11:27:09,If you needed to place an antenna somewhere with a large amount of interference, which type would be best?,CPU1,7.157564163208008,879.4164657592773,0.07343292236328125,28.902244091033936,3945.501973628998,0.36239147186279297,5048.0,5048.0,248.0,196.0,5048.0,5028.0,288.0,232.0,5008.0,5008.0,288.0,268.0,4038.0,4486.5,4935.0
2025-09-16 11:27:10,How many stations did the CBC have broadcasting in analog in 2012?,CPU1,9.096860885620117,879.6107769012451,0.4780292510986328,35.68698525428772,3909.8699033260345,2.374371290206909,5048.0,5048.0,240.0,188.0,5048.0,5028.0,288.0,232.0,5008.0,5008.0,288.0,276.0,3923.0,4445.0,4967.0
2025-09-16 11:27:12,When does an electric field develop across the dielectric?,CPU1,6.2885284423828125,879.143476486206,0.07510185241699219,24.669897079467773,3448.8798582553864,0.29462456703186035,5056.0,5052.0,240.0,184.0,5056.0,5052.0,240.0,184.0,5056.0,5052.0,240.0,184.0,3923.0,3923.0,3923.0
2025-09-16 11:27:14,What does Lan-nang mean in Singapore?,CPU1,8.487224578857422,879.1377544403076,0.07176399230957031,42.50402069091797,3890.184563398361,0.27571725845336914,5008.0,5008.0,296.0,280.0,5056.0,5032.0,296.0,230.0,5056.0,5056.0,240.0,180.0,5008.0,4425.0,3842.0
2025-09-16 11:27:16,Where did Cork get pieces of its language from?,CPU1,7.509469985961914,879.1491985321045,0.06890296936035156,36.45847678184509,3944.742453813553,0.2838113307952881,5016.0,5016.0,288.0,264.0,5040.0,5028.0,288.0,236.0,5040.0,5040.0,256.0,208.0,4855.0,4487.0,4119.0
2025-09-16 11:27:18,For what is cotton used to make?,CPU1,9.83738899230957,879.209041595459,0.07081031799316406,44.740445137023926,3930.943624973297,0.3111405372619629,5024.0,5024.0,272.0,240.0,5032.0,5028.0,272.0,234.0,5032.0,5032.0,264.0,228.0,4548.0,4471.0,4394.0
2025-09-16 11:27:20,What is the primary method for determining the Avogadro constant?,CPU1,8.509159088134766,878.9136409759521,0.07033348083496094,37.04887866973877,3930.06234562397,0.32276034355163574,5032.0,5032.0,264.0,224.0,5032.0,5028.0,272.0,232.0,5024.0,5024.0,272.0,240.0,4354.0,4471.5,4589.0
2025-09-16 11:27:22,Which independent school had more hosted outreach events than Eton?,CPU1,7.742643356323242,879.2586326599121,0.06842613220214844,32.774609327316284,3945.6731140613556,0.3244767189025879,5040.0,5040.0,256.0,212.0,5040.0,5028.0,280.0,234.0,5016.0,5016.0,280.0,256.0,4233.0,4487.5,4742.0
2025-09-16 11:27:24,What is another word for interfere?,CPU1,12.529134750366211,879.5323371887207,0.0705718994140625,51.09381151199341,3928.431184053421,0.34262657165527344,5048.0,5048.0,248.0,200.0,5048.0,5032.0,288.0,234.0,5016.0,5016.0,288.0,268.0,4078.0,4466.5,4855.0
2025-09-16 11:27:26,Who was the least influential supporter of the ideals of Terence?,CPU1,11.032342910766602,879.9037933349609,0.07319450378417969,44.10730695724487,4000.9225482940674,0.3729991912841797,5048.0,5048.0,248.0,196.0,5048.0,5030.0,288.0,240.0,5016.0,5012.0,288.0,284.0,3998.0,4547.0,5096.0
2025-09-16 11:27:27,How many sutras are in the Astadhyayi?,CPU1,9.020805358886719,879.058837890625,0.06866455078125,36.11930465698242,3946.534652709961,0.34160614013671875,5048.0,5048.0,248.0,192.0,5048.0,5028.0,288.0,234.0,5008.0,5008.0,288.0,276.0,4004.0,4489.5,4975.0
2025-09-16 11:27:29, How many madaris have been founded outside of Cairo?,CPU1,11.244773864746094,878.8444995880127,0.45037269592285156,43.66345691680908,3412.5531919002533,1.7487971782684326,5056.0,5056.0,240.0,184.0,5056.0,5056.0,240.0,184.0,5056.0,5056.0,240.0,184.0,3883.0,3883.0,3883.0
2025-09-16 11:27:31,What fraction of Manhattan residents have graduate degrees?,CPU1,12.904644012451172,879.0669441223145,0.07605552673339844,65.14264297485352,3907.4525666236877,0.2922053337097168,5008.0,5008.0,296.0,284.0,5056.0,5032.0,296.0,232.0,5056.0,5056.0,240.0,180.0,5048.0,4445.0,3842.0
2025-09-16 11:27:33,Where are many of the wealthy neighborhoods located? ,CPU1,6.703615188598633,879.4097900390625,0.06961822509765625,32.331536054611206,3949.4293670654297,0.28954219818115234,5016.0,5016.0,288.0,264.0,5040.0,5028.0,288.0,234.0,5040.0,5040.0,248.0,204.0,4823.0,4491.0,4159.0
2025-09-16 11:27:35,When would you have first found the moving coil microphone?,CPU1,7.1887969970703125,879.1937828063965,0.07271766662597656,32.989389419555664,3948.89887547493,0.319521427154541,5024.0,5024.0,272.0,240.0,5032.0,5028.0,272.0,232.0,5032.0,5032.0,264.0,224.0,4589.0,4491.5,4394.0
2025-09-16 11:27:37,What is the time limit for completing an Endangered Species Recovery Plan?,CPU1,8.803844451904297,878.9048194885254,0.07176399230957031,38.68409252166748,3965.1790931224823,0.332195520401001,5032.0,5032.0,264.0,224.0,5032.0,5028.0,272.0,232.0,5024.0,5024.0,272.0,240.0,4394.0,4511.5,4629.0
2025-09-16 11:27:39,Where did Islamic influence in Tibet come from?,CPU1,8.571147918701172,878.9217472076416,0.45371055603027344,35.938823223114014,3909.004470705986,2.1333470344543457,5040.0,5040.0,256.0,212.0,5040.0,5028.0,280.0,234.0,5016.0,5016.0,280.0,256.0,4193.0,4447.5,4702.0
2025-09-16 11:27:41,What alphabet is invisible graphic:223 based on?,CPU1,7.530927658081055,879.086971282959,0.4470348358154297,30.71112298965454,3908.860217809677,2.152472734451294,5048.0,5048.0,248.0,200.0,5048.0,5032.0,288.0,232.0,5016.0,5016.0,288.0,264.0,4078.0,4446.5,4815.0
2025-09-16 11:27:43,What astronomical study is important research for Antarctica?,CPU1,8.0108642578125,879.2617321014404,0.09298324584960938,32.347869873046875,3927.2225264310837,0.4551529884338379,5048.0,5048.0,248.0,196.0,5048.0,5030.0,288.0,232.0,5016.0,5012.0,288.0,268.0,4038.0,4466.5,4895.0
2025-09-16 11:27:44,How many kilometres do the Alps stretch?,CPU1,10.149955749511719,878.9243698120117,0.07200241088867188,40.22427463531494,3927.9130086898804,0.3582119941711426,5048.0,5048.0,248.0,192.0,5048.0,5028.0,288.0,234.0,5008.0,5008.0,288.0,276.0,3963.0,4469.0,4975.0
2025-09-16 11:27:46,How many people were displaced in the unrests?,CPU1,6.380796432495117,878.6537647247314,0.06890296936035156,24.51501989364624,3375.787764072418,0.2647252082824707,5056.0,5056.0,240.0,184.0,5056.0,5056.0,240.0,184.0,5056.0,5056.0,240.0,184.0,3842.0,3842.0,3842.0
2025-09-16 11:27:48,What company merged with Comcast, making it the largest TV company?,CPU1,7.527589797973633,879.1797161102295,0.07104873657226562,37.69816970825195,3925.97702229023,0.27872419357299805,5008.0,5008.0,296.0,280.0,5056.0,5032.0,296.0,232.0,5056.0,5056.0,240.0,184.0,5008.0,4465.5,3923.0
2025-09-16 11:27:50,Which prominent star felt the 2009 Female Video of the Year award should have went to Beyoncé instead of Taylor Swift?,CPU1,18.431425094604492,878.9422512054443,0.3864765167236328,88.13907480239868,3964.9084951877594,1.6386604309082031,5024.0,5020.0,288.0,260.0,5040.0,5030.0,288.0,236.0,5040.0,5040.0,256.0,212.0,4782.0,4511.0,4240.0
2025-09-16 11:27:52,Was Texas a primarily a Spanish speaking state?,CPU1,8.629083633422852,879.0526390075684,0.06985664367675781,39.598864793777466,3948.2649281024933,0.30695009231567383,5032.0,5028.0,272.0,240.0,5032.0,5030.0,272.0,234.0,5032.0,5032.0,264.0,228.0,4589.0,4491.5,4394.0
2025-09-16 11:27:54,What do critics of the Jehovah's Witnesses accuse the religion's leaders of exercising over members?,CPU1,8.124828338623047,878.9639472961426,0.07081031799316406,35.375502586364746,3930.2872903347015,0.3249485492706299,5040.0,5036.0,264.0,224.0,5040.0,5030.0,272.0,234.0,5024.0,5024.0,272.0,244.0,4354.0,4471.5,4589.0
2025-09-16 11:27:56,What does Theotokos mean?,CPU1,16.648530960083008,878.9668083190918,0.07104873657226562,69.24124026298523,3911.841780424118,0.3369131088256836,5040.0,5040.0,256.0,208.0,5040.0,5030.0,280.0,232.0,5024.0,5020.0,280.0,256.0,4159.0,4450.5,4742.0
2025-09-16 11:27:58,What movie did Spectre unseat as having the highest earnings for IMAX screenings in the UK?,CPU1,10.058879852294922,879.0948390960693,0.45013427734375,41.43252611160278,3926.9166462421417,2.1673965454101562,5048.0,5048.0,248.0,200.0,5048.0,5032.0,288.0,232.0,5016.0,5016.0,288.0,264.0,4119.0,4467.0,4815.0
2025-09-16 11:28:00,Who developed the Carolingian minuscule script for handwriting?,CPU1,7.55000114440918,879.1496753692627,0.07581710815429688,30.1849045753479,3926.722025036812,0.3741574287414551,5048.0,5048.0,248.0,196.0,5048.0,5030.0,288.0,234.0,5016.0,5012.0,288.0,272.0,3998.0,4466.5,4935.0
2025-09-16 11:28:01,Who was known as a reformer in Strasbourg?,CPU1,6.977558135986328,880.7055950164795,0.07033348083496094,27.372960567474365,4041.9983283281326,0.3696727752685547,5048.0,5048.0,240.0,184.0,5048.0,5028.0,296.0,240.0,5008.0,5008.0,296.0,296.0,3923.0,4589.5,5256.0
2025-09-16 11:28:03,Who was high priest according to Christian tradition?,CPU1,7.025718688964844,878.7369728088379,0.06842613220214844,27.561894416809082,3447.285144329071,0.2684357166290283,5056.0,5056.0,240.0,184.0,5056.0,5056.0,240.0,184.0,5056.0,5056.0,240.0,184.0,3923.0,3923.0,3923.0
2025-09-16 11:28:05,What is the oldest group with devised rules in Canada?,CPU1,8.341312408447266,878.9374828338623,0.07176399230957031,41.773292541503906,3907.316579937935,0.2786595821380615,5008.0,5008.0,296.0,280.0,5056.0,5032.0,296.0,232.0,5056.0,5056.0,240.0,184.0,5008.0,4445.5,3883.0
2025-09-16 11:28:07,When did Wellbutrin plead guilty?,CPU1,7.334709167480469,881.2422752380371,0.07009506225585938,35.0745792388916,4010.974215745926,0.30288076400756836,5024.0,5020.0,288.0,260.0,5040.0,5030.0,288.0,240.0,5040.0,5040.0,256.0,220.0,4782.0,4551.5,4321.0
2025-09-16 11:28:09,Agriculture ended how many years ago?,CPU1,7.568836212158203,879.3830871582031,0.06866455078125,34.733389377593994,3982.286310195923,0.306793212890625,5032.0,5028.0,272.0,244.0,5032.0,5030.0,272.0,236.0,5032.0,5032.0,264.0,228.0,4589.0,4528.5,4468.0
2025-09-16 11:28:11,What is the customary calendar of Iran?,CPU1,8.30078125,879.8666000366211,0.07176399230957031,36.1416015625,3934.323502063751,0.32932496070861816,5040.0,5036.0,264.0,224.0,5040.0,5030.0,272.0,232.0,5024.0,5024.0,272.0,240.0,4354.0,4471.5,4589.0
2025-09-16 11:28:13,Whose authority did the sisters not live under?,CPU1,7.379293441772461,879.2448043823242,0.0705718994140625,30.985653162002563,3930.6638979911804,0.3346519470214844,5040.0,5040.0,256.0,208.0,5040.0,5030.0,280.0,232.0,5024.0,5020.0,280.0,256.0,4199.0,4470.5,4742.0
2025-09-16 11:28:15,When were birds represented in early cave paintings?,CPU1,11.865615844726562,879.7149658203125,0.07319450378417969,48.38798141479492,3929.246894836426,0.3553593158721924,5048.0,5048.0,248.0,200.0,5048.0,5032.0,288.0,232.0,5016.0,5016.0,288.0,264.0,4078.0,4466.5,4855.0
2025-09-16 11:28:17,What initiative did Madonna launched with her film?,CPU1,8.147001266479492,879.1422843933105,0.06508827209472656,32.57171106338501,3926.6890132427216,0.3212106227874756,5048.0,5048.0,248.0,196.0,5048.0,5030.0,288.0,234.0,5016.0,5012.0,288.0,272.0,3998.0,4466.5,4935.0
2025-09-16 11:28:18,Who replaced Gladstone for only a few short months? ,CPU1,7.282257080078125,879.324197769165,0.06127357482910156,28.85958480834961,3929.6998398303986,0.3048360347747803,5048.0,5048.0,248.0,192.0,5048.0,5028.0,288.0,234.0,5008.0,5008.0,288.0,276.0,3963.0,4469.0,4975.0
2025-09-16 11:28:20,What's on the other side of the Hudson from the Bronx?,CPU1,8.973836898803711,878.798246383667,0.06842613220214844,34.84540867805481,3412.373590707779,0.2656986713409424,5056.0,5056.0,240.0,184.0,5056.0,5056.0,240.0,184.0,5056.0,5056.0,240.0,184.0,3883.0,3883.0,3883.0
2025-09-16 11:28:22,What did the French navy lack in engaging coastal defenses?,CPU1,8.685827255249023,879.6885013580322,0.06556510925292969,43.91554260253906,3949.3615268468857,0.25721192359924316,5008.0,5008.0,296.0,280.0,5056.0,5032.0,296.0,232.0,5056.0,5056.0,240.0,184.0,5056.0,4489.5,3923.0
2025-09-16 11:28:24,In 2013, on what day were Arena Football League games usually broadcast on CBS Sports Network?,CPU1,7.681131362915039,879.3621063232422,0.4394054412841797,36.73117017745972,3948.775538444519,1.8450634479522705,5016.0,5016.0,280.0,256.0,5040.0,5028.0,280.0,234.0,5040.0,5040.0,256.0,212.0,4782.0,4490.5,4199.0
2025-09-16 11:28:26,What are Jehovah witnesses best known for?,CPU1,10.814666748046875,879.112958908081,0.06771087646484375,48.75251770019531,3909.8548847436905,0.29704761505126953,5032.0,5032.0,272.0,236.0,5032.0,5032.0,272.0,232.0,5032.0,5032.0,264.0,228.0,4508.0,4447.5,4387.0
2025-09-16 11:28:28,Under what condition does a displacement current never flow in a capacitor?,CPU1,7.411479949951172,879.8360824584961,0.06628036499023438,32.2695837020874,4001.4945030212402,0.3143014907836914,5032.0,5032.0,264.0,224.0,5032.0,5028.0,272.0,240.0,5024.0,5024.0,272.0,256.0,4354.0,4548.0,4742.0
2025-09-16 11:28:30,Who judged everything according to mental ideals?,CPU1,8.055686950683594,879.309892654419,0.7917881011962891,33.82582950592041,3930.95487511158,3.7546591758728027,5040.0,5040.0,256.0,212.0,5040.0,5030.0,280.0,234.0,5024.0,5020.0,280.0,256.0,4199.0,4470.5,4742.0
2025-09-16 11:28:32,Who was saved with the Judges' Save?,CPU1,4.803180694580078,880.4612159729004,0.06842613220214844,19.58737087249756,3914.9707968235016,0.3294718265533447,5048.0,5048.0,248.0,200.0,5048.0,5032.0,288.0,232.0,5016.0,5016.0,288.0,264.0,4078.0,4446.5,4815.0
2025-09-16 11:28:34,What are the ranging signals of the BeiDou system based on?,CPU1,7.916688919067383,879.2192935943604,0.06341934204101562,31.650922298431396,3909.4485889673233,0.3104376792907715,5048.0,5048.0,248.0,196.0,5048.0,5030.0,288.0,234.0,5016.0,5012.0,288.0,272.0,3998.0,4446.5,4895.0
2025-09-16 11:28:36,In what way is the dielectric used in order to cause the absolute breakdown voltage of capacitors to be limited?,CPU1,11.823892593383789,879.1413307189941,0.06103515625,46.385130643844604,3925.8056123256683,0.3056640625,5048.0,5048.0,240.0,184.0,5048.0,5028.0,296.0,232.0,5008.0,5008.0,296.0,280.0,3923.0,4465.5,5008.0
2025-09-16 11:28:37,Both types of climate zones in the eastern part of the state are what?,CPU1,7.601261138916016,878.4976005554199,0.07009506225585938,29.51569700241089,3411.2061829566956,0.27217912673950195,5056.0,5056.0,240.0,184.0,5056.0,5056.0,240.0,184.0,5056.0,5056.0,240.0,184.0,3883.0,3883.0,3883.0
2025-09-16 11:28:39,Who was the first ISP provider in Somalia?,CPU1,10.342597961425781,878.8018226623535,0.06532669067382812,51.79573059082031,3941.8655755519867,0.25888967514038086,5008.0,5008.0,296.0,280.0,5048.0,5028.0,296.0,232.0,5048.0,5048.0,240.0,184.0,5008.0,4485.5,3963.0
2025-09-16 11:28:41,What did Bell create in 1881?,CPU1,7.8563690185546875,881.5839290618896,0.06985664367675781,37.569156646728516,3956.10788166523,0.2929089069366455,5024.0,5020.0,280.0,256.0,5040.0,5030.0,280.0,234.0,5040.0,5040.0,256.0,212.0,4782.0,4487.5,4193.0
2025-09-16 11:28:43,What loyalists did Nasser target?,CPU1,8.98599624633789,880.0234794616699,0.07128715515136719,41.596176624298096,4002.7867963314056,0.3185110092163086,5032.0,5028.0,272.0,244.0,5032.0,5030.0,272.0,240.0,5032.0,5032.0,272.0,236.0,4629.0,4548.5,4468.0
2025-09-16 11:28:45,When was the Massey conference held?,CPU1,6.754398345947266,879.0848255157471,0.43845176696777344,29.678826332092285,3962.914393424988,2.026524066925049,5040.0,5036.0,264.0,224.0,5040.0,5030.0,272.0,234.0,5024.0,5024.0,272.0,244.0,4394.0,4508.0,4622.0
2025-09-16 11:28:47,What did the fans used to be called?,CPU1,5.349397659301758,879.35471534729,0.06532669067382812,22.24814486503601,3913.5681606531143,0.30977916717529297,5040.0,5040.0,256.0,208.0,5040.0,5028.0,280.0,232.0,5016.0,5016.0,280.0,256.0,4159.0,4450.5,4742.0
2025-09-16 11:28:49,For what have CTC students failed to qualify ?,CPU1,6.569385528564453,878.9865970611572,0.06365776062011719,27.059298992156982,3926.4331290721893,0.30651211738586426,5048.0,5048.0,248.0,200.0,5048.0,5032.0,288.0,232.0,5016.0,5016.0,288.0,264.0,4119.0,4467.0,4815.0
2025-09-16 11:28:51,How does the financial backing of students around the world differ?,CPU1,6.200313568115234,878.972053527832,0.0629425048828125,24.571842670440674,3910.5466661453247,0.3106212615966797,5048.0,5048.0,248.0,196.0,5048.0,5030.0,288.0,234.0,5016.0,5012.0,288.0,272.0,3963.0,4449.0,4935.0
2025-09-16 11:28:53,What was installed on the front of the console so the joystick could be used?,CPU1,8.464574813842773,879.3642520904541,0.06318092346191406,33.2065269947052,3926.801067709923,0.3164100646972656,5048.0,5048.0,240.0,188.0,5048.0,5028.0,296.0,234.0,5008.0,5008.0,296.0,280.0,3923.0,4465.5,5008.0
2025-09-16 11:28:54,Who played by their own rules till the 1890's?,CPU1,12.917757034301758,878.6888122558594,0.0705718994140625,50.676360845565796,3447.0962104797363,0.2768535614013672,5056.0,5056.0,240.0,184.0,5056.0,5056.0,240.0,184.0,5056.0,5056.0,240.0,184.0,3923.0,3923.0,3923.0
2025-09-16 11:28:56,What political party established Ireland's assembly?,CPU1,9.550094604492188,879.669189453125,0.06604194641113281,47.826873779296875,3928.1627655029297,0.259082555770874,5008.0,5008.0,296.0,280.0,5048.0,5028.0,296.0,234.0,5048.0,5048.0,240.0,188.0,5008.0,4465.5,3923.0
2025-09-16 11:28:58,Which parental figures often avoided the common familial rules?,CPU1,6.497859954833984,878.9334297180176,0.43892860412597656,30.812851905822754,3926.6350972652435,1.8404276371002197,5024.0,5024.0,280.0,252.0,5040.0,5032.0,280.0,232.0,5040.0,5040.0,256.0,212.0,4742.0,4467.5,4193.0
2025-09-16 11:29:00,What did the 1912 exhiibtion of Cubism show?,CPU1,6.585359573364258,879.0380954742432,0.06341934204101562,29.423386573791504,3927.5422105789185,0.2833576202392578,5032.0,5032.0,272.0,236.0,5032.0,5032.0,272.0,232.0,5032.0,5032.0,264.0,228.0,4468.0,4468.0,4468.0
2025-09-16 11:29:02,Why can't Photo CDs work on any computer?,CPU1,7.645368576049805,878.7403106689453,0.0629425048828125,32.668659925460815,3908.1975317001343,0.2909202575683594,5040.0,5040.0,264.0,220.0,5040.0,5032.0,272.0,232.0,5024.0,5024.0,272.0,244.0,4273.0,4447.5,4622.0
2025-09-16 11:29:04,What was reportedly the high value of of loot that the Ganj-i-Sawai had?,CPU1,6.953954696655273,879.5695304870605,0.06532669067382812,28.921497583389282,3932.115586042404,0.3123922348022461,5040.0,5040.0,256.0,208.0,5040.0,5028.0,280.0,232.0,5016.0,5016.0,280.0,256.0,4159.0,4470.5,4782.0
2025-09-16 11:29:06,Who was Alais?,CPU1,9.067535400390625,879.0915012359619,0.0629425048828125,36.97740936279297,3944.044020295143,0.3081035614013672,5048.0,5048.0,248.0,200.0,5048.0,5032.0,288.0,234.0,5016.0,5016.0,288.0,268.0,4078.0,4486.5,4895.0
2025-09-16 11:29:08,What is one huge advantage to using the black-box method?,CPU1,6.842613220214844,879.1992664337158,0.0629425048828125,27.397823333740234,3929.581121325493,0.3106212615966797,5048.0,5048.0,248.0,196.0,5048.0,5028.0,288.0,234.0,5008.0,5008.0,288.0,272.0,4004.0,4469.5,4935.0
2025-09-16 11:29:10,What are lower lobes in the lungs often more affected by?,CPU1,8.584022521972656,878.8142204284668,0.41413307189941406,34.01848125457764,3941.921185731888,2.0739784240722656,5056.0,5052.0,240.0,188.0,5056.0,5030.0,296.0,234.0,5008.0,5008.0,296.0,280.0,3963.0,4485.5,5008.0
2025-09-16 11:29:11,What ranks in the Song dynasty wore blue?,CPU1,6.793498992919922,878.5254955291748,0.07152557373046875,26.379156589508057,3411.3144991397858,0.27773380279541016,5056.0,5056.0,240.0,184.0,5056.0,5056.0,240.0,184.0,5056.0,5056.0,240.0,184.0,3883.0,3883.0,3883.0
2025-09-16 11:29:13,Korean Presbyterian denominations are the biggest missionary sender in the world after which country?,CPU1,7.528543472290039,879.5559406280518,0.0705718994140625,37.454503774642944,3930.7354986667633,0.2796764373779297,5016.0,5012.0,288.0,272.0,5048.0,5030.0,288.0,230.0,5048.0,5048.0,240.0,188.0,4975.0,4469.0,3963.0
2025-09-16 11:29:15,The release of what electronic had a positive impact on Dell?,CPU1,10.500431060791016,887.0623111724854,0.4558563232421875,49.373026847839355,3966.055593252182,1.932830810546875,5024.0,5024.0,280.0,252.0,5040.0,5032.0,280.0,232.0,5040.0,5040.0,256.0,212.0,4702.0,4471.0,4240.0
2025-09-16 11:29:17,What event was caused by smaller herbivores in the area?,CPU1,6.9751739501953125,879.7624111175537,0.06628036499023438,31.165077209472656,3913.183204650879,0.2934894561767578,5032.0,5032.0,272.0,236.0,5032.0,5032.0,272.0,232.0,5032.0,5032.0,264.0,228.0,4468.0,4448.0,4428.0
2025-09-16 11:29:19,Where is corruption even more prevalent?,CPU1,8.730411529541016,879.3141841888428,0.06890296936035156,37.30504846572876,3913.827433824539,0.3189518451690674,5040.0,5040.0,264.0,220.0,5040.0,5032.0,272.0,232.0,5024.0,5024.0,272.0,244.0,4273.0,4451.0,4629.0
2025-09-16 11:29:21,Which individuals usually approved charters for generals?,CPU1,6.731510162353516,879.7512054443359,0.06532669067382812,27.99635076522827,3932.927763938904,0.3123922348022461,5040.0,5040.0,256.0,208.0,5040.0,5028.0,280.0,232.0,5016.0,5016.0,280.0,256.0,4159.0,4470.5,4782.0
2025-09-16 11:29:23,Who was king when the Magyars settled in Hungary?,CPU1,9.572029113769531,879.786491394043,0.06937980651855469,38.65185356140137,3911.970633983612,0.336838960647583,5048.0,5048.0,248.0,196.0,5048.0,5032.0,288.0,232.0,5016.0,5016.0,288.0,268.0,4038.0,4446.5,4855.0
2025-09-16 11:29:25,Who won a victory at Boulogne-sur-Mer Harbour?,CPU1,5.679607391357422,880.1724910736084,0.07009506225585938,22.508284091949463,3898.2839629650116,0.34311532974243164,5048.0,5048.0,248.0,192.0,5048.0,5030.0,288.0,232.0,5016.0,5012.0,288.0,272.0,3963.0,4429.0,4895.0
2025-09-16 11:29:27,Where would a password typed on a seemingly authetic webpage be directed?,CPU1,8.822202682495117,879.6384334564209,0.07200241088867188,34.609501123428345,3931.543978333473,0.3611640930175781,5056.0,5052.0,240.0,188.0,5056.0,5030.0,296.0,234.0,5008.0,5008.0,296.0,280.0,3923.0,4469.5,5016.0
2025-09-16 11:29:28,What were common in new churches?,CPU1,9.833335876464844,879.3232440948486,0.42724609375,37.77967643737793,3378.3599038124084,1.6414794921875,5056.0,5056.0,240.0,184.0,5056.0,5056.0,240.0,184.0,5056.0,5056.0,240.0,184.0,3842.0,3842.0,3842.0
2025-09-16 11:29:30,Approximately how many galleries of art are in New York City?,CPU1,8.846044540405273,879.6224594116211,0.4253387451171875,43.655229806900024,4035.2680325508118,1.803436279296875,5016.0,5016.0,288.0,272.0,5048.0,5032.0,288.0,242.0,5048.0,5048.0,256.0,212.0,4935.0,4587.5,4240.0
2025-09-16 11:29:32,What names are used that are typically from  a father and have usually added a suffix or prefix ?,CPU1,9.35673713684082,880.1980018615723,0.07152557373046875,43.99537801742554,3949.8885333538055,0.30562877655029297,5024.0,5024.0,280.0,252.0,5040.0,5032.0,280.0,234.0,5040.0,5040.0,256.0,216.0,4702.0,4487.5,4273.0
2025-09-16 11:29:34,What allows extensive vegitation to occur?,CPU1,7.905721664428711,882.6913833618164,0.07200241088867188,35.32276439666748,3961.518928527832,0.3245868682861328,5032.0,5032.0,272.0,232.0,5032.0,5032.0,272.0,234.0,5032.0,5032.0,272.0,236.0,4468.0,4488.0,4508.0
2025-09-16 11:29:36,What was Charleston's unoriginal name?,CPU1,8.855104446411133,879.3878555297852,0.06508827209472656,37.83786129951477,3911.0774874687195,0.30083799362182617,5040.0,5040.0,256.0,216.0,5040.0,5032.0,272.0,230.0,5024.0,5024.0,272.0,244.0,4273.0,4447.5,4622.0
2025-09-16 11:29:38,In which year was Pelayos proclaimed king?,CPU1,6.680011749267578,879.8153400421143,0.07224082946777344,27.514968395233154,3898.021864056587,0.34256601333618164,5048.0,5044.0,256.0,208.0,5048.0,5032.0,280.0,232.0,5024.0,5020.0,280.0,256.0,4119.0,4430.5,4742.0
2025-09-16 11:29:40,What text still remained without the type of thorough review that others texts had received by the 18th century?,CPU1,10.828971862792969,879.4159889221191,0.06961822509765625,43.72738838195801,3910.3231947422028,0.3379964828491211,5048.0,5048.0,248.0,200.0,5048.0,5032.0,288.0,234.0,5016.0,5016.0,288.0,268.0,4038.0,4446.5,4855.0
2025-09-16 11:29:42,According to UNICEF, what percentage of women in Guinea-Bissau had undergone female genital mutilation?,CPU1,7.136344909667969,879.4617652893066,0.06604194641113281,28.573925018310547,3930.754359960556,0.32591700553894043,5048.0,5048.0,248.0,192.0,5048.0,5030.0,288.0,232.0,5016.0,5012.0,288.0,272.0,4004.0,4469.5,4935.0
2025-09-16 11:29:44,The Freemason embodiment of what country's values was seen as threatening by Continental authorities?,CPU1,12.166023254394531,879.6689510345459,0.396728515625,47.240668296813965,3896.053784132004,1.973724365234375,5056.0,5052.0,240.0,184.0,5056.0,5030.0,296.0,232.0,5008.0,5008.0,296.0,280.0,3883.0,4429.0,4975.0
2025-09-16 11:29:45,What funding organization uses the IUCN's Classification of Direct Threats?,CPU1,6.7806243896484375,879.056453704834,0.07462501525878906,26.329164505004883,3413.3762097358704,0.28976893424987793,5056.0,5056.0,240.0,184.0,5056.0,5056.0,240.0,184.0,5056.0,5056.0,240.0,184.0,3883.0,3883.0,3883.0
2025-09-16 11:29:47,The Byzantine began taking back territories during the last of what century?,CPU1,7.403850555419922,879.6522617340088,0.45108795166015625,36.597233295440674,3935.1243928670883,1.8061561584472656,5016.0,5016.0,288.0,268.0,5048.0,5032.0,288.0,230.0,5048.0,5048.0,248.0,192.0,4943.0,4473.5,4004.0
2025-09-16 11:29:49,When is the publication and data policy effective for new agreements?,CPU1,6.992340087890625,879.7955513000488,0.07343292236328125,33.21361541748047,3969.1976296901703,0.3137788772583008,5032.0,5028.0,288.0,252.0,5040.0,5034.0,288.0,234.0,5040.0,5040.0,256.0,216.0,4750.0,4511.5,4273.0
2025-09-16 11:29:51,What countries prevented the Germans from joining the Munich Conference?,CPU1,8.962392807006836,879.6498775482178,0.07343292236328125,40.04397106170654,3930.275652885437,0.3280982971191406,5032.0,5032.0,272.0,232.0,5032.0,5032.0,272.0,232.0,5032.0,5032.0,264.0,232.0,4468.0,4468.0,4468.0
2025-09-16 11:29:53,What is the name of the region that surrounds Boston?,CPU1,10.64753532409668,879.9004554748535,0.07295608520507812,45.49691843986511,3913.357275724411,0.3372030258178711,5040.0,5040.0,264.0,216.0,5040.0,5032.0,272.0,230.0,5024.0,5024.0,272.0,244.0,4273.0,4447.5,4622.0
2025-09-16 11:29:55,What two fortifications distinguished the second Fort Hale built in New Haven during the Civil War?,CPU1,11.081218719482422,879.7903060913086,0.07152557373046875,46.08678865432739,3915.506757259369,0.3391742706298828,5048.0,5044.0,256.0,208.0,5048.0,5034.0,280.0,232.0,5024.0,5024.0,280.0,256.0,4159.0,4450.5,4742.0
2025-09-16 11:29:57,Who did the court tell they had a requirement to bind territorial revisions?,CPU1,7.133245468139648,879.7171115875244,0.06890296936035156,28.8040452003479,3915.1810051202774,0.33507513999938965,5048.0,5048.0,248.0,196.0,5048.0,5032.0,288.0,232.0,5016.0,5016.0,288.0,268.0,4038.0,4450.5,4863.0
2025-09-16 11:29:59,What percent of the budget goes towards public housing and urbanism projects?,CPU1,7.184505462646484,879.6119689941406,0.4520416259765625,28.472195148468018,3913.3936500549316,2.230825424194336,5048.0,5048.0,248.0,192.0,5048.0,5030.0,288.0,232.0,5016.0,5012.0,288.0,272.0,3963.0,4449.0,4935.0
2025-09-16 11:30:01,How high is Mt. Mitchell?,CPU1,8.723020553588867,879.662275314331,0.06318092346191406,34.56933045387268,3931.2107083797455,0.31432509422302246,5056.0,5052.0,248.0,192.0,5056.0,5032.0,288.0,232.0,5016.0,5012.0,288.0,272.0,3963.0,4469.0,4975.0
2025-09-16 11:30:02,In what city is the organic landwill that Redeem obtains its non-fracked methane biogas?,CPU1,8.803844451904297,879.3244361877441,0.06747245788574219,33.82437038421631,3378.364483833313,0.2592291831970215,5056.0,5056.0,240.0,184.0,5056.0,5056.0,240.0,184.0,5056.0,5056.0,240.0,184.0,3842.0,3842.0,3842.0
2025-09-16 11:30:04,In 2007 the University of the Republic had a student body of how many people?,CPU1,7.256507873535156,879.8003196716309,0.06937980651855469,36.1011266708374,3931.8276286125183,0.2749521732330322,5016.0,5012.0,296.0,276.0,5048.0,5030.0,296.0,232.0,5048.0,5048.0,240.0,188.0,4975.0,4469.0,3963.0
2025-09-16 11:30:06,Who was elected governor of Tennessee in 2002?,CPU1,7.586479187011719,879.8174858093262,0.072479248046875,35.421271324157715,3916.067629337311,0.3068046569824219,5024.0,5024.0,280.0,248.0,5040.0,5032.0,280.0,232.0,5040.0,5040.0,256.0,216.0,4669.0,4451.0,4233.0
2025-09-16 11:30:08,What did the law likely lead to?,CPU1,10.500192642211914,880.0048828125,0.06914138793945312,46.91486072540283,3931.86181640625,0.30892372131347656,5032.0,5032.0,272.0,236.0,5032.0,5032.0,272.0,234.0,5032.0,5032.0,264.0,232.0,4468.0,4468.0,4468.0
2025-09-16 11:30:10,Along with the New York Rangers, what NHL franchise is based in New York?,CPU1,3.9272308349609375,880.0997734069824,0.07033348083496094,17.25625228881836,3970.570127725601,0.3255736827850342,5040.0,5040.0,264.0,220.0,5040.0,5032.0,280.0,234.0,5024.0,5024.0,280.0,248.0,4394.0,4511.5,4629.0
2025-09-16 11:30:12, Which Prussian ruler chose to go to war with France for control of Central Europe?,CPU1,7.689952850341797,879.2269229888916,0.0667572021484375,31.67491579055786,3912.999420762062,0.3192329406738281,5040.0,5040.0,256.0,208.0,5040.0,5028.0,280.0,232.0,5016.0,5016.0,280.0,256.0,4119.0,4450.5,4782.0
2025-09-16 11:30:14,What were Peshwas?,CPU1,15.61284065246582,879.2557716369629,0.06842613220214844,63.04465055465698,3909.6107885837555,0.33220887184143066,5048.0,5048.0,248.0,196.0,5048.0,5032.0,288.0,232.0,5016.0,5016.0,288.0,268.0,4038.0,4446.5,4855.0
2025-09-16 11:30:16,What percentage of people in Chihuahua live in cities?,CPU1,11.950016021728516,879.469633102417,0.07295608520507812,48.254164695739746,3945.740508913994,0.36003828048706055,5048.0,5048.0,248.0,196.0,5048.0,5030.0,288.0,234.0,5016.0,5012.0,288.0,272.0,4038.0,4486.5,4935.0
2025-09-16 11:30:18,What group did the crusaders who attacked Valencia belong to?,CPU1,9.280204772949219,879.4126510620117,0.0629425048828125,36.406243324279785,3930.5348439216614,0.3157196044921875,5056.0,5052.0,240.0,184.0,5056.0,5030.0,288.0,230.0,5008.0,5008.0,288.0,276.0,3923.0,4469.5,5016.0
2025-09-16 11:30:19,In what feature of management did the British invest heavily?,CPU1,10.651111602783203,879.3139457702637,0.45180320739746094,40.921570777893066,3378.324179649353,1.735827922821045,5056.0,5056.0,240.0,184.0,5056.0,5056.0,240.0,184.0,5056.0,5056.0,240.0,184.0,3842.0,3842.0,3842.0
2025-09-16 11:30:21,What did the a cappella organization founded in 1938 change its name to in 2004?,CPU1,9.235858917236328,879.2955875396729,0.07009506225585938,45.57896375656128,3911.9860689640045,0.2777867317199707,5016.0,5012.0,288.0,268.0,5048.0,5030.0,288.0,230.0,5048.0,5048.0,248.0,192.0,4935.0,4449.0,3963.0
2025-09-16 11:30:23,What is a term for kingship that has connotations of freedom?,CPU1,11.205196380615234,879.2920112609863,0.07081031799316406,52.76526975631714,3931.31458234787,0.2997400760650635,5024.0,5024.0,280.0,252.0,5040.0,5032.0,280.0,232.0,5040.0,5040.0,256.0,212.0,4709.0,4471.0,4233.0
2025-09-16 11:30:25,Along with Serbian, with what language is Macedonian mutually intelligible?,CPU1,7.702112197875977,879.7743320465088,0.47516822814941406,34.7211217880249,3948.4272022247314,2.123051643371582,5032.0,5032.0,272.0,236.0,5032.0,5032.0,272.0,236.0,5032.0,5032.0,272.0,236.0,4508.0,4488.0,4468.0
2025-09-16 11:30:27,What author of Robinson Crusoe also wrote a fictionalized account of the Great Plague of 1665?,CPU1,9.126663208007812,879.6112537384033,0.07009506225585938,39.3724250793457,3930.103081703186,0.32397937774658203,5040.0,5040.0,264.0,220.0,5040.0,5032.0,272.0,232.0,5024.0,5024.0,272.0,244.0,4314.0,4468.0,4622.0
2025-09-16 11:30:29,How are no databases accessed?,CPU1,6.286382675170898,879.8797130584717,0.07295608520507812,26.396520853042603,3933.5022572278976,0.34595775604248047,5040.0,5040.0,256.0,208.0,5040.0,5028.0,280.0,232.0,5016.0,5016.0,280.0,256.0,4199.0,4470.5,4742.0
2025-09-16 11:30:31,What common element do mosaic panels from the 11th century have?,CPU1,9.254932403564453,879.561185836792,0.06723403930664062,37.74161434173584,3928.5600365400314,0.32642126083374023,5048.0,5048.0,248.0,200.0,5048.0,5032.0,288.0,234.0,5016.0,5016.0,288.0,268.0,4078.0,4466.5,4855.0
2025-09-16 11:30:33,What is the average altitude of Taunton?,CPU1,10.465145111083984,879.429817199707,0.06437301635742188,41.83965015411377,3927.9732785224915,0.31768083572387695,5048.0,5048.0,248.0,192.0,5048.0,5028.0,288.0,232.0,5008.0,5008.0,288.0,272.0,3998.0,4466.5,4935.0
2025-09-16 11:30:35,What type of degree were Thailand's technical colleges historically not allowed to confer?,CPU1,6.8302154541015625,879.511833190918,0.06270408630371094,26.79493522644043,3912.948145866394,0.3119528293609619,5048.0,5048.0,240.0,184.0,5048.0,5030.0,288.0,228.0,5016.0,5012.0,288.0,272.0,3923.0,4449.0,4975.0
2025-09-16 11:30:36,Laws about antennas keep home owners' associations and city government from banning what?,CPU1,10.298728942871094,879.47678565979,0.06914138793945312,39.98996448516846,3415.0083587169647,0.2684760093688965,5056.0,5056.0,240.0,184.0,5056.0,5056.0,240.0,184.0,5056.0,5056.0,240.0,184.0,3883.0,3883.0,3883.0
2025-09-16 11:30:38,How many slaves were freed in the american civil war?,CPU1,8.460760116577148,881.9887638092041,0.07152557373046875,41.75385117530823,3923.968010187149,0.28345584869384766,5016.0,5016.0,288.0,272.0,5048.0,5032.0,288.0,230.0,5048.0,5048.0,240.0,188.0,4935.0,4449.0,3963.0
2025-09-16 11:30:40,Why are CD-G players not useful for karaoke?,CPU1,6.929874420166016,879.518985748291,0.1266002655029297,33.42278432846069,4000.0523471832275,0.5409629344940186,5024.0,5024.0,280.0,256.0,5040.0,5032.0,280.0,234.0,5040.0,5040.0,256.0,212.0,4823.0,4548.0,4273.0
2025-09-16 11:30:42, What does IHDI2 stand for?,CPU1,5.172967910766602,879.9757957458496,0.06866455078125,22.90590190887451,3914.132339477539,0.306793212890625,5032.0,5032.0,264.0,228.0,5032.0,5032.0,264.0,230.0,5032.0,5032.0,264.0,232.0,4428.0,4448.0,4468.0
2025-09-16 11:30:44,Who first domesticated the guinea fowl ?,CPU1,8.302688598632812,879.5995712280273,0.07200241088867188,35.47738838195801,3912.0190930366516,0.3327951431274414,5040.0,5040.0,256.0,212.0,5040.0,5032.0,272.0,228.0,5024.0,5024.0,272.0,244.0,4273.0,4447.5,4622.0
2025-09-16 11:30:46,Who did the spending benefit?,CPU1,7.817506790161133,879.2026042938232,0.072479248046875,32.8257110118866,3930.475242495537,0.34369659423828125,5048.0,5044.0,256.0,208.0,5048.0,5030.0,280.0,232.0,5016.0,5016.0,280.0,256.0,4199.0,4470.5,4742.0
2025-09-16 11:30:48,Who equated windos 8 as the first desktop operating system that understand what a computer is supposed to do?,CPU1,17.409086227416992,879.4858455657959,0.0667572021484375,70.29789018630981,3910.6338123083115,0.32410621643066406,5048.0,5048.0,248.0,196.0,5048.0,5032.0,288.0,232.0,5016.0,5016.0,288.0,268.0,4038.0,4446.5,4855.0
2025-09-16 11:30:50,What changes did Microsoft make to its certification requirements in March 2013?,CPU1,7.356166839599609,879.7430992126465,0.07081031799316406,29.998448371887207,3982.1571385860443,0.3522813320159912,5048.0,5048.0,248.0,204.0,5048.0,5028.0,288.0,238.0,5008.0,5008.0,288.0,272.0,4078.0,4526.5,4975.0
2025-09-16 11:30:52,Who was noted for his complex improvisations?,CPU1,9.162425994873047,879.6143531799316,0.07224082946777344,36.310694217681885,3930.9965443611145,0.35939812660217285,5048.0,5048.0,248.0,192.0,5048.0,5028.0,288.0,232.0,5008.0,5008.0,288.0,272.0,3963.0,4469.0,4975.0
2025-09-16 11:30:54,What were the earliest priesthoods? ,CPU1,10.095596313476562,879.3303966522217,0.06937980651855469,38.78728103637695,3378.3873839378357,0.2665572166442871,5056.0,5056.0,240.0,184.0,5056.0,5056.0,240.0,184.0,5056.0,5056.0,240.0,184.0,3842.0,3842.0,3842.0
2025-09-16 11:30:55,Who directed the television documentary Royal Family in the late 1960s?,CPU1,8.20612907409668,880.089282989502,0.06914138793945312,40.82549214363098,3933.1190056800842,0.27400732040405273,5016.0,5012.0,296.0,276.0,5048.0,5030.0,296.0,234.0,5048.0,5048.0,248.0,192.0,4975.0,4469.0,3963.0
2025-09-16 11:30:57,The world's best selling celebrity perfume line belongs to whom?,CPU1,8.485078811645508,879.518985748291,0.45299530029296875,39.55743741989136,3929.25106883049,1.9356489181518555,5024.0,5024.0,280.0,248.0,5040.0,5032.0,280.0,232.0,5040.0,5040.0,256.0,216.0,4662.0,4467.5,4273.0
2025-09-16 11:30:59,What is the tenth most populous sub-national entity in Henan?,CPU1,7.6885223388671875,880.1357746124268,1.4848709106445312,34.352317810058594,3932.4466409683228,6.634403228759766,5032.0,5032.0,272.0,232.0,5032.0,5032.0,272.0,232.0,5032.0,5032.0,264.0,232.0,4468.0,4468.0,4468.0
2025-09-16 11:31:01,What allows users to easily sync data between an iPhone and a PC?,CPU1,7.369041442871094,879.4658184051514,0.07414817810058594,31.7900447845459,3932.5314069986343,0.3432319164276123,5040.0,5040.0,264.0,220.0,5040.0,5032.0,272.0,232.0,5024.0,5024.0,272.0,244.0,4314.0,4471.5,4629.0
2025-09-16 11:31:03,Why was South Korea important to the US?,CPU1,7.599830627441406,879.1978359222412,0.06866455078125,31.60769557952881,3930.4539254903793,0.3283538818359375,5048.0,5044.0,256.0,208.0,5048.0,5034.0,280.0,232.0,5024.0,5024.0,280.0,256.0,4159.0,4470.5,4782.0
2025-09-16 11:31:05,Which tool is used in periods longer than a day?,CPU1,7.318735122680664,879.1670799255371,0.06604194641113281,29.55305242538452,3912.733089208603,0.32116198539733887,5048.0,5048.0,248.0,196.0,5048.0,5032.0,288.0,230.0,5016.0,5016.0,288.0,264.0,4038.0,4450.5,4863.0
2025-09-16 11:31:07,What does 'chaetae' no longer mean?,CPU1,10.237693786621094,879.5907497406006,0.42510032653808594,40.571980476379395,3930.891060590744,2.1148741245269775,5048.0,5048.0,240.0,188.0,5048.0,5030.0,288.0,230.0,5016.0,5012.0,288.0,272.0,3963.0,4469.0,4975.0
2025-09-16 11:31:09,Where is the Gothic style expressed least strongly?,CPU1,6.920099258422852,879.6710968017578,0.062465667724609375,27.147549390792847,3931.6899671554565,0.3133277893066406,5056.0,5052.0,240.0,188.0,5056.0,5030.0,288.0,232.0,5008.0,5008.0,288.0,276.0,3923.0,4469.5,5016.0
2025-09-16 11:31:11,How long did the trial diet last?,CPU1,6.875514984130859,879.0457248687744,0.07176399230957031,26.41572856903076,3377.2936749458313,0.27571725845336914,5056.0,5056.0,240.0,180.0,5056.0,5056.0,240.0,180.0,5056.0,5056.0,240.0,180.0,3842.0,3842.0,3842.0
2025-09-16 11:31:12,Outside of France, where are the other three branches of the Sorbonne library located?,CPU1,7.184267044067383,878.7851333618164,0.07152557373046875,35.454357862472534,3925.093798160553,0.28595924377441406,5016.0,5016.0,288.0,268.0,5048.0,5032.0,288.0,232.0,5048.0,5048.0,248.0,196.0,4935.0,4466.5,3998.0
2025-09-16 11:31:14,What is the meaning of Islamic education?,CPU1,7.498502731323242,878.8087368011475,0.06914138793945312,34.71056914329529,3911.5776875019073,0.2954411506652832,5024.0,5024.0,280.0,248.0,5040.0,5032.0,280.0,232.0,5040.0,5040.0,256.0,216.0,4629.0,4451.0,4273.0
2025-09-16 11:31:16,Huge much light does a 13 W compact fluorescent lamp produce equivalent to a incandescent light bulb.,CPU1,12.018203735351562,879.2049884796143,0.06961822509765625,54.178062438964844,3963.456088066101,0.3138389587402344,5032.0,5032.0,272.0,236.0,5032.0,5032.0,272.0,236.0,5032.0,5032.0,272.0,236.0,4508.0,4508.0,4508.0
2025-09-16 11:31:18,Which friend received the letter in which Chopin referenced Liszt?,CPU1,7.772922515869141,879.3513774871826,0.06842613220214844,33.53238773345947,3946.5289821624756,0.319002628326416,5040.0,5040.0,264.0,220.0,5040.0,5032.0,280.0,236.0,5024.0,5024.0,280.0,252.0,4314.0,4488.0,4662.0
2025-09-16 11:31:20,Who was permitted to have official relationships with whites?,CPU1,6.572723388671875,878.92746925354,0.06651878356933594,27.073047637939453,3911.66670191288,0.31809282302856445,5048.0,5044.0,256.0,208.0,5048.0,5030.0,280.0,234.0,5016.0,5016.0,280.0,260.0,4119.0,4450.5,4782.0
2025-09-16 11:31:22,What worms are very slow to retreat from danger?,CPU1,7.695198059082031,878.9219856262207,0.0705718994140625,30.76540184020996,3890.548169374466,0.34262657165527344,5048.0,5048.0,248.0,196.0,5048.0,5032.0,288.0,232.0,5016.0,5016.0,288.0,268.0,3998.0,4426.5,4855.0
2025-09-16 11:31:24,Which two companies provide internet and data transport to Alaska?,CPU1,6.675481796264648,879.7652721405029,0.06818771362304688,26.187915086746216,3896.4803903102875,0.33650636672973633,5048.0,5048.0,240.0,188.0,5048.0,5028.0,288.0,230.0,5008.0,5008.0,288.0,272.0,3923.0,4429.0,4935.0
2025-09-16 11:31:26,What award did both Luís Figo and Cristiano Ronaldo win?,CPU1,7.452964782714844,879.8933029174805,0.06413459777832031,28.93986225128174,3915.0852513313293,0.3216991424560547,5056.0,5052.0,240.0,184.0,5056.0,5030.0,296.0,232.0,5008.0,5008.0,296.0,280.0,3883.0,4449.5,5016.0
2025-09-16 11:31:28,How many children speak French?,CPU1,7.157564163208008,879.1921138763428,0.06794929504394531,27.792821645736694,3413.902978181839,0.26384711265563965,5056.0,5056.0,240.0,184.0,5056.0,5056.0,240.0,184.0,5056.0,5056.0,240.0,184.0,3883.0,3883.0,3883.0
2025-09-16 11:31:29,What isn't uranium's symbol on the Periodic Table of Elements?,CPU1,10.839223861694336,879.425048828125,0.4322528839111328,52.27757668495178,3896.292678833008,1.7454371452331543,5024.0,5024.0,288.0,260.0,5048.0,5036.0,288.0,228.0,5048.0,5048.0,248.0,196.0,4823.0,4430.5,4038.0
2025-09-16 11:31:31,What did the soldiers rebel against in the Indian Rebellion of 1857?,CPU1,6.721019744873047,879.671573638916,0.07128715515136719,31.380441188812256,3933.0116057395935,0.304610013961792,5024.0,5024.0,280.0,248.0,5040.0,5032.0,280.0,232.0,5040.0,5040.0,256.0,216.0,4669.0,4471.0,4273.0
2025-09-16 11:31:33,How much in farming subsidies did Eton receive in 2012?,CPU1,6.875753402709961,879.3628215789795,0.06985664367675781,30.21206045150757,3914.0439188480377,0.3149137496948242,5032.0,5032.0,264.0,228.0,5032.0,5032.0,272.0,232.0,5032.0,5032.0,272.0,236.0,4394.0,4451.0,4508.0
2025-09-16 11:31:35,In what year did Hungary gain independence?,CPU1,12.037992477416992,879.4877529144287,0.4436969757080078,50.95682215690613,3911.5217810869217,2.0685153007507324,5040.0,5040.0,256.0,212.0,5040.0,5032.0,280.0,232.0,5024.0,5024.0,280.0,252.0,4233.0,4447.5,4662.0
2025-09-16 11:31:37,Bottom Up Testing helps facilitate the testing of what?,CPU1,7.856607437133789,879.6753883361816,0.07295608520507812,32.67563033103943,3932.5888235569,0.3488759994506836,5048.0,5044.0,256.0,208.0,5048.0,5032.0,280.0,232.0,5024.0,5020.0,280.0,256.0,4159.0,4470.5,4782.0
2025-09-16 11:31:39,What did Nintendo use instead of the word console?,CPU1,12.615680694580078,879.511833190918,0.06699562072753906,50.942118644714355,3910.7493662834167,0.32526373863220215,5048.0,5048.0,248.0,196.0,5048.0,5032.0,288.0,232.0,5016.0,5016.0,288.0,268.0,4038.0,4446.5,4855.0
2025-09-16 11:31:41,What magazine was determined as one of the best places to work in 2009?,CPU1,8.41212272644043,879.561185836792,0.06556510925292969,33.000757455825806,3895.5764920711517,0.323563814163208,5048.0,5048.0,240.0,188.0,5048.0,5032.0,288.0,230.0,5016.0,5016.0,288.0,272.0,3923.0,4429.0,4935.0
2025-09-16 11:31:43,What group of people never came with others who left the geographical and historical region in southeastern Europe, now a mutual region between Greece and Albania ?,CPU1,7.317781448364258,879.6272277832031,0.06365776062011719,28.707656621932983,3931.4938945770264,0.3193073272705078,5056.0,5052.0,240.0,184.0,5056.0,5030.0,296.0,232.0,5008.0,5008.0,296.0,280.0,3923.0,4469.5,5016.0
2025-09-16 11:31:45,What region has no mention?,CPU1,3.824472427368164,880.6028366088867,0.06842613220214844,14.850426435470581,3419.380814552307,0.2656986713409424,5056.0,5056.0,240.0,180.0,5056.0,5056.0,240.0,180.0,5056.0,5056.0,240.0,180.0,3883.0,3883.0,3883.0
2025-09-16 11:31:46,Which type of power is vested in Congress?,CPU1,6.591320037841797,879.5018196105957,0.4525184631347656,32.05358934402466,3914.222848176956,1.8272695541381836,5016.0,5016.0,288.0,264.0,5048.0,5032.0,288.0,230.0,5048.0,5048.0,248.0,196.0,4863.0,4450.5,4038.0
2025-09-16 11:31:48,What kind of customers does Dell provide support to for minor outages?,CPU1,7.580995559692383,879.5709609985352,0.07200241088867188,35.09242844581604,3933.00155210495,0.31061840057373047,5032.0,5028.0,280.0,248.0,5040.0,5034.0,280.0,234.0,5040.0,5040.0,264.0,220.0,4629.0,4471.5,4314.0
2025-09-16 11:31:50,t large community of Cork has its own quarter and a synagogue?,CPU1,10.746955871582031,879.4004917144775,0.0705718994140625,50.607415199279785,4070.3051759004593,0.32096099853515625,5024.0,5024.0,272.0,252.0,5032.0,5026.0,272.0,246.0,5032.0,5028.0,272.0,240.0,4709.0,4628.5,4548.0
2025-09-16 11:31:52,What anniversary did Epic Comics celebrate in 1986?,CPU1,9.098291397094727,879.5032501220703,0.4534721374511719,38.87699913978577,3946.7708349227905,2.13222599029541,5040.0,5040.0,264.0,216.0,5040.0,5032.0,280.0,234.0,5024.0,5024.0,280.0,252.0,4273.0,4487.5,4702.0
2025-09-16 11:31:54,Napoleon III was removed to form what?,CPU1,9.298086166381836,879.1637420654297,0.06937980651855469,38.29881691932678,3930.741090774536,0.33461880683898926,5048.0,5048.0,256.0,208.0,5048.0,5032.0,280.0,234.0,5016.0,5016.0,280.0,260.0,4119.0,4471.0,4823.0
2025-09-16 11:31:56,What are there 16,777,126 of?,CPU1,8.288383483886719,879.5695304870605,0.06866455078125,33.46849250793457,3911.0059173107147,0.33336639404296875,5048.0,5048.0,248.0,196.0,5048.0,5032.0,288.0,232.0,5016.0,5016.0,288.0,268.0,4038.0,4446.5,4855.0
2025-09-16 11:31:58,When was the sport of fighting chickens stopped?,CPU1,7.296562194824219,879.4333934783936,0.07104873657226562,28.62441349029541,3895.010499715805,0.35062551498413086,5048.0,5048.0,240.0,188.0,5048.0,5030.0,288.0,230.0,5016.0,5012.0,288.0,272.0,3923.0,4429.0,4935.0
2025-09-16 11:32:00,What well-established democracies have a clear understanding of role of law?,CPU1,8.385181427001953,879.6887397766113,0.06103515625,39.55290079116821,4347.8615963459015,0.3154296875,5032.0,5032.0,272.0,244.0,5032.0,5020.0,296.0,266.0,5008.0,5008.0,296.0,288.0,4717.0,4942.5,5168.0
2025-09-16 11:32:02,Who conquered Panormos and briefly turned it into a Greek colony?,CPU1,13.630390167236328,897.5830078125,0.06937980651855469,70.44185638427734,4043.6114501953125,0.2665572166442871,5008.0,5008.0,296.0,288.0,5056.0,5032.0,296.0,236.0,5056.0,5056.0,240.0,184.0,5168.0,4505.0,3842.0
2025-09-16 11:32:03,What other technology does YouTube use besides WebM and H.642/MPEG-4 VAC?,CPU1,8.065223693847656,879.8420429229736,0.07224082946777344,39.54379177093506,3968.967455625534,0.2975599765777588,5016.0,5016.0,288.0,268.0,5048.0,5032.0,288.0,234.0,5048.0,5048.0,248.0,200.0,4903.0,4511.0,4119.0
2025-09-16 11:32:05,In what nation did the University Revolution occur?,CPU1,7.389068603515625,879.3072700500488,0.4487037658691406,34.49956130981445,3931.3828043937683,1.917311191558838,5024.0,5024.0,280.0,248.0,5040.0,5032.0,280.0,230.0,5040.0,5040.0,256.0,212.0,4669.0,4471.0,4273.0
2025-09-16 11:32:07,What was put in the temple of Vesta?,CPU1,7.464408874511719,879.7144889831543,0.07176399230957031,33.40322971343994,3968.8319170475006,0.3263826370239258,5032.0,5032.0,272.0,232.0,5032.0,5032.0,272.0,234.0,5032.0,5032.0,272.0,236.0,4475.0,4511.5,4548.0
2025-09-16 11:32:09,Which other group besides the perpetrator did Kakar argue the definition of criterion should include any group defined by?,CPU1,9.899139404296875,879.1830539703369,0.06604194641113281,42.29902267456055,3927.75029361248,0.30788755416870117,5040.0,5040.0,264.0,220.0,5040.0,5032.0,280.0,236.0,5024.0,5024.0,280.0,252.0,4273.0,4467.5,4662.0
2025-09-16 11:32:11,What was broadcast on radio in 1983?,CPU1,7.555484771728516,879.3725967407227,0.07033348083496094,31.121041774749756,3896.0602898597717,0.33352136611938477,5048.0,5044.0,256.0,204.0,5048.0,5032.0,280.0,230.0,5024.0,5020.0,280.0,256.0,4119.0,4430.5,4742.0
2025-09-16 11:32:13,What is the only absorbed dietary zinc compound?,CPU1,6.846904754638672,879.8158168792725,0.09822845458984375,27.647801399230957,3915.620293021202,0.47768497467041016,5048.0,5048.0,248.0,196.0,5048.0,5032.0,288.0,230.0,5016.0,5016.0,288.0,264.0,4038.0,4450.5,4863.0
2025-09-16 11:32:15,How many feet above sea level is the highest point of the Saxue Mountains?,CPU1,6.528139114379883,879.7316551208496,0.06556510925292969,25.871015310287476,3931.520766735077,0.3261864185333252,5048.0,5048.0,248.0,192.0,5048.0,5032.0,288.0,232.0,5016.0,5016.0,288.0,272.0,3963.0,4469.0,4975.0
2025-09-16 11:32:17,What is the largest denomination of the entire Ireland Island?,CPU1,10.190486907958984,879.403829574585,0.06437301635742188,39.569660663604736,3894.879561185837,0.32025575637817383,5056.0,5056.0,240.0,184.0,5056.0,5034.0,296.0,230.0,5016.0,5012.0,296.0,276.0,3883.0,4429.0,4975.0
2025-09-16 11:32:19,How many planes were in the U.S. 3rd Fleet?,CPU1,11.22903823852539,879.3432712554932,0.07104873657226562,43.60235548019409,3414.48992228508,0.2758822441101074,5056.0,5056.0,240.0,184.0,5056.0,5056.0,240.0,184.0,5056.0,5056.0,240.0,184.0,3883.0,3883.0,3883.0
2025-09-16 11:32:20,Which of Darwin's written works has more in depth information about sexual selection?,CPU1,10.692834854125977,879.3971538543701,0.06961822509765625,52.341426610946655,3910.2394446134567,0.2783336639404297,5016.0,5016.0,288.0,268.0,5048.0,5032.0,288.0,232.0,5048.0,5048.0,248.0,196.0,4895.0,4446.5,3998.0
2025-09-16 11:32:22,How did Gaddafi believe the Israel-Palestine conflict should be resolved?,CPU1,11.061429977416992,879.2679309844971,0.07081031799316406,51.64581656455994,3931.2069194316864,0.30257248878479004,5024.0,5024.0,280.0,248.0,5040.0,5032.0,280.0,232.0,5040.0,5040.0,256.0,216.0,4669.0,4471.0,4273.0
2025-09-16 11:32:24,What cause wives to be unable to move to the US with their Chinese husbands after 1882?,CPU1,7.959842681884766,879.0385723114014,0.07033348083496094,35.24618339538574,3927.5443410873413,0.3170633316040039,5032.0,5032.0,272.0,232.0,5032.0,5032.0,272.0,234.0,5032.0,5032.0,272.0,236.0,4428.0,4468.0,4508.0
2025-09-16 11:32:26,Mahayana aspires to Buddhahood through what path?,CPU1,6.040334701538086,879.3952465057373,0.06890296936035156,25.568736791610718,3893.522453904152,0.3184695243835449,5040.0,5040.0,256.0,212.0,5040.0,5032.0,272.0,228.0,5024.0,5024.0,272.0,244.0,4233.0,4427.5,4622.0
2025-09-16 11:32:28,How are Freemasons asked to leave a lodge?,CPU1,8.24594497680664,879.1511058807373,0.06937980651855469,34.29488515853882,3930.245018839836,0.3317742347717285,5048.0,5048.0,256.0,208.0,5048.0,5032.0,280.0,232.0,5016.0,5016.0,280.0,256.0,4159.0,4470.5,4782.0
2025-09-16 11:32:30,In 1990 which party had most of the election victories?,CPU1,10.565996170043945,879.5602321624756,0.06794929504394531,42.66549253463745,3928.555776953697,0.3326117992401123,5048.0,5048.0,248.0,196.0,5048.0,5032.0,288.0,232.0,5016.0,5016.0,288.0,268.0,4038.0,4466.5,4895.0
2025-09-16 11:32:32,How long were swift boats?,CPU1,8.55708122253418,879.69970703125,0.06651878356933594,33.911712884902954,3913.7839965820312,0.32827019691467285,5048.0,5048.0,248.0,192.0,5048.0,5030.0,288.0,232.0,5016.0,5012.0,288.0,272.0,3963.0,4449.0,4935.0
2025-09-16 11:32:34,What did John Locke base his governance philosphy in?,CPU1,8.137702941894531,879.5032501220703,0.06437301635742188,31.924208641052246,3912.909959793091,0.32025575637817383,5056.0,5052.0,248.0,188.0,5056.0,5032.0,296.0,232.0,5016.0,5012.0,296.0,276.0,3923.0,4449.0,4975.0
2025-09-16 11:32:36,The Ilkhans and Tumrids had what type of culture when ruling Iran?,CPU1,6.804704666137695,879.5168399810791,0.06747245788574219,26.143675327301025,3379.103699207306,0.2592291831970215,5056.0,5056.0,240.0,180.0,5056.0,5056.0,240.0,180.0,5056.0,5056.0,240.0,180.0,3842.0,3842.0,3842.0
2025-09-16 11:32:37,When did MOSFETs become widely available?,CPU1,6.876707077026367,879.8904418945312,0.5083084106445312,33.441426515579224,3915.9524116516113,2.052549362182617,5024.0,5020.0,288.0,264.0,5048.0,5034.0,288.0,230.0,5048.0,5048.0,248.0,196.0,4863.0,4450.5,4038.0
2025-09-16 11:32:39,What may present visible or distracting artifacts?,CPU1,6.278276443481445,879.7376155853271,0.07295608520507812,29.06214165687561,3933.7467480897903,0.31473255157470703,5024.0,5024.0,280.0,248.0,5040.0,5032.0,280.0,234.0,5040.0,5040.0,264.0,220.0,4629.0,4471.5,4314.0
2025-09-16 11:32:41,What populations did not have autonomy?,CPU1,13.593673706054688,879.3716430664062,0.0705718994140625,59.7306022644043,3914.083183288574,0.31813812255859375,5040.0,5036.0,264.0,224.0,5040.0,5032.0,272.0,232.0,5032.0,5028.0,272.0,240.0,4394.0,4451.0,4508.0
2025-09-16 11:32:43,What are the Presidio and Mission considered today?,CPU1,7.287025451660156,879.5387744903564,0.06937980651855469,31.137459754943848,3932.4178607463837,0.32393431663513184,5040.0,5040.0,264.0,216.0,5040.0,5032.0,280.0,234.0,5024.0,5024.0,280.0,252.0,4273.0,4471.0,4669.0
2025-09-16 11:32:45,How many residents were killed in Beichuan County?,CPU1,9.319782257080078,879.4240951538086,0.0667572021484375,38.38818311691284,3913.876935482025,0.3192329406738281,5048.0,5048.0,256.0,204.0,5048.0,5034.0,280.0,232.0,5024.0,5020.0,280.0,260.0,4119.0,4450.5,4782.0
2025-09-16 11:32:47,Vertical installation is done by bending the leads what degrees?,CPU1,8.439779281616211,879.5430660247803,0.06723403930664062,34.07982873916626,3914.4064153432846,0.32695913314819336,5048.0,5048.0,248.0,196.0,5048.0,5032.0,288.0,232.0,5016.0,5016.0,288.0,268.0,4038.0,4450.5,4863.0
2025-09-16 11:32:49,What animal byproduct was imported to Plymouth in the 19th century?,CPU1,5.798816680908203,880.251407623291,0.07152557373046875,22.98071050643921,4022.3088071346283,0.37021636962890625,5048.0,5048.0,248.0,192.0,5048.0,5030.0,296.0,242.0,5016.0,5012.0,296.0,292.0,3963.0,4569.5,5176.0
2025-09-16 11:32:51,If people have more daylight in the evenings, what season might see a rise in outdoor activity?,CPU1,6.070852279663086,879.5509338378906,0.39839744567871094,23.815953493118286,3913.1221046447754,1.982027292251587,5056.0,5056.0,240.0,184.0,5056.0,5034.0,296.0,232.0,5016.0,5012.0,296.0,280.0,3923.0,4449.0,4975.0
2025-09-16 11:32:53,What treaty did Stalin and China enter into?,CPU1,8.910417556762695,889.4972801208496,0.07200241088867188,44.32932734489441,3921.3487594127655,0.27663326263427734,5016.0,5012.0,296.0,280.0,5056.0,5034.0,296.0,230.0,5056.0,5056.0,240.0,180.0,4975.0,4408.5,3842.0
2025-09-16 11:32:54,What type of worldview did New York's no wave movement tend to have?,CPU1,8.661270141601562,879.2951107025146,0.0705718994140625,42.1197566986084,3913.3028901815414,0.2849693298339844,5024.0,5020.0,288.0,264.0,5048.0,5034.0,288.0,230.0,5048.0,5048.0,248.0,196.0,4863.0,4450.5,4038.0
2025-09-16 11:32:56,What did the Chinese get paid for their goods?,CPU1,8.700132369995117,878.8750171661377,0.4210472106933594,40.2729127407074,3929.8896392583847,1.8163976669311523,5032.0,5028.0,280.0,248.0,5040.0,5034.0,280.0,232.0,5040.0,5040.0,256.0,216.0,4629.0,4471.5,4314.0
2025-09-16 11:32:58,How many men from NC joined the continental army?,CPU1,7.659196853637695,878.9007663726807,0.07081031799316406,33.96853804588318,3930.0047768354416,0.3192129135131836,5032.0,5032.0,272.0,232.0,5032.0,5032.0,272.0,234.0,5032.0,5032.0,272.0,236.0,4435.0,4471.5,4508.0
2025-09-16 11:33:00,What factor forced the French to retreat to Metz?,CPU1,13.004302978515625,880.4519176483154,0.0705718994140625,55.658416748046875,4077.813056588173,0.35165977478027344,5040.0,5040.0,264.0,216.0,5040.0,5030.0,280.0,244.0,5024.0,5020.0,280.0,272.0,4280.0,4631.5,4983.0
2025-09-16 11:33:02,What are two available sources of vacuum on a moving airplane?,CPU1,7.821559906005859,880.765438079834,0.0705718994140625,32.52986764907837,4061.6498177051544,0.3573760986328125,5048.0,5044.0,256.0,208.0,5048.0,5030.0,288.0,242.0,5016.0,5016.0,288.0,276.0,4159.0,4611.5,5064.0
2025-09-16 11:33:04,What isn't the object identified with Neptune's trailing L5 Lagrangian point?,CPU1,8.368968963623047,879.4384002685547,0.06890296936035156,34.128655433654785,3928.0116147994995,0.33452391624450684,5048.0,5048.0,248.0,200.0,5048.0,5032.0,288.0,234.0,5016.0,5016.0,288.0,268.0,4078.0,4466.5,4855.0
2025-09-16 11:33:06,Why did Burke say he acquiesced to his constituents?,CPU1,6.62541389465332,879.3065547943115,0.06270408630371094,26.25651526451111,3912.034862279892,0.3094446659088135,5048.0,5048.0,248.0,192.0,5048.0,5030.0,288.0,232.0,5016.0,5012.0,288.0,272.0,3963.0,4449.0,4935.0
2025-09-16 11:33:08,What was the nickname revel leader Daxi Dynasty?,CPU1,9.130716323852539,888.0884647369385,0.07486343383789062,35.81980013847351,3987.0731624364853,0.378509521484375,5048.0,5048.0,240.0,184.0,5048.0,5028.0,296.0,232.0,5008.0,5008.0,296.0,280.0,3923.0,4489.5,5056.0
2025-09-16 11:33:10,Together how records have they sold ?,CPU1,9.334087371826172,879.279613494873,0.07176399230957031,36.61762475967407,3449.413923740387,0.28153014183044434,5056.0,5056.0,240.0,184.0,5056.0,5056.0,240.0,184.0,5056.0,5056.0,240.0,184.0,3923.0,3923.0,3923.0
2025-09-16 11:33:12,What religious scripture can be fit into a large, loose definition of legal literature?,CPU1,6.974220275878906,879.7116279602051,0.07009506225585938,34.4177770614624,3931.8711211681366,0.28066062927246094,5016.0,5016.0,288.0,268.0,5048.0,5032.0,288.0,232.0,5048.0,5048.0,248.0,196.0,4935.0,4469.5,4004.0
2025-09-16 11:33:13,Which kingdom did the Han conquer in 109 BC?,CPU1,8.706331253051758,879.2624473571777,0.07104873657226562,40.99811387062073,3948.767651081085,0.303591251373291,5024.0,5024.0,280.0,248.0,5040.0,5032.0,280.0,232.0,5040.0,5040.0,256.0,216.0,4709.0,4491.0,4273.0
2025-09-16 11:33:15,Which system was demonstrated in the UK for the first time in 1981?,CPU1,5.001306533813477,879.4434070587158,0.44226646423339844,22.18079447746277,3932.431194663048,1.9937372207641602,5032.0,5032.0,264.0,228.0,5032.0,5032.0,272.0,232.0,5032.0,5032.0,272.0,236.0,4435.0,4471.5,4508.0
2025-09-16 11:33:17,What popular color was imported from France in the 18th century?,CPU1,9.691476821899414,879.0111541748047,0.07176399230957031,41.02402138710022,3909.402108192444,0.3345637321472168,5040.0,5040.0,256.0,212.0,5040.0,5032.0,280.0,232.0,5024.0,5024.0,280.0,252.0,4233.0,4447.5,4662.0
2025-09-16 11:33:19,Who was born in a northeastern part of India/,CPU1,5.133390426635742,879.420280456543,0.06914138793945312,21.144435167312622,3913.8599581718445,0.33063411712646484,5048.0,5044.0,256.0,204.0,5048.0,5032.0,280.0,230.0,5024.0,5020.0,280.0,256.0,4119.0,4450.5,4782.0
2025-09-16 11:33:21,Houston's geology was formed from river deposits from the erosion of what mountains?,CPU1,9.078025817871094,879.1792392730713,0.06842613220214844,36.29394721984863,3909.2704874277115,0.3349459171295166,5048.0,5048.0,248.0,196.0,5048.0,5032.0,288.0,232.0,5016.0,5016.0,288.0,268.0,3998.0,4446.5,4895.0
2025-09-16 11:33:23,What were some of the original Australian department stores? ,CPU1,12.388944625854492,879.6520233154297,0.06842613220214844,48.60182976722717,3913.5718517303467,0.3404200077056885,5048.0,5048.0,240.0,188.0,5048.0,5028.0,288.0,230.0,5008.0,5008.0,288.0,272.0,3923.0,4449.0,4975.0
2025-09-16 11:33:25,What is another word for tremolo?,CPU1,6.300210952758789,879.8332214355469,0.06723403930664062,25.950568914413452,4018.6382389068604,0.3372459411621094,5048.0,5048.0,248.0,200.0,5048.0,5028.0,296.0,240.0,5008.0,5008.0,296.0,280.0,4119.0,4567.5,5016.0
2025-09-16 11:33:27,What year did the American Revolutionary War take place?,CPU1,8.422613143920898,902.2371768951416,0.4506111145019531,42.24782752990723,3996.008456468582,1.731247901916504,5008.0,5008.0,296.0,280.0,5056.0,5032.0,296.0,230.0,5056.0,5056.0,240.0,180.0,5016.0,4429.0,3842.0
2025-09-16 11:33:29,What Italian city experienced a popular revolt?,CPU1,12.640953063964844,884.7365379333496,0.43129920959472656,62.8887414932251,3936.1928572654724,1.6919867992401123,5016.0,5016.0,296.0,276.0,5048.0,5032.0,296.0,232.0,5048.0,5048.0,240.0,188.0,4975.0,4449.0,3923.0
2025-09-16 11:33:30,How long does the infection process take?,CPU1,6.430625915527344,884.1640949249268,0.07081031799316406,30.28181743621826,3953.0976684093475,0.2997400760650635,5024.0,5024.0,280.0,252.0,5040.0,5032.0,280.0,232.0,5040.0,5040.0,256.0,212.0,4709.0,4471.0,4233.0
2025-09-16 11:33:32,Where can financial relationships between Medicaid, Medicare and pharmaceutical companies be found?,CPU1,6.863117218017578,882.9593658447266,0.07367134094238281,30.43792486190796,3915.9247875213623,0.3267323970794678,5032.0,5032.0,264.0,228.0,5032.0,5032.0,264.0,228.0,5032.0,5032.0,264.0,228.0,4435.0,4435.0,4435.0
2025-09-16 11:33:34,Where are most semiconductor devices found?,CPU1,6.818294525146484,882.8904628753662,0.07200241088867188,29.414122581481934,3930.1868954896927,0.33041906356811523,5040.0,5040.0,264.0,220.0,5040.0,5032.0,272.0,230.0,5024.0,5024.0,272.0,240.0,4314.0,4451.5,4589.0
2025-09-16 11:33:36,What is the age limit on the Olympic men's tournament? ,CPU1,8.339166641235352,882.3089599609375,0.06914138793945312,35.01616072654724,3944.362205505371,0.3278684616088867,5040.0,5040.0,256.0,208.0,5040.0,5032.0,280.0,232.0,5024.0,5024.0,280.0,256.0,4199.0,4470.5,4742.0
2025-09-16 11:33:38,What kind of picture writing followed cuneiform?,CPU1,11.84535026550293,885.7800960540771,0.07152557373046875,47.83152437210083,3924.448715567589,0.3449678421020508,5048.0,5048.0,248.0,196.0,5048.0,5032.0,288.0,230.0,5016.0,5016.0,288.0,264.0,4038.0,4430.5,4823.0
2025-09-16 11:33:40,What period do Italian historians not believe came immediately after the High Period of the Middle Ages?,CPU1,7.256984710693359,879.8782825469971,0.06937980651855469,28.759430408477783,3896.98091340065,0.3396141529083252,5048.0,5048.0,248.0,192.0,5048.0,5032.0,288.0,230.0,5016.0,5016.0,288.0,268.0,3963.0,4429.0,4895.0
2025-09-16 11:33:42,Who did Beyonce donate the money to earned from her shows?,CPU1,6.700992584228516,880.079984664917,0.06961822509765625,32.19826936721802,4564.534840464592,0.38763427734375,5040.0,5040.0,280.0,260.0,5040.0,5022.0,320.0,286.0,5008.0,5004.0,320.0,312.0,4805.0,5186.5,5568.0
2025-09-16 11:33:44,How did the Stuxnet worm infect industrial equipment?,CPU1,7.702827453613281,879.589319229126,0.06842613220214844,30.218192100524902,3450.628899335861,0.2684357166290283,5056.0,5056.0,240.0,184.0,5056.0,5056.0,240.0,184.0,5056.0,5056.0,240.0,184.0,3923.0,3923.0,3923.0
2025-09-16 11:33:46,The names of many properties near Atlantic City are used in which popular board game?,CPU1,6.985902786254883,881.8850517272949,0.44846534729003906,34.75486636161804,3959.2229397296906,1.7956552505493164,5008.0,5008.0,296.0,276.0,5048.0,5028.0,296.0,234.0,5048.0,5048.0,248.0,192.0,4975.0,4489.5,4004.0
2025-09-16 11:33:47,When was the Kao Gong Ji written?,CPU1,3.7636756896972656,880.5530071258545,0.0705718994140625,17.696803092956543,3918.9011582136154,0.29633140563964844,5024.0,5024.0,280.0,252.0,5040.0,5032.0,280.0,232.0,5040.0,5040.0,256.0,212.0,4702.0,4450.5,4199.0
2025-09-16 11:33:49,How many of Congress' 29 vetoes did Johnson override?,CPU1,8.54945182800293,879.584789276123,0.45180320739746094,38.60077500343323,3933.063385248184,2.000584602355957,5032.0,5032.0,272.0,236.0,5032.0,5032.0,272.0,232.0,5032.0,5032.0,264.0,228.0,4515.0,4471.5,4428.0
2025-09-16 11:33:51,The Aboriginal population declined by what estimated percentage by 1863?,CPU1,10.170936584472656,879.7683715820312,0.07009506225585938,43.46041202545166,3915.849021911621,0.32447004318237305,5040.0,5040.0,256.0,216.0,5040.0,5032.0,272.0,230.0,5024.0,5024.0,272.0,244.0,4273.0,4451.0,4629.0
2025-09-16 11:33:53, Who was governor of Maryland in January 2005?,CPU1,8.841514587402344,879.6975612640381,0.06890296936035156,36.418198585510254,3950.721747636795,0.33507513999938965,5048.0,5048.0,256.0,208.0,5048.0,5032.0,288.0,236.0,5016.0,5016.0,288.0,264.0,4119.0,4491.0,4863.0
2025-09-16 11:33:55,What boundary is given as an example that can be inclusive or exclusive?,CPU1,14.819622039794922,879.7307014465332,0.46753883361816406,60.43441867828369,3929.3171780109406,2.2699010372161865,5048.0,5048.0,248.0,200.0,5048.0,5032.0,288.0,232.0,5016.0,5016.0,288.0,264.0,4078.0,4466.5,4855.0
2025-09-16 11:33:57,On what day was the Annunciation tradtionally celebrated in England until the 18th century?,CPU1,10.427474975585938,879.7914981842041,0.072479248046875,41.751609802246094,3932.2281011343002,0.3576850891113281,5048.0,5048.0,248.0,192.0,5048.0,5032.0,288.0,232.0,5016.0,5016.0,288.0,272.0,4004.0,4469.5,4935.0
2025-09-16 11:33:59,What's the oldest rugby team in Southampton?,CPU1,6.810188293457031,879.7726631164551,0.06413459777832031,26.443961143493652,3896.5131249427795,0.31906962394714355,5056.0,5052.0,240.0,184.0,5056.0,5030.0,296.0,230.0,5008.0,5008.0,296.0,276.0,3883.0,4429.0,4975.0
2025-09-16 11:34:01,What kind of linguistics describes how factors of languages change in history?,CPU1,5.622148513793945,879.7695636749268,0.4246234893798828,21.83080267906189,3416.1452157497406,1.648813009262085,5056.0,5056.0,240.0,184.0,5056.0,5056.0,240.0,184.0,5056.0,5056.0,240.0,184.0,3883.0,3883.0,3883.0
2025-09-16 11:34:03,Who had issues with JFK's proposal?,CPU1,10.651588439941406,880.8090686798096,0.45180320739746094,52.991652488708496,3936.335727930069,1.7904961109161377,5016.0,5012.0,296.0,276.0,5048.0,5030.0,296.0,232.0,5048.0,5048.0,240.0,188.0,4975.0,4469.0,3963.0
2025-09-16 11:34:05,Is there a metabolism in endospores?,CPU1,9.032249450683594,879.2812824249268,0.07200241088867188,42.8309268951416,3930.826973080635,0.3023381233215332,5024.0,5024.0,280.0,252.0,5040.0,5032.0,280.0,232.0,5040.0,5040.0,256.0,212.0,4742.0,4470.5,4199.0
2025-09-16 11:34:06,Clarke was what to Williams?,CPU1,6.731748580932617,879.4758319854736,0.06866455078125,30.077452659606934,3911.9085006713867,0.304046630859375,5032.0,5032.0,272.0,236.0,5032.0,5032.0,272.0,232.0,5032.0,5032.0,264.0,228.0,4468.0,4448.0,4428.0
2025-09-16 11:34:08,How are pseudogenes classified?,CPU1,5.795717239379883,879.7199726104736,0.07152557373046875,25.002724170684814,3916.0734580755234,0.3282308578491211,5040.0,5040.0,264.0,220.0,5040.0,5032.0,272.0,232.0,5024.0,5024.0,272.0,244.0,4314.0,4451.5,4589.0
2025-09-16 11:34:10,In what year did Chinese Foxconn emplyees kill themselves?,CPU1,5.309820175170898,879.7006607055664,0.431060791015625,22.295934915542603,3932.7018036842346,2.0440902709960938,5040.0,5040.0,256.0,208.0,5040.0,5032.0,280.0,232.0,5024.0,5024.0,280.0,256.0,4199.0,4470.5,4742.0
2025-09-16 11:34:12,Who controls Canada's infrastructure?,CPU1,8.318185806274414,879.4171810150146,0.06747245788574219,33.92156171798706,3927.916839003563,0.3275787830352783,5048.0,5048.0,248.0,200.0,5048.0,5032.0,288.0,234.0,5016.0,5016.0,288.0,268.0,4078.0,4466.5,4855.0
2025-09-16 11:34:14,Who remarked about Alexander Pope playing Homer on a flageolet?,CPU1,7.649898529052734,879.5630931854248,0.06222724914550781,30.63019371032715,3931.207244992256,0.30709147453308105,5048.0,5048.0,248.0,192.0,5048.0,5030.0,288.0,232.0,5016.0,5012.0,288.0,272.0,4004.0,4469.5,4935.0
2025-09-16 11:34:16,How does man first perceive features of an object?,CPU1,11.853933334350586,879.5607089996338,0.06270408630371094,46.50298047065735,3913.1655943393707,0.3119528293609619,5048.0,5048.0,240.0,188.0,5048.0,5028.0,296.0,234.0,5008.0,5008.0,296.0,280.0,3923.0,4449.0,4975.0
2025-09-16 11:34:18,When were cotton subsidies introduced?,CPU1,6.335973739624023,879.3911933898926,0.06890296936035156,24.602586030960083,3414.676003932953,0.2675502300262451,5056.0,5056.0,240.0,184.0,5056.0,5056.0,240.0,184.0,5056.0,5056.0,240.0,184.0,3883.0,3883.0,3883.0
2025-09-16 11:34:20,Greater magadha stretched from Sravasti in the north-west to what area in the south-east?,CPU1,9.922027587890625,879.3995380401611,0.06771087646484375,49.36208724975586,3930.03653550148,0.2683382034301758,5008.0,5008.0,296.0,276.0,5048.0,5028.0,296.0,232.0,5048.0,5048.0,240.0,188.0,4975.0,4469.0,3963.0
2025-09-16 11:34:22,In the 15th century, the ruler of which port embraced Islam?,CPU1,10.623693466186523,879.462718963623,0.06794929504394531,50.377554416656494,3946.5889513492584,0.2876293659210205,5024.0,5024.0,280.0,252.0,5040.0,5032.0,280.0,232.0,5040.0,5040.0,256.0,212.0,4742.0,4487.5,4233.0
2025-09-16 11:34:23,True Blue has what type of music Incorporated in it?,CPU1,10.123491287231445,879.4560432434082,0.4601478576660156,45.2317590713501,3929.409601211548,2.055940628051758,5032.0,5032.0,272.0,236.0,5032.0,5032.0,272.0,234.0,5032.0,5032.0,264.0,232.0,4468.0,4468.0,4468.0
2025-09-16 11:34:25,Where were surviving children living?,CPU1,4.04810905456543,880.5544376373291,0.07009506225585938,17.463542461395264,3934.3172273635864,0.32397937774658203,5040.0,5040.0,264.0,220.0,5040.0,5032.0,272.0,232.0,5024.0,5024.0,272.0,244.0,4314.0,4468.0,4622.0
2025-09-16 11:34:27,Where did Queen play during the height of Apartheid?,CPU1,8.603572845458984,879.3280124664307,0.06914138793945312,35.782259464263916,3913.4493194818497,0.3278684616088867,5040.0,5040.0,256.0,208.0,5040.0,5030.0,280.0,232.0,5024.0,5020.0,280.0,256.0,4159.0,4450.5,4742.0
2025-09-16 11:34:29,How far is Chorley away from the nearest county boundary?,CPU1,7.269620895385742,879.3134689331055,0.06961822509765625,29.354729175567627,3909.8673396110535,0.3379964828491211,5048.0,5048.0,248.0,196.0,5048.0,5032.0,288.0,230.0,5016.0,5016.0,288.0,264.0,4038.0,4446.5,4855.0
2025-09-16 11:34:31,What is a downfall of the Battery Charging Specification?,CPU1,6.857156753540039,879.3768882751465,0.07081031799316406,27.456055641174316,3930.375002145767,0.34944891929626465,5048.0,5048.0,248.0,192.0,5048.0,5030.0,288.0,230.0,5016.0,5012.0,288.0,268.0,4004.0,4469.5,4935.0
2025-09-16 11:34:33,What U2 song was released by Lee DeWyze after winning American Idol?,CPU1,5.928277969360352,879.31227684021,0.06604194641113281,26.090351343154907,4171.897097468376,0.33602142333984375,5048.0,5044.0,248.0,224.0,5048.0,5026.0,296.0,254.0,5008.0,5008.0,296.0,284.0,4401.0,4744.5,5088.0
2025-09-16 11:34:35,What temperatures did the organic deposits need to form bitumen over the eons?,CPU1,8.546829223632812,878.8986206054688,0.07033348083496094,32.836917877197266,3376.728500366211,0.2702212333679199,5056.0,5056.0,240.0,184.0,5056.0,5056.0,240.0,184.0,5056.0,5056.0,240.0,184.0,3842.0,3842.0,3842.0
2025-09-16 11:34:37,When was the 50th anniversary of Pope Francis's death?,CPU1,7.432699203491211,879.0774345397949,0.07152557373046875,36.977678537368774,3943.98091006279,0.28595924377441406,5016.0,5012.0,296.0,276.0,5048.0,5030.0,296.0,234.0,5048.0,5048.0,248.0,192.0,4975.0,4486.5,3998.0
2025-09-16 11:34:39,Instead of rose windows, what type of windows do Italian cathedral facades usually feature?,CPU1,12.736082077026367,879.5065879821777,0.07152557373046875,59.46476721763611,3932.2739548683167,0.30562877655029297,5024.0,5024.0,280.0,252.0,5040.0,5032.0,280.0,232.0,5040.0,5040.0,256.0,212.0,4669.0,4471.0,4273.0
2025-09-16 11:34:40,Where is the gate terminal located?,CPU1,6.263017654418945,879.7497749328613,0.07033348083496094,28.233683586120605,3933.8011186122894,0.31192898750305176,5032.0,5032.0,272.0,232.0,5032.0,5032.0,272.0,230.0,5032.0,5032.0,264.0,228.0,4508.0,4471.5,4435.0
2025-09-16 11:34:42,What is the name of the English language's earliest form?,CPU1,7.104635238647461,879.6517848968506,0.06604194641113281,30.073920965194702,3912.251313328743,0.30788755416870117,5040.0,5040.0,256.0,212.0,5040.0,5032.0,272.0,228.0,5024.0,5024.0,272.0,244.0,4233.0,4447.5,4662.0
2025-09-16 11:34:44,What is proactive disruption?,CPU1,6.44683837890625,879.4338703155518,0.07009506225585938,26.554527282714844,3913.920439839363,0.33519458770751953,5048.0,5044.0,256.0,208.0,5048.0,5030.0,280.0,232.0,5016.0,5016.0,280.0,256.0,4119.0,4450.5,4782.0
2025-09-16 11:34:46,Which group made up the bulk of the Han tax base?,CPU1,6.7310333251953125,879.6982765197754,0.06890296936035156,27.449153900146484,3929.172352075577,0.33452391624450684,5048.0,5048.0,248.0,196.0,5048.0,5032.0,288.0,230.0,5016.0,5016.0,288.0,264.0,4078.0,4466.5,4855.0
2025-09-16 11:34:48,When did Rastislav of Moravia arrive in Glagolitic?,CPU1,10.378837585449219,879.061222076416,0.06699562072753906,41.131333351135254,3910.943377017975,0.3306233882904053,5048.0,5048.0,248.0,192.0,5048.0,5028.0,288.0,232.0,5008.0,5008.0,288.0,272.0,3963.0,4449.0,4935.0
2025-09-16 11:34:50,What was the nickname that was used for the Bundy Manufacturing Company?,CPU1,6.623744964599609,879.4419765472412,0.06580352783203125,25.720001697540283,3895.0485141277313,0.32737255096435547,5048.0,5048.0,240.0,184.0,5048.0,5028.0,296.0,232.0,5008.0,5008.0,296.0,280.0,3883.0,4429.0,4975.0
2025-09-16 11:34:52,What are those with asthma that is poorly controll more susceptable to? ,CPU1,6.803750991821289,879.464864730835,0.07081031799316406,26.418965101242065,3414.962069749832,0.27495646476745605,5056.0,5056.0,240.0,184.0,5056.0,5056.0,240.0,184.0,5056.0,5056.0,240.0,184.0,3883.0,3883.0,3883.0
2025-09-16 11:34:54,What is a low-surrogate followed by a high-surrogate called?,CPU1,8.958101272583008,879.448652267456,0.07152557373046875,44.208229780197144,3963.2353514432907,0.29168128967285156,5016.0,5012.0,288.0,268.0,5048.0,5030.0,288.0,234.0,5048.0,5048.0,248.0,200.0,4935.0,4506.5,4078.0
2025-09-16 11:34:56,Who wrote the first 12 chapters of the Siddhanta Shiromani?,CPU1,10.891199111938477,879.4350624084473,0.07104873657226562,51.646066188812256,3982.081962585449,0.3065042495727539,5024.0,5024.0,280.0,252.0,5040.0,5032.0,280.0,234.0,5040.0,5040.0,256.0,216.0,4742.0,4528.0,4314.0
2025-09-16 11:34:57,In what areas are comb filters most likely to lose detail?,CPU1,8.629083633422852,879.3485164642334,0.06937980651855469,38.26998591423035,3914.419921040535,0.30998897552490234,5032.0,5032.0,264.0,228.0,5032.0,5032.0,272.0,232.0,5032.0,5032.0,272.0,236.0,4435.0,4451.5,4468.0
2025-09-16 11:34:59,How many institutions participated in the 12-V program?,CPU1,3.7097930908203125,880.0411224365234,0.4336833953857422,15.851945877075195,3931.5837144851685,2.02183198928833,5040.0,5040.0,256.0,216.0,5040.0,5032.0,272.0,232.0,5024.0,5024.0,272.0,248.0,4273.0,4467.5,4662.0
2025-09-16 11:35:01,In what year was the northern area of New Haven renamed Hamden?,CPU1,7.732152938842773,879.2006969451904,0.06890296936035156,32.158024072647095,3930.466715693474,0.32949399948120117,5040.0,5040.0,256.0,208.0,5040.0,5028.0,280.0,232.0,5016.0,5016.0,280.0,256.0,4159.0,4470.5,4782.0
2025-09-16 11:35:03,Jamboats are what?,CPU1,7.834434509277344,879.1079521179199,0.5164146423339844,31.635446548461914,3926.5356681346893,2.5278496742248535,5048.0,5048.0,248.0,196.0,5048.0,5032.0,288.0,232.0,5016.0,5016.0,288.0,268.0,4038.0,4466.5,4895.0
2025-09-16 11:35:05,From what word is Greece derived?,CPU1,6.501674652099609,879.5368671417236,0.07081031799316406,25.766136646270752,3913.0595219135284,0.34944891929626465,5048.0,5048.0,248.0,192.0,5048.0,5028.0,288.0,232.0,5008.0,5008.0,288.0,272.0,3963.0,4449.0,4935.0
2025-09-16 11:35:07,In what year did Pope Sixtus V put a cap on the number of cardinals in the College of Cardinals?,CPU1,8.685111999511719,879.3714046478271,0.06175041198730469,34.07169437408447,3912.323379278183,0.3072082996368408,5048.0,5048.0,240.0,184.0,5048.0,5028.0,296.0,230.0,5008.0,5008.0,296.0,276.0,3923.0,4449.0,4975.0
2025-09-16 11:35:09,What complaints did Von Neumann's neighbor's have?,CPU1,7.478952407836914,879.3363571166992,0.06961822509765625,28.734135150909424,3378.4102840423584,0.2674732208251953,5056.0,5056.0,240.0,180.0,5056.0,5056.0,240.0,180.0,5056.0,5056.0,240.0,180.0,3842.0,3842.0,3842.0
2025-09-16 11:35:11,What is the muse's name?,CPU1,10.026931762695312,879.1170120239258,0.072479248046875,48.760969161987305,3894.927921772003,0.28977203369140625,5016.0,5016.0,288.0,264.0,5048.0,5032.0,288.0,230.0,5048.0,5048.0,248.0,196.0,4863.0,4430.5,3998.0
2025-09-16 11:35:13,What was Makro re-labeled as before it's purchase? ,CPU1,6.519556045532227,879.551887512207,0.07128715515136719,30.13338804244995,3911.8070197105408,0.304610013961792,5024.0,5024.0,272.0,244.0,5040.0,5032.0,272.0,230.0,5040.0,5040.0,256.0,216.0,4622.0,4447.5,4273.0
2025-09-16 11:35:14,About how many Japanese emigrated to the Marshalls when it was a Japanese colony?,CPU1,6.709814071655273,879.157543182373,0.06771087646484375,29.758025407791138,3931.152954339981,0.3052406311035156,5032.0,5032.0,264.0,228.0,5032.0,5032.0,272.0,232.0,5032.0,5032.0,272.0,236.0,4435.0,4471.5,4508.0
2025-09-16 11:35:16,What does PPE stand for?,CPU1,7.524728775024414,879.0864944458008,0.07176399230957031,32.15316605567932,3927.318913936615,0.3345637321472168,5040.0,5040.0,264.0,216.0,5040.0,5032.0,280.0,234.0,5024.0,5024.0,280.0,252.0,4273.0,4467.5,4662.0
2025-09-16 11:35:18,When Mulinu'u II died in 1963 who was left as sole head of state?,CPU1,7.853984832763672,879.5394897460938,0.07295608520507812,32.350563526153564,3914.3904991149902,0.3488759994506836,5048.0,5044.0,256.0,204.0,5048.0,5030.0,280.0,232.0,5016.0,5016.0,280.0,260.0,4119.0,4450.5,4782.0
2025-09-16 11:35:20,Who was responsible for constructing the Jantar Mantar?,CPU1,4.5795440673828125,879.7531127929688,0.06842613220214844,18.309017181396484,3911.8222160339355,0.3349459171295166,5048.0,5048.0,248.0,196.0,5048.0,5032.0,288.0,232.0,5016.0,5016.0,288.0,268.0,3998.0,4446.5,4895.0
2025-09-16 11:35:22,What is the name of the intricate system in Guam?,CPU1,7.83538818359375,879.3153762817383,0.06866455078125,31.05164337158203,3912.0741090774536,0.33885955810546875,5048.0,5048.0,248.0,192.0,5048.0,5030.0,288.0,232.0,5016.0,5012.0,288.0,272.0,3963.0,4449.0,4935.0
2025-09-16 11:35:24,When DNA has different markers, how it that presented in plants?,CPU1,10.567665100097656,879.3447017669678,0.06318092346191406,41.0342435836792,3912.644250512123,0.31691551208496094,5056.0,5052.0,240.0,184.0,5056.0,5030.0,296.0,232.0,5008.0,5008.0,296.0,280.0,3883.0,4449.5,5016.0
2025-09-16 11:35:26,Which clan is Nri in the territory of?,CPU1,6.724119186401367,879.4746398925781,0.07104873657226562,26.378719568252563,3450.179012298584,0.27872419357299805,5056.0,5052.0,240.0,188.0,5056.0,5052.0,240.0,188.0,5056.0,5052.0,240.0,188.0,3923.0,3923.0,3923.0
2025-09-16 11:35:28,Convicted perpetrators Popovic and Beara were found guilty of genocide despite what evasive action?,CPU1,9.989023208618164,879.2819976806641,0.06961822509765625,48.57661986351013,3930.8301706314087,0.2839031219482422,5016.0,5016.0,288.0,264.0,5048.0,5032.0,288.0,232.0,5048.0,5048.0,248.0,200.0,4863.0,4470.5,4078.0
2025-09-16 11:35:30,What is considered not wasteful?,CPU1,9.73367691040039,879.5700073242188,0.07200241088867188,45.05719041824341,3932.997287750244,0.31061840057373047,5024.0,5024.0,272.0,240.0,5032.0,5028.0,272.0,232.0,5032.0,5032.0,264.0,224.0,4629.0,4471.5,4314.0
2025-09-16 11:35:31,What modern technology takes the next step from the photophone?,CPU1,6.12187385559082,879.7681331634521,0.06961822509765625,27.150510549545288,3951.4785701036453,0.3166236877441406,5032.0,5032.0,264.0,228.0,5032.0,5032.0,272.0,232.0,5032.0,5032.0,272.0,236.0,4435.0,4491.5,4548.0
2025-09-16 11:35:33,How many people are in the original Digimon?,CPU1,17.36283302307129,879.4028759002686,0.45490264892578125,73.49687218666077,3928.7323480844498,2.1389522552490234,5040.0,5040.0,264.0,216.0,5040.0,5032.0,280.0,234.0,5024.0,5024.0,280.0,252.0,4233.0,4467.5,4702.0
2025-09-16 11:35:35,Where did Seminole Indians raid ,CPU1,7.298707962036133,879.6305656433105,0.07081031799316406,29.76413106918335,3896.7634057998657,0.33861494064331055,5048.0,5048.0,248.0,200.0,5048.0,5032.0,280.0,230.0,5016.0,5016.0,280.0,260.0,4078.0,4430.0,4782.0
2025-09-16 11:35:37,Who was favored by those who lived in the west and mainly used another form of not well known verbal language?,CPU1,9.437084197998047,879.6718120574951,0.07152557373046875,38.10694599151611,3929.054148554802,0.35011768341064453,5048.0,5048.0,248.0,196.0,5048.0,5032.0,288.0,232.0,5016.0,5016.0,288.0,268.0,4038.0,4466.5,4895.0
2025-09-16 11:35:39,In what year did the Earl of Home receive his title?,CPU1,7.873773574829102,879.3630599975586,0.4203319549560547,31.20376467704773,3912.286253929138,2.07433819770813,5048.0,5048.0,248.0,192.0,5048.0,5032.0,288.0,232.0,5016.0,5016.0,288.0,272.0,3963.0,4449.0,4935.0
2025-09-16 11:35:41,Why are different materials used in a lab than are used in the environment?,CPU1,11.999845504760742,879.2524337768555,0.06008148193359375,46.59540009498596,3908.716694355011,0.3008880615234375,5056.0,5056.0,240.0,184.0,5056.0,5032.0,296.0,232.0,5008.0,5008.0,296.0,280.0,3883.0,4445.5,5008.0
2025-09-16 11:35:43,The vaulted overcroft beneath the monks' dormitory has been a museum since when?,CPU1,5.532264709472656,901.0796546936035,0.45108795166015625,27.705581665039062,4005.7496049404144,1.7515745162963867,5008.0,5008.0,296.0,280.0,5056.0,5032.0,296.0,232.0,5056.0,5056.0,240.0,184.0,5008.0,4445.5,3883.0
2025-09-16 11:35:45,Who reports to the operational commander about the wings?,CPU1,8.016347885131836,879.4667720794678,0.07224082946777344,39.24002289772034,3910.5490020513535,0.2888188362121582,5016.0,5016.0,288.0,268.0,5048.0,5032.0,288.0,232.0,5048.0,5048.0,248.0,196.0,4895.0,4446.5,3998.0
2025-09-16 11:35:47,What resolution of the UN Security Council gave the United States control over the Marshalls?,CPU1,5.205631256103516,879.4550895690918,0.06890296936035156,24.305092334747314,3932.0437054634094,0.2944223880767822,5024.0,5024.0,280.0,248.0,5040.0,5032.0,280.0,232.0,5040.0,5040.0,256.0,216.0,4669.0,4471.0,4273.0
2025-09-16 11:35:48,What was the name of the corporation that looked over common task?,CPU1,10.525703430175781,879.4572353363037,0.0705718994140625,46.68149471282959,3914.903883099556,0.31531524658203125,5032.0,5032.0,264.0,228.0,5032.0,5032.0,272.0,232.0,5032.0,5032.0,272.0,236.0,4435.0,4451.5,4468.0
2025-09-16 11:35:50,In what decade  did Alan Rogerson get out of the Jehovah's Witnesses?,CPU1,9.805679321289062,879.2626857757568,0.06890296936035156,41.5074405670166,3892.9355412721634,0.3184695243835449,5040.0,5040.0,256.0,212.0,5040.0,5032.0,280.0,230.0,5024.0,5024.0,280.0,248.0,4233.0,4427.5,4622.0
2025-09-16 11:35:52,What is the biggest conglomeration of start-up companies in Cork?,CPU1,7.233142852783203,879.6145915985107,0.06985664367675781,30.082641124725342,3932.3170317411423,0.33405447006225586,5048.0,5048.0,256.0,208.0,5048.0,5032.0,280.0,232.0,5016.0,5016.0,280.0,256.0,4159.0,4470.5,4782.0
2025-09-16 11:35:54,When was the last ice age?,CPU1,6.629228591918945,879.5652389526367,0.4284381866455078,26.7688250541687,3914.5050959587097,2.0834949016571045,5048.0,5048.0,248.0,196.0,5048.0,5032.0,288.0,232.0,5016.0,5016.0,288.0,268.0,4038.0,4450.5,4863.0
2025-09-16 11:35:56,What is the oldest drink in the world?,CPU1,10.250568389892578,879.4417381286621,0.42319297790527344,40.212979793548584,3895.0474581718445,2.0884573459625244,5048.0,5048.0,240.0,188.0,5048.0,5028.0,288.0,230.0,5008.0,5008.0,288.0,272.0,3923.0,4429.0,4935.0
2025-09-16 11:35:58,What other parts of the immune system are changed due to thickening of the neutrophils?,CPU1,9.73057746887207,879.8599243164062,0.095367431640625,38.17305541038513,3950.131130218506,0.482177734375,5056.0,5052.0,240.0,184.0,5056.0,5030.0,296.0,234.0,5008.0,5008.0,296.0,284.0,3923.0,4489.5,5056.0
2025-09-16 11:36:00,Who did Pinochet overthrow?,CPU1,7.352590560913086,879.3683052062988,0.06842613220214844,28.550109148025513,3414.5871291160583,0.2656986713409424,5056.0,5056.0,240.0,184.0,5056.0,5056.0,240.0,184.0,5056.0,5056.0,240.0,184.0,3883.0,3883.0,3883.0
2025-09-16 11:36:02,Which body of government because subordinate to the presidency?,CPU1,12.653589248657227,885.2791786193848,0.43487548828125,61.53440451622009,3922.229400873184,1.7386322021484375,5016.0,5016.0,288.0,264.0,5048.0,5032.0,288.0,230.0,5048.0,5048.0,248.0,196.0,4863.0,4430.5,3998.0
2025-09-16 11:36:04,Who pioneered using the French system of technological education?,CPU1,10.93602180480957,884.1903209686279,0.06842613220214844,51.060285806655884,3935.531118631363,0.28964781761169434,5024.0,5024.0,280.0,248.0,5040.0,5032.0,280.0,230.0,5040.0,5040.0,256.0,212.0,4669.0,4451.0,4233.0
2025-09-16 11:36:05,How many times has Daniel Day-Lewis been nominated for Best Actor?,CPU1,10.023117065429688,880.8541297912598,0.4291534423828125,44.452524185180664,3921.122158765793,1.9174575805664062,5032.0,5032.0,264.0,228.0,5032.0,5032.0,264.0,228.0,5032.0,5032.0,264.0,228.0,4435.0,4451.5,4468.0
2025-09-16 11:36:07,From what French word is emotion derived?,CPU1,9.638547897338867,880.8975219726562,0.07104873657226562,41.18551516532898,3917.7917289733887,0.3283872604370117,5040.0,5040.0,264.0,220.0,5040.0,5032.0,272.0,232.0,5024.0,5024.0,272.0,244.0,4273.0,4447.5,4622.0
2025-09-16 11:36:09,What improvements were made to Internet Explorer?,CPU1,7.999897003173828,883.1162452697754,0.07081031799316406,33.27157163619995,3947.971174478531,0.33861494064331055,5040.0,5040.0,256.0,208.0,5040.0,5032.0,280.0,232.0,5024.0,5024.0,280.0,256.0,4159.0,4470.5,4782.0
2025-09-16 11:36:11,Which 2000 presidential candidate was a former US Senator from Tennessee?,CPU1,7.06028938293457,879.7800540924072,0.06699562072753906,28.791860103607178,3929.537611603737,0.32526373863220215,5048.0,5048.0,248.0,200.0,5048.0,5032.0,288.0,234.0,5016.0,5016.0,288.0,268.0,4078.0,4466.5,4855.0
2025-09-16 11:36:13,Who ratified the Accords?,CPU1,7.668018341064453,879.469633102417,0.0705718994140625,30.388356685638428,3912.760397672653,0.34827232360839844,5048.0,5048.0,248.0,192.0,5048.0,5030.0,288.0,232.0,5016.0,5012.0,288.0,272.0,3963.0,4449.0,4935.0
2025-09-16 11:36:15,What was Matsushita Electric renamed in 1990?,CPU1,6.011247634887695,880.0206184387207,0.06508827209472656,23.58212447166443,3933.252154111862,0.32648277282714844,5048.0,5048.0,240.0,184.0,5048.0,5028.0,296.0,232.0,5008.0,5008.0,296.0,280.0,3923.0,4469.5,5016.0
2025-09-16 11:36:17,When were all the lodges in Iraq forced to close?,CPU1,6.561756134033203,879.4951438903809,0.41985511779785156,25.210267066955566,3379.0203428268433,1.6130833625793457,5056.0,5056.0,240.0,184.0,5056.0,5056.0,240.0,184.0,5056.0,5056.0,240.0,184.0,3842.0,3842.0,3842.0
2025-09-16 11:36:19,What do some cultures have formal ceremonies for?,CPU1,7.2498321533203125,879.8327445983887,0.06866455078125,35.77792167663574,3932.412451982498,0.274932861328125,5016.0,5012.0,296.0,276.0,5048.0,5030.0,296.0,234.0,5048.0,5048.0,248.0,192.0,4935.0,4469.5,4004.0
2025-09-16 11:36:21,Who did Tito marry in 1940?,CPU1,8.682966232299805,879.6074390411377,0.06866455078125,40.54076933860779,3932.7248599529266,0.29340362548828125,5024.0,5024.0,280.0,248.0,5040.0,5032.0,280.0,232.0,5040.0,5040.0,256.0,216.0,4669.0,4471.0,4273.0
2025-09-16 11:36:23,Aside from when they're speaking to Italians from their same town or region, where is a common place where Italians speak their regional language?,CPU1,11.632919311523438,879.7228336334229,0.06985664367675781,51.97588348388672,3948.1960773468018,0.3149137496948242,5032.0,5032.0,272.0,232.0,5032.0,5032.0,272.0,234.0,5032.0,5032.0,272.0,236.0,4468.0,4488.0,4508.0
2025-09-16 11:36:24,During which process did our current idea of race come about?,CPU1,6.6967010498046875,879.9600601196289,0.06914138793945312,28.889568328857422,3931.661548614502,0.31957149505615234,5040.0,5040.0,264.0,220.0,5040.0,5032.0,272.0,232.0,5024.0,5024.0,272.0,244.0,4314.0,4468.0,4622.0
2025-09-16 11:36:26,After allowing for their religion, did the people of the Catholic faith see themselves as Serbian or Croatian?,CPU1,10.808706283569336,882.7517032623291,0.45490264892578125,44.521061182022095,3928.6864553689957,2.175344467163086,5048.0,5048.0,256.0,208.0,5048.0,5032.0,280.0,234.0,5016.0,5016.0,280.0,260.0,4119.0,4450.5,4782.0
2025-09-16 11:36:28,What are the legislative systems of various Lutheran institutions called?,CPU1,6.110191345214844,885.3490352630615,0.45013427734375,24.67295265197754,3936.704485297203,2.1854019165039062,5048.0,5048.0,248.0,196.0,5048.0,5032.0,288.0,230.0,5016.0,5016.0,288.0,264.0,4038.0,4446.5,4855.0
2025-09-16 11:36:30,What is the name of a company that retails but does not manufacture drinks?,CPU1,4.704475402832031,887.1912956237793,0.07200241088867188,18.64383602142334,3947.114074230194,0.3553318977355957,5048.0,5048.0,248.0,192.0,5048.0,5030.0,288.0,232.0,5016.0,5012.0,288.0,272.0,3963.0,4449.0,4935.0
2025-09-16 11:36:32,What is discounted when converting from Gregorian to Julian?,CPU1,6.3800811767578125,879.7869682312012,0.06270408630371094,24.773855209350586,3896.57648229599,0.3119528293609619,5056.0,5056.0,240.0,184.0,5056.0,5032.0,288.0,228.0,5008.0,5008.0,288.0,272.0,3883.0,4429.0,4975.0
2025-09-16 11:36:34,What is the formalist definition of history?,CPU1,8.052825927734375,879.2738914489746,0.06818771362304688,31.269123077392578,3414.2205204963684,0.264772891998291,5056.0,5056.0,240.0,184.0,5056.0,5056.0,240.0,184.0,5056.0,5056.0,240.0,184.0,3883.0,3883.0,3883.0
2025-09-16 11:36:36,What are the three theories that do not accommodate mind?,CPU1,5.042314529418945,880.5413246154785,0.07295608520507812,24.883822202682495,3899.9175267219543,0.2862067222595215,5016.0,5016.0,296.0,272.0,5048.0,5032.0,296.0,230.0,5048.0,5048.0,240.0,188.0,4935.0,4429.0,3923.0
2025-09-16 11:36:38,The group of animals that can detect magnetic fields is what?,CPU1,8.516550064086914,881.2112808227539,0.43964385986328125,40.10443425178528,3942.9798760414124,1.8640899658203125,5024.0,5024.0,280.0,248.0,5040.0,5032.0,280.0,230.0,5040.0,5040.0,256.0,212.0,4709.0,4474.5,4240.0
2025-09-16 11:36:40,Monody, the madrigal comedy, and intermedio are all precursors to what?,CPU1,6.645679473876953,881.026029586792,0.43201446533203125,29.739415645599365,3939.5078912973404,1.9302406311035156,5032.0,5032.0,272.0,232.0,5032.0,5032.0,272.0,232.0,5032.0,5032.0,264.0,232.0,4475.0,4471.5,4468.0
2025-09-16 11:36:41,What do airports use to assure smooth traffic flow between departing and arriving aircraft?,CPU1,8.559226989746094,880.8729648590088,0.06723403930664062,36.57357692718506,3917.6825112104416,0.31075572967529297,5040.0,5040.0,256.0,216.0,5040.0,5032.0,272.0,230.0,5024.0,5024.0,272.0,244.0,4273.0,4447.5,4622.0
2025-09-16 11:36:43,During what part of the week is the time change most often scheduled?,CPU1,4.4078826904296875,881.8666934967041,0.42557716369628906,18.508699417114258,3942.3850532770157,2.0180869102478027,5040.0,5040.0,256.0,208.0,5040.0,5032.0,280.0,232.0,5024.0,5024.0,280.0,256.0,4199.0,4470.5,4742.0
2025-09-16 11:36:45,What is furthest from the equator in the Sahara?,CPU1,8.814096450805664,881.3116550445557,0.06961822509765625,35.9438853263855,3936.378507256508,0.3379964828491211,5048.0,5048.0,248.0,196.0,5048.0,5032.0,288.0,232.0,5016.0,5016.0,288.0,268.0,4078.0,4466.5,4855.0
2025-09-16 11:36:47,Simon Ockley translated Philosophus Autodidactus into English, in what year did he do that?,CPU1,7.460355758666992,880.8586597442627,0.4475116729736328,29.56538987159729,3901.3230040073395,2.1905696392059326,5048.0,5048.0,248.0,192.0,5048.0,5030.0,288.0,232.0,5016.0,5012.0,288.0,272.0,3963.0,4429.0,4895.0
2025-09-16 11:36:49,How many Republicans are affiliated with the GOP?,CPU1,9.42373275756836,883.8090896606445,0.3669261932373047,36.969303607940674,3932.0666399002075,1.8254578113555908,5056.0,5052.0,240.0,184.0,5056.0,5030.0,296.0,230.0,5008.0,5008.0,296.0,276.0,3923.0,4449.0,4975.0
2025-09-16 11:36:51,What was the period of time called when the Mycenaeans were considered sea raiders?,CPU1,6.714105606079102,878.9923191070557,0.07176399230957031,26.07087206840515,3413.127175092697,0.2786595821380615,5056.0,5056.0,240.0,184.0,5056.0,5056.0,240.0,184.0,5056.0,5056.0,240.0,184.0,3883.0,3883.0,3883.0
2025-09-16 11:36:53,What French architect designed Hungarian Cathedral in the seventeenth century?,CPU1,8.116960525512695,879.6548843383789,0.0705718994140625,40.38187861442566,3931.1776781082153,0.2796764373779297,5016.0,5016.0,296.0,276.0,5048.0,5032.0,296.0,234.0,5048.0,5048.0,248.0,192.0,4975.0,4469.0,3963.0
2025-09-16 11:36:55,Name one name the Batvian Republic is also known as?,CPU1,8.086204528808594,879.8482418060303,0.06866455078125,38.07793712615967,3933.8014891147614,0.29065704345703125,5024.0,5024.0,280.0,252.0,5040.0,5032.0,280.0,234.0,5040.0,5040.0,256.0,216.0,4709.0,4471.0,4233.0
2025-09-16 11:36:57,What does Berkshire Hathaway manage as part of the Foundation Trust?,CPU1,8.678436279296875,879.6827793121338,0.06961822509765625,38.836002349853516,3933.5015476942062,0.3110542297363281,5032.0,5032.0,272.0,232.0,5032.0,5032.0,272.0,234.0,5032.0,5032.0,272.0,236.0,4475.0,4471.5,4468.0
2025-09-16 11:36:58,What is the Royal Gold Medal removed from?,CPU1,9.232044219970703,879.6048164367676,0.07271766662597656,39.448524951934814,3964.81871008873,0.34482717514038086,5040.0,5040.0,264.0,220.0,5040.0,5032.0,280.0,238.0,5024.0,5024.0,280.0,256.0,4273.0,4507.5,4742.0
2025-09-16 11:37:00,Which document, granted by Edward VII, was officially signed on the 8th of July 1907?,CPU1,6.987571716308594,880.765438079834,0.07033348083496094,31.5488862991333,4302.979547739029,0.3696727752685547,5040.0,5036.0,264.0,228.0,5040.0,5022.0,296.0,260.0,5008.0,5008.0,296.0,292.0,4515.0,4885.5,5256.0
2025-09-16 11:37:02,Up until what century were cladistics universally taught?,CPU1,7.745027542114258,879.0223598480225,0.42891502380371094,31.901768445968628,3944.173328638077,2.0823824405670166,5048.0,5048.0,248.0,204.0,5048.0,5032.0,288.0,236.0,5016.0,5016.0,288.0,268.0,4119.0,4487.0,4855.0
2025-09-16 11:37:04,What slows down degradation of microbes?,CPU1,5.911588668823242,884.1342926025391,0.07271766662597656,32.20633506774902,5113.832748413086,0.44503211975097656,5008.0,5008.0,296.0,296.0,5008.0,5002.0,408.0,328.0,5000.0,4996.0,408.0,360.0,5448.0,5784.0,6120.0
2025-09-16 11:37:06,What servers did Dell create that they tried to break into the market with?,CPU1,11.579751968383789,880.0692558288574,0.07033348083496094,49.56133842468262,4245.454090118408,0.3775501251220703,5048.0,5048.0,256.0,212.0,5048.0,5026.0,304.0,258.0,5008.0,5004.0,304.0,304.0,4280.0,4824.0,5368.0
2025-09-16 11:37:08,What don't the tradeoffs of digital piracy support?,CPU1,6.719350814819336,879.5871734619141,0.06723403930664062,26.360013246536255,3450.620481491089,0.26375913619995117,5056.0,5056.0,240.0,188.0,5056.0,5056.0,240.0,188.0,5056.0,5056.0,240.0,188.0,3923.0,3923.0,3923.0
2025-09-16 11:37:10,What did Valerian's second edict call the Christians' presence in the empire?,CPU1,14.840841293334961,880.2876472473145,0.07128715515136719,78.47836875915527,4439.290605068207,0.34203577041625977,5008.0,5008.0,296.0,296.0,5040.0,5024.0,296.0,270.0,5040.0,5040.0,280.0,244.0,5288.0,5043.0,4798.0
2025-09-16 11:37:12,What are some Protestant rewards to Freemasonry?,CPU1,8.493185043334961,881.6092014312744,0.0705718994140625,43.34921646118164,4655.3373881578445,0.38511085510253906,5016.0,5016.0,296.0,280.0,5016.0,5012.0,304.0,290.0,5008.0,5008.0,304.0,300.0,5104.0,5280.5,5457.0
2025-09-16 11:37:14,Who was Henry's ally?,CPU1,16.440153121948242,887.9966735839844,0.07271766662597656,83.91054153442383,4742.346235275269,0.4055464267730713,5016.0,5016.0,288.0,272.0,5016.0,5012.0,320.0,292.0,5008.0,5008.0,320.0,312.0,5104.0,5340.5,5577.0
2025-09-16 11:37:15,What rediscovered inheritance was thought to invalidate Darwin's views on evolution?,CPU1,8.54349136352539,879.4565200805664,0.07176399230957031,39.265886306762695,4056.4931988716125,0.332195520401001,5032.0,5032.0,272.0,240.0,5032.0,5028.0,272.0,242.0,5024.0,5024.0,272.0,244.0,4596.0,4612.5,4629.0
2025-09-16 11:37:17,Which day was the Imperial College Boat Club formed on?,CPU1,7.158756256103516,878.9620399475098,0.06723403930664062,30.059617519378662,3929.3997995853424,0.31882381439208984,5040.0,5040.0,256.0,212.0,5040.0,5030.0,280.0,234.0,5024.0,5020.0,280.0,256.0,4199.0,4470.5,4742.0
2025-09-16 11:37:19,What is the foundation for federalist paper no. 93?,CPU1,8.949041366577148,878.9684772491455,0.07486343383789062,36.136229038238525,3890.7539645433426,0.36046743392944336,5048.0,5048.0,248.0,196.0,5048.0,5032.0,288.0,230.0,5016.0,5016.0,288.0,264.0,4038.0,4426.5,4815.0
2025-09-16 11:37:21,How are Russians from Lebanon referred to?,CPU1,11.141061782836914,881.7012310028076,0.07176399230957031,44.54196500778198,3938.11854827404,0.3541553020477295,5048.0,5048.0,248.0,192.0,5048.0,5030.0,288.0,232.0,5016.0,5012.0,288.0,272.0,3998.0,4466.5,4935.0
2025-09-16 11:37:23,What did CCTV-1 host on the evening of May 18th?,CPU1,11.524438858032227,879.751443862915,0.06532669067382812,45.210373640060425,3932.0490783452988,0.3276786804199219,5048.0,5048.0,240.0,188.0,5048.0,5028.0,288.0,232.0,5008.0,5008.0,288.0,276.0,3923.0,4469.5,5016.0
2025-09-16 11:37:25,What consumer trend has hurt many business computer manufacturers?,CPU1,7.245779037475586,879.619836807251,0.07009506225585938,28.1353600025177,3415.5638263225555,0.27217912673950195,5056.0,5056.0,240.0,184.0,5056.0,5056.0,240.0,184.0,5056.0,5056.0,240.0,184.0,3883.0,3883.0,3883.0
2025-09-16 11:37:27,How long did the rupture last?,CPU1,7.428407669067383,879.5466423034668,0.07176399230957031,36.95632815361023,3913.103011608124,0.28153014183044434,5016.0,5012.0,296.0,276.0,5048.0,5030.0,296.0,232.0,5048.0,5048.0,240.0,188.0,4975.0,4449.0,3923.0
2025-09-16 11:37:29,The system began charging China and surrounding areas in what month?,CPU1,7.037639617919922,879.69970703125,0.07224082946777344,33.653992652893066,3950.291534423828,0.30333924293518066,5024.0,5024.0,288.0,260.0,5040.0,5032.0,288.0,234.0,5040.0,5040.0,256.0,208.0,4782.0,4490.5,4199.0
2025-09-16 11:37:31,In what year was RCA founded?,CPU1,7.38072395324707,879.7774314880371,0.461578369140625,33.27230358123779,3930.84556388855,2.0438690185546875,5032.0,5032.0,272.0,236.0,5032.0,5032.0,272.0,232.0,5032.0,5032.0,264.0,228.0,4508.0,4468.0,4428.0
2025-09-16 11:37:32,Where would Nebraska's influence be diminished under the 36th Amendment?,CPU1,7.527589797973633,879.8105716705322,0.0705718994140625,32.16539120674133,3898.4406430721283,0.3238544464111328,5040.0,5040.0,256.0,216.0,5040.0,5032.0,272.0,228.0,5024.0,5024.0,272.0,240.0,4273.0,4431.0,4589.0
2025-09-16 11:37:34,How many dragons were represented in Zhang Heng's invention of the seismometer?,CPU1,9.833574295043945,880.0525665283203,0.42510032653808594,40.89783549308777,3916.6739473342896,2.0158257484436035,5040.0,5040.0,256.0,208.0,5040.0,5030.0,280.0,232.0,5024.0,5020.0,280.0,256.0,4159.0,4450.5,4742.0
2025-09-16 11:37:36,What was hunting in North American in the 19th century used to supplement? ,CPU1,8.598804473876953,879.6370029449463,0.06341934204101562,35.065924644470215,3928.8986736536026,0.30790090560913086,5048.0,5048.0,248.0,200.0,5048.0,5032.0,288.0,232.0,5016.0,5016.0,288.0,264.0,4078.0,4466.5,4855.0
2025-09-16 11:37:38,What year can BYU's origin be traced to with a building called Cluff Hall?,CPU1,8.56161117553711,879.8363208770752,0.4482269287109375,33.87829542160034,3894.155556201935,2.194070816040039,5048.0,5048.0,248.0,192.0,5048.0,5032.0,288.0,232.0,5016.0,5016.0,288.0,272.0,3957.0,4426.0,4895.0
2025-09-16 11:37:40,Historical definitions of who a Jew is dates back to what year?,CPU1,10.252714157104492,879.7085285186768,0.07176399230957031,40.6315062046051,3931.4174139499664,0.3570258617401123,5056.0,5052.0,248.0,192.0,5056.0,5032.0,288.0,232.0,5016.0,5012.0,288.0,272.0,3963.0,4469.0,4975.0
2025-09-16 11:37:42,Why did Armenia make Christianity its official religion?,CPU1,10.93435287475586,879.4131278991699,0.06818771362304688,43.78114891052246,3521.1701641082764,0.2730236053466797,5056.0,5052.0,240.0,184.0,5056.0,5052.0,240.0,184.0,5056.0,5052.0,240.0,184.0,4004.0,4004.0,4004.0
2025-09-16 11:37:44,What is absolute according to the theory of relativity?,CPU1,7.534503936767578,879.6205520629883,0.48041343688964844,37.79307174682617,3913.8716464042664,1.8654453754425049,5008.0,5008.0,296.0,280.0,5056.0,5032.0,296.0,232.0,5056.0,5056.0,240.0,184.0,5016.0,4449.5,3883.0
2025-09-16 11:37:46,What is the feed signal of Sure South Atlantic received by?,CPU1,5.427122116088867,880.0678253173828,0.09512901306152344,25.952497959136963,3951.9445695877075,0.3994467258453369,5024.0,5020.0,280.0,256.0,5040.0,5030.0,280.0,232.0,5040.0,5040.0,256.0,208.0,4782.0,4490.5,4199.0
2025-09-16 11:37:48,Who had a conflict with Jesus and his family?,CPU1,9.647130966186523,879.6164989471436,0.0762939453125,43.48926639556885,3933.2051750421524,0.3383636474609375,5032.0,5032.0,272.0,236.0,5032.0,5032.0,272.0,232.0,5032.0,5032.0,264.0,228.0,4508.0,4471.5,4435.0
2025-09-16 11:37:50,Who was the first to discover deuterium?,CPU1,8.084297180175781,879.7035217285156,0.06985664367675781,35.19902992248535,3933.5942974090576,0.3205721378326416,5040.0,5040.0,264.0,224.0,5040.0,5032.0,272.0,234.0,5024.0,5024.0,272.0,244.0,4354.0,4471.5,4589.0
2025-09-16 11:37:51,What was the population of Tuscon according to the 2010 U.S. Census? ,CPU1,10.086536407470703,879.7588348388672,0.06556510925292969,42.35336637496948,3932.9618711471558,0.3109097480773926,5040.0,5040.0,256.0,208.0,5040.0,5030.0,280.0,232.0,5024.0,5020.0,280.0,256.0,4199.0,4470.5,4742.0
2025-09-16 11:37:53,Which groups of researchers provided unorthodox structure for a research group?,CPU1,10.733366012573242,879.6491622924805,0.06866455078125,43.77066659927368,3911.3600001335144,0.33061981201171875,5048.0,5048.0,248.0,200.0,5048.0,5032.0,288.0,232.0,5016.0,5016.0,288.0,264.0,4078.0,4446.5,4815.0
2025-09-16 11:37:55,What movie did Spectre beat to become top movie of the year in Switzerland?,CPU1,13.257265090942383,879.6889781951904,0.4565715789794922,53.00254583358765,3911.5370415449142,2.2349178791046143,5048.0,5048.0,248.0,196.0,5048.0,5032.0,288.0,234.0,5016.0,5016.0,288.0,272.0,3998.0,4446.5,4895.0
2025-09-16 11:37:57,Aspiring to others what is malign?,CPU1,6.463527679443359,887.8464698791504,0.06937980651855469,25.614960193634033,3967.785873889923,0.34516453742980957,5048.0,5048.0,248.0,192.0,5048.0,5030.0,288.0,232.0,5016.0,5012.0,288.0,272.0,3963.0,4469.0,4975.0
2025-09-16 11:37:59,How long didn't the Germans massacre Polish and Jewish civilians? ,CPU1,6.712675094604492,879.615068435669,0.07271766662597656,26.065317392349243,3415.5453107357025,0.282362699508667,5056.0,5056.0,240.0,184.0,5056.0,5056.0,240.0,184.0,5056.0,5056.0,240.0,184.0,3883.0,3883.0,3883.0
2025-09-16 11:38:01,Who was elected to the Parliamentary Liberal Party after the 2007 Federal Election?,CPU1,6.895780563354492,879.7433376312256,0.07128715515136719,34.58923530578613,3932.0128475427628,0.2796595096588135,5008.0,5008.0,296.0,280.0,5056.0,5032.0,296.0,232.0,5056.0,5056.0,240.0,184.0,5016.0,4469.5,3923.0
2025-09-16 11:38:03, Where does methane in the north pole escape to on Neptune?,CPU1,7.480859756469727,880.5291652679443,0.07128715515136719,35.77347135543823,4423.338261723518,0.37532687187194824,5024.0,5024.0,288.0,260.0,5024.0,5022.0,288.0,274.0,5024.0,5020.0,288.0,288.0,4782.0,5023.5,5265.0
2025-09-16 11:38:05,What was the Prussian General staff quick to utilize at the onset of the war?,CPU1,8.743524551391602,879.80055809021,0.06794929504394531,40.82351613044739,4004.8521404266357,0.30135512351989746,5032.0,5028.0,280.0,248.0,5032.0,5030.0,280.0,238.0,5032.0,5032.0,264.0,228.0,4669.0,4552.0,4435.0
2025-09-16 11:38:07,What is the name of the handicapped bearer of the torch?,CPU1,7.801532745361328,880.072832107544,0.07152557373046875,33.65581226348877,3917.644212126732,0.3282308578491211,5040.0,5040.0,264.0,220.0,5040.0,5032.0,272.0,230.0,5024.0,5024.0,272.0,240.0,4314.0,4451.5,4589.0
2025-09-16 11:38:08,Prior to what year were the reports used to assess sea level rise?,CPU1,7.882118225097656,879.662036895752,0.42510032653808594,34.318742752075195,4018.296184539795,2.032829761505127,5040.0,5040.0,256.0,224.0,5040.0,5030.0,280.0,240.0,5024.0,5020.0,280.0,256.0,4354.0,4568.0,4782.0
2025-09-16 11:38:10,What allows asphalt to be mixed at higher temperatures?,CPU1,10.198593139648438,879.4987201690674,0.06794929504394531,42.008005142211914,3932.2387778759003,0.32771944999694824,5048.0,5048.0,256.0,204.0,5048.0,5032.0,288.0,234.0,5016.0,5016.0,288.0,264.0,4119.0,4471.0,4823.0
2025-09-16 11:38:12,What did the Greek economy have the lowest of at the end of 2009?,CPU1,6.661176681518555,879.7605037689209,0.07200241088867188,26.671351432800293,3914.4943615198135,0.35245180130004883,5048.0,5048.0,248.0,196.0,5048.0,5032.0,288.0,232.0,5016.0,5016.0,288.0,268.0,4004.0,4449.5,4895.0
2025-09-16 11:38:14,In what city did the 1981 FIBA African Championship take place?,CPU1,11.58452033996582,879.5349597930908,0.06771087646484375,45.44607329368591,3913.051036119461,0.33686161041259766,5048.0,5048.0,240.0,188.0,5048.0,5028.0,288.0,230.0,5008.0,5008.0,288.0,272.0,3923.0,4449.0,4975.0
2025-09-16 11:38:16,When did the British withdraw from Walcheren?,CPU1,8.629560470581055,879.3983459472656,0.06937980651855469,33.508583307266235,3414.7037773132324,0.26940178871154785,5056.0,5056.0,240.0,184.0,5056.0,5056.0,240.0,184.0,5056.0,5056.0,240.0,184.0,3883.0,3883.0,3883.0
2025-09-16 11:38:18,What entity publishes the HCP for public comment?,CPU1,8.580684661865234,879.5638084411621,0.07224082946777344,43.040714263916016,3913.619165658951,0.28051114082336426,5008.0,5008.0,296.0,280.0,5056.0,5032.0,296.0,232.0,5056.0,5056.0,240.0,184.0,5016.0,4449.5,3883.0
2025-09-16 11:38:20,In which year was the new Roosevelt Presidential coin introduced?,CPU1,13.296127319335938,879.7717094421387,0.4296302795410156,63.58208084106445,3933.019427061081,1.786832332611084,5024.0,5024.0,288.0,260.0,5048.0,5034.0,288.0,234.0,5048.0,5044.0,256.0,208.0,4782.0,4470.5,4159.0
2025-09-16 11:38:22,What work did Barbara A. West do in the late 1830's?,CPU1,6.8950653076171875,879.8098564147949,0.07081031799316406,31.35875701904297,3933.629868030548,0.3111405372619629,5032.0,5032.0,272.0,240.0,5032.0,5032.0,272.0,234.0,5032.0,5032.0,264.0,228.0,4548.0,4471.0,4394.0
2025-09-16 11:38:24,What was another term for easy listening stations?,CPU1,5.688905715942383,879.9304962158203,0.06794929504394531,24.769495487213135,3934.6092138290405,0.31181931495666504,5040.0,5040.0,264.0,220.0,5040.0,5032.0,272.0,232.0,5024.0,5024.0,272.0,244.0,4354.0,4471.5,4589.0
2025-09-16 11:38:25,What does Darwin use to illustrate the effects of artificial selection?,CPU1,8.85319709777832,879.5509338378906,0.07224082946777344,37.53755569458008,3950.063243865967,0.34256601333618164,5040.0,5040.0,256.0,212.0,5040.0,5030.0,280.0,234.0,5024.0,5020.0,280.0,256.0,4240.0,4491.0,4742.0
2025-09-16 11:38:27,What religion was a majority in Germany?,CPU1,6.2999725341796875,879.9080848693848,0.4394054412841797,25.949586868286133,3934.0690474510193,2.1192524433135986,5048.0,5048.0,248.0,200.0,5048.0,5032.0,288.0,232.0,5016.0,5016.0,288.0,264.0,4119.0,4471.0,4823.0
2025-09-16 11:38:29,What type of translation is still never accurate and reliable?,CPU1,6.277561187744141,879.8072338104248,0.4265308380126953,25.13535499572754,3914.702286839485,2.0878684520721436,5048.0,5048.0,248.0,192.0,5048.0,5032.0,288.0,230.0,5016.0,5016.0,288.0,268.0,4004.0,4449.5,4895.0
2025-09-16 11:38:31,From which period did the first known amniotes arise from?,CPU1,7.282018661499023,879.7094821929932,0.06985664367675781,28.85863995552063,3931.4216759204865,0.3475368022918701,5048.0,5048.0,248.0,192.0,5048.0,5030.0,288.0,232.0,5016.0,5012.0,288.0,272.0,3963.0,4469.0,4975.0
2025-09-16 11:38:33,Which directional area of Southampton does Dr. Alan Whitehead represent?,CPU1,5.107402801513672,880.1147937774658,0.07152557373046875,19.832045078277588,3417.4857442379,0.27773380279541016,5056.0,5056.0,240.0,184.0,5056.0,5056.0,240.0,184.0,5056.0,5056.0,240.0,184.0,3883.0,3883.0,3883.0
2025-09-16 11:38:35,If the grid circuit voltage is increased beyond its regular bias setting, what doesn't happen to the conductive plates in power amplifiers?,CPU1,10.220766067504883,880.8789253234863,0.07104873657226562,50.84831118583679,3919.0303387641907,0.27872419357299805,5016.0,5012.0,296.0,276.0,5048.0,5030.0,296.0,230.0,5048.0,5048.0,240.0,184.0,4975.0,4449.0,3923.0
2025-09-16 11:38:37,What political party is Hifikepunye Pohamba a member of?,CPU1,6.41179084777832,880.1147937774658,0.06985664367675781,30.92406725883484,3967.557490348816,0.2929089069366455,5024.0,5020.0,288.0,260.0,5040.0,5030.0,288.0,234.0,5040.0,5040.0,256.0,208.0,4823.0,4508.0,4193.0
2025-09-16 11:38:39,What is the system IBM lost using Codd's research?,CPU1,7.838010787963867,879.7521591186523,1.4362335205078125,35.33375263214111,3933.811779499054,6.369695663452148,5032.0,5032.0,272.0,236.0,5032.0,5032.0,272.0,232.0,5032.0,5032.0,264.0,228.0,4508.0,4471.5,4435.0
2025-09-16 11:38:41,What sort of organization is Spadschnyna? ,CPU1,8.161783218383789,879.6937465667725,0.0705718994140625,35.86287546157837,3951.1444627046585,0.3238544464111328,5040.0,5040.0,264.0,224.0,5040.0,5034.0,272.0,234.0,5032.0,5028.0,272.0,244.0,4394.0,4491.5,4589.0
2025-09-16 11:38:42,When did Kanye West annouce his Pastelle Clothing line?,CPU1,8.063077926635742,879.4336318969727,0.06985664367675781,33.85686421394348,3931.5080513954163,0.33126020431518555,5048.0,5044.0,256.0,208.0,5048.0,5032.0,280.0,232.0,5024.0,5020.0,280.0,256.0,4199.0,4470.5,4742.0
2025-09-16 11:38:44,What countries did the federalist model succeed in? ,CPU1,7.504940032958984,879.4100284576416,0.06890296936035156,30.60514545440674,3913.814331650734,0.3323190212249756,5048.0,5048.0,248.0,200.0,5048.0,5032.0,288.0,232.0,5016.0,5016.0,288.0,264.0,4078.0,4450.5,4823.0
2025-09-16 11:38:46,What supports the research and innovation of Europe?,CPU1,7.017612457275391,879.3239593505859,0.07009506225585938,28.05641460418701,3909.9139852523804,0.34311532974243164,5048.0,5048.0,248.0,196.0,5048.0,5032.0,288.0,232.0,5016.0,5016.0,288.0,268.0,3998.0,4446.5,4895.0
2025-09-16 11:38:48,What did Russell combine at the headquarters?,CPU1,6.455421447753906,879.852294921875,0.06961822509765625,25.324618339538574,3914.462860107422,0.34635066986083984,5048.0,5048.0,240.0,188.0,5048.0,5030.0,288.0,230.0,5016.0,5012.0,288.0,272.0,3923.0,4449.0,4975.0
2025-09-16 11:38:50,From which countries does the biggest rise in Valencia's foreign population come?,CPU1,7.124185562133789,879.1153430938721,0.072479248046875,27.371120929718018,3377.5611481666565,0.27846527099609375,5056.0,5056.0,240.0,184.0,5056.0,5056.0,240.0,184.0,5056.0,5056.0,240.0,184.0,3842.0,3842.0,3842.0
2025-09-16 11:38:52,Where was the commander-in-chief stationed?,CPU1,7.423877716064453,879.741907119751,0.4451274871826172,36.933791637420654,3931.566582918167,1.764040231704712,5008.0,5008.0,296.0,276.0,5048.0,5028.0,296.0,234.0,5048.0,5048.0,248.0,192.0,4975.0,4469.0,3963.0
2025-09-16 11:38:54,What do many words feature?,CPU1,4.3430328369140625,880.0508975982666,0.06890296936035156,20.629405975341797,3935.147588610649,0.2889101505279541,5024.0,5024.0,288.0,256.0,5040.0,5032.0,288.0,234.0,5040.0,5040.0,256.0,212.0,4750.0,4471.5,4193.0
2025-09-16 11:38:56,What is Google helping NARA with?,CPU1,4.596710205078125,879.6989917755127,0.07033348083496094,20.721969604492188,3933.574041724205,0.31192898750305176,5032.0,5032.0,272.0,236.0,5032.0,5032.0,272.0,232.0,5032.0,5032.0,264.0,228.0,4508.0,4471.5,4435.0
2025-09-16 11:38:58,In what time period was the FA cup final played outside of London?,CPU1,7.9631805419921875,879.4140815734863,0.07033348083496094,34.3531608581543,3932.300065755844,0.3255736827850342,5040.0,5040.0,264.0,220.0,5040.0,5032.0,272.0,232.0,5024.0,5024.0,272.0,244.0,4314.0,4471.5,4629.0
2025-09-16 11:38:59,What types of new nutrients can be introduced?,CPU1,6.657600402832031,879.9693584442139,0.07200241088867188,27.688960075378418,3933.903016924858,0.3443155288696289,5040.0,5040.0,256.0,208.0,5040.0,5028.0,280.0,232.0,5016.0,5016.0,280.0,256.0,4159.0,4470.5,4782.0
2025-09-16 11:39:01,What is the main industrial area of Raleigh?,CPU1,6.384134292602539,880.1071643829346,0.07176399230957031,26.034499645233154,3916.9169350862503,0.3461177349090576,5048.0,5048.0,248.0,196.0,5048.0,5032.0,288.0,230.0,5016.0,5016.0,288.0,264.0,4078.0,4450.5,4823.0
2025-09-16 11:39:03,How do some plants avoid cross pollination?,CPU1,9.260416030883789,879.425048828125,0.5855560302734375,37.39355993270874,3945.540481567383,2.889719009399414,5048.0,5048.0,248.0,200.0,5048.0,5030.0,288.0,236.0,5016.0,5012.0,288.0,272.0,4038.0,4486.5,4935.0
2025-09-16 11:39:05,What political organization controlled the RSFSR up to 1991?,CPU1,4.079580307006836,880.1388740539551,0.064849853515625,15.841010332107544,3898.135073184967,0.3226280212402344,5048.0,5048.0,240.0,184.0,5048.0,5028.0,288.0,228.0,5008.0,5008.0,288.0,272.0,3883.0,4429.0,4975.0
2025-09-16 11:39:07,In what year did George become King?,CPU1,5.958795547485352,879.3900012969971,0.446319580078125,23.13800311088562,3414.6713750362396,1.7330589294433594,5056.0,5056.0,240.0,184.0,5056.0,5056.0,240.0,184.0,5056.0,5056.0,240.0,184.0,3883.0,3883.0,3883.0
2025-09-16 11:39:09,All but what type of children must learn to clean?,CPU1,7.528543472290039,879.4724941253662,0.44918060302734375,37.15336203575134,3930.8023124933243,1.7985191345214844,5016.0,5012.0,296.0,272.0,5048.0,5030.0,296.0,232.0,5048.0,5048.0,248.0,192.0,4935.0,4469.5,4004.0
2025-09-16 11:39:11,In what year did the Daily Kansan lose the Intercollegiate Writing Competition?,CPU1,8.047819137573242,879.4903755187988,0.4200935363769531,37.840845584869385,3946.7130601406097,1.7950596809387207,5024.0,5024.0,280.0,252.0,5040.0,5032.0,280.0,232.0,5040.0,5040.0,256.0,212.0,4702.0,4487.5,4273.0
2025-09-16 11:39:13,Who noted the severe erosion of the mountains?,CPU1,6.4563751220703125,879.2266845703125,0.06914138793945312,28.634023666381836,3913.877586364746,0.30892372131347656,5032.0,5032.0,264.0,228.0,5032.0,5032.0,264.0,230.0,5032.0,5032.0,264.0,232.0,4435.0,4451.5,4468.0
2025-09-16 11:39:15,How many field offices does the FBI have in major cities?,CPU1,7.059812545776367,877.7480125427246,0.4267692565917969,30.166579008102417,3906.8564038276672,1.9755148887634277,5040.0,5040.0,256.0,216.0,5040.0,5032.0,272.0,230.0,5024.0,5024.0,272.0,244.0,4273.0,4451.0,4629.0
2025-09-16 11:39:16,Companies such as Ford, IBM, Lucent, Samsung and SAP have built what in Nanjing?,CPU1,13.13638687133789,878.098726272583,0.06914138793945312,54.63423299789429,3925.5403558015823,0.33063411712646484,5048.0,5044.0,256.0,208.0,5048.0,5030.0,280.0,234.0,5016.0,5016.0,280.0,260.0,4159.0,4470.5,4782.0
2025-09-16 11:39:18,What did Bruce Voeller do with his findings?,CPU1,11.144638061523438,878.0486583709717,0.43654441833496094,45.00204849243164,3904.2433594465256,2.1194231510162354,5048.0,5048.0,248.0,196.0,5048.0,5032.0,288.0,232.0,5016.0,5016.0,288.0,268.0,4038.0,4446.5,4855.0
2025-09-16 11:39:20,What allows organisms to anticipate and prepare for unexpected environmental changes?,CPU1,8.631229400634766,878.211259841919,0.06175041198730469,34.205562114715576,3907.1618950366974,0.30473828315734863,5048.0,5048.0,248.0,192.0,5048.0,5028.0,288.0,232.0,5008.0,5008.0,288.0,272.0,3963.0,4449.0,4935.0
2025-09-16 11:39:22,In what year did Edward VI begin his reign?,CPU1,12.23897933959961,878.0279159545898,0.06365776062011719,48.01351594924927,3924.3457703590393,0.3193073272705078,5056.0,5052.0,248.0,192.0,5056.0,5030.0,296.0,236.0,5008.0,5008.0,296.0,280.0,3923.0,4469.5,5016.0
2025-09-16 11:39:24,What is the aggregate population of Paris?,CPU1,6.276369094848633,878.4153461456299,0.06866455078125,24.113810062408447,3374.87175989151,0.2638092041015625,5056.0,5056.0,240.0,184.0,5056.0,5056.0,240.0,184.0,5056.0,5056.0,240.0,184.0,3842.0,3842.0,3842.0
2025-09-16 11:39:26,British imperialism was being reconsidered in light of which territories' independence movements?,CPU1,9.2010498046875,878.5297870635986,0.07295608520507812,45.40718078613281,3923.9532939195633,0.29167842864990234,5016.0,5016.0,288.0,268.0,5048.0,5032.0,288.0,232.0,5048.0,5048.0,248.0,196.0,4935.0,4466.5,3998.0
2025-09-16 11:39:28,Who fled from Sichuan to Chang'an?,CPU1,6.6776275634765625,878.594160079956,0.06937980651855469,31.444948196411133,3945.7663729190826,0.2964599132537842,5024.0,5024.0,280.0,252.0,5040.0,5032.0,280.0,234.0,5040.0,5040.0,256.0,216.0,4709.0,4491.0,4273.0
2025-09-16 11:39:30,What year the "second generation" of tram system began to operate in France?,CPU1,10.896682739257812,878.3411979675293,0.42438507080078125,48.3267879486084,3927.5026667118073,1.9131278991699219,5032.0,5032.0,264.0,228.0,5032.0,5032.0,272.0,232.0,5032.0,5032.0,272.0,236.0,4435.0,4471.5,4508.0
2025-09-16 11:39:32,What did China agree to avoid the undermining of the Republic?,CPU1,6.6986083984375,878.9162635803223,0.07176399230957031,28.897796630859375,3944.5761909484863,0.3345637321472168,5040.0,5040.0,264.0,220.0,5040.0,5032.0,280.0,234.0,5024.0,5024.0,280.0,248.0,4314.0,4488.0,4662.0
2025-09-16 11:39:33,What war took place in the 1700's?,CPU1,5.825996398925781,878.8819313049316,0.06985664367675781,26.54323959350586,4121.516816854477,0.33691859245300293,5040.0,5036.0,264.0,236.0,5040.0,5028.0,280.0,248.0,5024.0,5020.0,280.0,260.0,4556.0,4689.5,4823.0
2025-09-16 11:39:35,Who was the most discussed singer in American Idols sixth season?,CPU1,4.969596862792969,879.1100978851318,0.07104873657226562,20.266016006469727,3926.5452522039413,0.3449416160583496,5048.0,5048.0,248.0,196.0,5048.0,5032.0,288.0,232.0,5016.0,5016.0,288.0,268.0,4078.0,4466.5,4855.0
2025-09-16 11:39:37,What was the second industrial revolution was labeled?,CPU1,9.295225143432617,878.7519931793213,0.07295608520507812,36.83697724342346,3909.5676176548004,0.36003828048706055,5048.0,5048.0,248.0,192.0,5048.0,5028.0,288.0,232.0,5008.0,5008.0,288.0,272.0,3963.0,4449.0,4935.0
2025-09-16 11:39:39,What group did Theodore Roosevelt belong to in the 19th century?,CPU1,6.8798065185546875,878.7112236022949,0.06365776062011719,26.71428871154785,3891.812009334564,0.316697359085083,5056.0,5052.0,240.0,184.0,5056.0,5030.0,296.0,232.0,5008.0,5008.0,296.0,280.0,3883.0,4429.0,4975.0
2025-09-16 11:39:41,Who wasn't the first president of the Russian Federation?,CPU1,12.477397918701172,907.1569442749023,0.07176399230957031,62.07505464553833,3999.201388835907,0.27571725845336914,5008.0,5008.0,296.0,280.0,5056.0,5032.0,296.0,232.0,5056.0,5056.0,240.0,184.0,4975.0,4408.5,3842.0
2025-09-16 11:39:43,What famous dish is also known as hot garlic paste?,CPU1,13.213157653808594,878.4267902374268,0.072479248046875,65.20693302154541,3926.128538966179,0.2902069091796875,5016.0,5016.0,288.0,268.0,5048.0,5032.0,288.0,230.0,5048.0,5048.0,248.0,192.0,4935.0,4469.5,4004.0
2025-09-16 11:39:45,What controversial domestic surveillance program did the CIA carry out?,CPU1,9.24539566040039,878.4606456756592,0.06937980651855469,43.84166622161865,3942.0921474695206,0.293684720993042,5024.0,5024.0,280.0,252.0,5040.0,5032.0,280.0,232.0,5040.0,5040.0,256.0,212.0,4742.0,4487.5,4233.0
2025-09-16 11:39:47,What type of bass synthesizer was a staple of the early Sanders sound?,CPU1,7.381439208984375,878.8082599639893,0.06771087646484375,33.27552795410156,3944.091470718384,0.3025321960449219,5032.0,5032.0,272.0,236.0,5032.0,5032.0,272.0,234.0,5032.0,5032.0,264.0,232.0,4508.0,4488.0,4468.0
2025-09-16 11:39:49,Is the end of adolescence and beginning of adulthood easily agreed upon or does it vary by country?,CPU1,8.012056350708008,878.8504600524902,0.4324913024902344,34.23551678657532,3908.6874210834503,1.9989748001098633,5040.0,5040.0,256.0,216.0,5040.0,5032.0,272.0,230.0,5024.0,5024.0,272.0,244.0,4273.0,4447.5,4622.0
2025-09-16 11:39:50,What was Gephardt Dilatory accused of being a part of?,CPU1,9.626626968383789,878.5920143127441,0.06985664367675781,40.03714156150818,3910.173759698868,0.33126020431518555,5048.0,5044.0,256.0,208.0,5048.0,5032.0,280.0,232.0,5024.0,5020.0,280.0,256.0,4159.0,4450.5,4742.0
2025-09-16 11:39:52,When was the baptistry at the Basilica of Sant'Ambrogio demolished?,CPU1,12.71820068359375,878.5951137542725,0.0705718994140625,51.86482238769531,3924.245075583458,0.34262657165527344,5048.0,5048.0,248.0,200.0,5048.0,5032.0,288.0,234.0,5016.0,5016.0,288.0,268.0,4078.0,4466.5,4855.0
2025-09-16 11:39:54,What document called for Israel to abandon land it obtained during the war?,CPU1,9.159088134765625,878.6306381225586,0.06318092346191406,36.29746627807617,3909.027709007263,0.3117978572845459,5048.0,5048.0,248.0,192.0,5048.0,5030.0,288.0,232.0,5016.0,5012.0,288.0,272.0,3963.0,4449.0,4935.0
2025-09-16 11:39:56,There was a need to separate what from the terrain of the Ottoman Empire?,CPU1,7.158517837524414,878.6516189575195,0.06270408630371094,27.7965247631073,3891.548020362854,0.3119528293609619,5056.0,5052.0,240.0,184.0,5056.0,5030.0,296.0,232.0,5008.0,5008.0,296.0,280.0,3883.0,4429.0,4975.0
2025-09-16 11:39:58,Included in applied anthropology is researcher involvement as well as activism in what communities?,CPU1,7.224798202514648,878.7946701049805,0.431060791015625,28.05389142036438,3412.359704017639,1.6738090515136719,5056.0,5056.0,240.0,184.0,5056.0,5056.0,240.0,184.0,5056.0,5056.0,240.0,184.0,3883.0,3883.0,3883.0
2025-09-16 11:40:00,Who did most services put the focus on in the beginning?,CPU1,7.7991485595703125,879.0373802185059,0.07319450378417969,38.17683219909668,3911.276823282242,0.29307079315185547,5016.0,5016.0,288.0,268.0,5048.0,5032.0,288.0,232.0,5048.0,5048.0,248.0,196.0,4895.0,4449.5,4004.0
2025-09-16 11:40:02,About how many of Gregory's letters were concerned with Constantinople or Italy?,CPU1,10.50567626953125,879.4348239898682,0.44608116149902344,49.39768981933594,3946.4637726545334,1.9061048030853271,5024.0,5024.0,280.0,252.0,5040.0,5032.0,280.0,234.0,5040.0,5040.0,256.0,216.0,4702.0,4487.5,4273.0
2025-09-16 11:40:04,Why was The Yale Report closed?,CPU1,14.864206314086914,879.1282176971436,0.07081031799316406,68.21184277534485,3998.7146981954575,0.3192129135131836,5032.0,5032.0,272.0,244.0,5032.0,5030.0,272.0,240.0,5032.0,5028.0,272.0,236.0,4589.0,4548.5,4508.0
2025-09-16 11:40:06,After Estonia achieved independence what was made their state language?,CPU1,3.9017200469970703,879.5022964477539,0.4477500915527344,16.67204976081848,3911.5864634513855,2.0695009231567383,5040.0,5040.0,256.0,216.0,5040.0,5032.0,272.0,230.0,5024.0,5024.0,272.0,244.0,4273.0,4447.5,4622.0
2025-09-16 11:40:08,How were the laws in New York abolished?,CPU1,7.646322250366211,878.8502216339111,0.07224082946777344,31.80105423927307,3928.8999158143997,0.3454556465148926,5040.0,5040.0,256.0,208.0,5040.0,5028.0,280.0,232.0,5016.0,5016.0,280.0,256.0,4159.0,4470.5,4782.0
2025-09-16 11:40:09,What do database administrators closely monitor?,CPU1,12.89057731628418,878.7164688110352,0.0667572021484375,52.05215120315552,3907.212778568268,0.32410621643066406,5048.0,5048.0,248.0,196.0,5048.0,5032.0,288.0,232.0,5016.0,5016.0,288.0,268.0,4038.0,4446.5,4855.0
2025-09-16 11:40:11,How many full time officers run the union?,CPU1,7.411718368530273,878.6454200744629,0.41103363037109375,29.372639894485474,3909.0934739112854,2.0284509658813477,5048.0,5048.0,248.0,192.0,5048.0,5032.0,288.0,232.0,5016.0,5016.0,288.0,272.0,3963.0,4449.0,4935.0
2025-09-16 11:40:13,Which countries did Gorton maintain close relationships with?,CPU1,7.022619247436523,878.6296844482422,0.06818771362304688,27.54973530769348,3909.0234661102295,0.3392338752746582,5056.0,5052.0,248.0,188.0,5056.0,5032.0,296.0,232.0,5016.0,5012.0,296.0,276.0,3923.0,4449.0,4975.0
2025-09-16 11:40:15,What does the combination of a lysosome and a phagolysosome create?,CPU1,8.468866348266602,878.7550926208496,0.06961822509765625,32.53738451004028,3376.177065849304,0.2674732208251953,5056.0,5056.0,240.0,184.0,5056.0,5056.0,240.0,184.0,5056.0,5056.0,240.0,184.0,3842.0,3842.0,3842.0
2025-09-16 11:40:17,How many different PS3s can one user access?,CPU1,7.315635681152344,878.8652420043945,0.4284381866455078,35.81003665924072,3907.8742985725403,1.7128958702087402,5016.0,5016.0,288.0,268.0,5048.0,5032.0,288.0,230.0,5048.0,5048.0,248.0,192.0,4895.0,4446.5,3998.0
2025-09-16 11:40:19,What type of federalism system does Spain have?,CPU1,6.982326507568359,878.8626194000244,0.07009506225585938,32.60048246383667,3929.394771337509,0.2995162010192871,5024.0,5024.0,280.0,248.0,5040.0,5032.0,280.0,232.0,5040.0,5040.0,256.0,216.0,4669.0,4471.0,4273.0
2025-09-16 11:40:21,What was replaced by the spinning wheel?,CPU1,8.290529251098633,878.880500793457,0.07367134094238281,36.76849722862244,3929.914159297943,0.3321104049682617,5032.0,5032.0,264.0,228.0,5032.0,5032.0,272.0,232.0,5032.0,5032.0,272.0,236.0,4435.0,4471.5,4508.0
2025-09-16 11:40:23,How many things were altered before developer version release?,CPU1,7.912158966064453,879.0204524993896,0.07319450378417969,34.13305377960205,3948.1203624010086,0.34174513816833496,5040.0,5040.0,264.0,220.0,5040.0,5032.0,280.0,234.0,5024.0,5024.0,280.0,248.0,4314.0,4491.5,4669.0
2025-09-16 11:40:25,When were Knight and Bauer Halls dedicated?,CPU1,6.364583969116211,879.4088363647461,0.06699562072753906,26.215721368789673,3913.8090262413025,0.3203730583190918,5048.0,5044.0,256.0,204.0,5048.0,5032.0,280.0,230.0,5024.0,5020.0,280.0,256.0,4119.0,4450.5,4782.0
2025-09-16 11:40:26,What do both authors believe about God if you take a biological comparative approach?,CPU1,8.204936981201172,878.8847923278809,0.06628036499023438,33.13153553009033,3925.53892493248,0.32444238662719727,5048.0,5048.0,248.0,196.0,5048.0,5030.0,288.0,232.0,5016.0,5012.0,288.0,268.0,4038.0,4466.5,4895.0
2025-09-16 11:40:28,In what year were the Brooklyn Dodgers founded?,CPU1,9.748697280883789,879.1227340698242,0.45680999755859375,38.634087324142456,3911.217043876648,2.25435733795166,5048.0,5048.0,248.0,192.0,5048.0,5030.0,288.0,232.0,5016.0,5012.0,288.0,272.0,3963.0,4449.0,4935.0
2025-09-16 11:40:30,What was the largest naval battle in World War II?,CPU1,12.087345123291016,879.3413639068604,0.06270408630371094,47.418654918670654,3930.2162259817123,0.31452369689941406,5056.0,5056.0,240.0,184.0,5056.0,5032.0,296.0,232.0,5008.0,5008.0,296.0,280.0,3923.0,4469.5,5016.0
2025-09-16 11:40:32,How does one "act white"?,CPU1,6.546974182128906,878.7248134613037,0.0762939453125,25.153474807739258,3376.060733318329,0.293121337890625,5056.0,5056.0,240.0,184.0,5056.0,5056.0,240.0,184.0,5056.0,5056.0,240.0,184.0,3842.0,3842.0,3842.0
2025-09-16 11:40:34,What agreement did the Belavezha Accords supersede?,CPU1,7.1315765380859375,879.1248798370361,0.06794929504394531,34.96611976623535,3930.12777531147,0.27437925338745117,5016.0,5016.0,288.0,264.0,5048.0,5032.0,288.0,230.0,5048.0,5048.0,248.0,196.0,4903.0,4470.5,4038.0
2025-09-16 11:40:36,The origin of which community can be traced to the 16th century?,CPU1,7.1620941162109375,879.3544769287109,0.42700767517089844,33.726301193237305,3967.2077226638794,1.8421111106872559,5032.0,5032.0,288.0,252.0,5040.0,5036.0,288.0,236.0,5040.0,5040.0,264.0,220.0,4709.0,4511.5,4314.0
2025-09-16 11:40:38,Are there any circumstances under which a digimon cannot be reborn?,CPU1,7.577180862426758,879.3647289276123,0.07605552673339844,33.90788435935974,3949.6666799783707,0.34285831451416016,5032.0,5032.0,272.0,232.0,5032.0,5032.0,272.0,234.0,5032.0,5032.0,272.0,236.0,4475.0,4491.5,4508.0
2025-09-16 11:40:40,Under this law what does this state that is required by employers?,CPU1,6.698131561279297,879.4431686401367,0.07152557373046875,28.40007781982422,3914.4015436172485,0.3334522247314453,5040.0,5040.0,256.0,212.0,5040.0,5032.0,280.0,232.0,5024.0,5024.0,280.0,252.0,4240.0,4451.0,4662.0
2025-09-16 11:40:42,When did Pius XI announce his goal of codifying the law of all Eastern Churches?,CPU1,6.842613220214844,879.1522979736328,0.4527568817138672,28.18472385406494,3912.667302131653,2.165083408355713,5048.0,5044.0,248.0,200.0,5048.0,5032.0,280.0,228.0,5024.0,5020.0,280.0,256.0,4119.0,4450.5,4782.0
2025-09-16 11:40:43,What do we get an extra hour of because we set the clocks forward?,CPU1,5.079984664916992,879.1568279266357,0.4203319549560547,20.512978076934814,3912.6874626874924,2.044074296951294,5048.0,5048.0,248.0,196.0,5048.0,5032.0,288.0,232.0,5016.0,5016.0,288.0,268.0,4038.0,4450.5,4863.0
2025-09-16 11:40:45,Economic distortion is created by corruption in the public sector by diverting what into capital projects?,CPU1,6.510496139526367,879.2409896850586,0.06365776062011719,25.801096200942993,3929.327982902527,0.316697359085083,5048.0,5048.0,248.0,192.0,5048.0,5030.0,288.0,232.0,5016.0,5012.0,288.0,272.0,3963.0,4469.0,4975.0
2025-09-16 11:40:47,Why does John Cobb believe China has become interested in process philosophy?,CPU1,9.460687637329102,878.9510726928711,0.07176399230957031,36.7358500957489,3412.9670152664185,0.2786595821380615,5056.0,5056.0,240.0,184.0,5056.0,5056.0,240.0,184.0,5056.0,5056.0,240.0,184.0,3883.0,3883.0,3883.0
2025-09-16 11:40:49,Along with William James, who wasn't an influential 19th century theorist?,CPU1,8.72945785522461,878.9641857147217,0.07081031799316406,43.42905282974243,3874.9136127233505,0.27205324172973633,5016.0,5012.0,296.0,280.0,5056.0,5034.0,296.0,230.0,5056.0,5056.0,240.0,180.0,4975.0,4408.5,3842.0
2025-09-16 11:40:51,The theologians of what German city gave the Dominican Order resistance?,CPU1,6.531953811645508,879.4972896575928,0.4534721374511719,31.764891386032104,3931.7926334142685,1.849259376525879,5016.0,5016.0,288.0,264.0,5048.0,5032.0,288.0,232.0,5048.0,5048.0,248.0,200.0,4863.0,4470.5,4078.0
2025-09-16 11:40:53,What Substance act does the FBI enforce?,CPU1,5.992889404296875,879.3656826019287,0.07152557373046875,27.50136947631836,3932.0836497545242,0.31142234802246094,5032.0,5028.0,272.0,240.0,5040.0,5032.0,272.0,232.0,5040.0,5036.0,264.0,224.0,4589.0,4471.5,4354.0
2025-09-16 11:40:55,Berlin and Hamburg are states and what else at the same time?,CPU1,7.207155227661133,879.1379928588867,0.06818771362304688,31.668240070343018,3930.6259660720825,0.3101177215576172,5040.0,5036.0,264.0,224.0,5040.0,5030.0,272.0,232.0,5024.0,5024.0,272.0,240.0,4394.0,4471.0,4548.0
2025-09-16 11:40:57,What year did the Spanish conquer Antwerp?,CPU1,9.307384490966797,879.2438507080078,0.07152557373046875,39.02586317062378,3910.4370260238647,0.33631324768066406,5040.0,5040.0,256.0,212.0,5040.0,5030.0,280.0,232.0,5024.0,5020.0,280.0,252.0,4193.0,4447.5,4702.0
2025-09-16 11:40:59,What term was never marketed?,CPU1,6.895780563354492,878.983736038208,0.06890296936035156,28.403720140457153,3929.936283826828,0.3323190212249756,5048.0,5048.0,256.0,204.0,5048.0,5032.0,288.0,234.0,5016.0,5016.0,288.0,264.0,4119.0,4471.0,4823.0
2025-09-16 11:41:00,Research indicates that 6 month olds can recall what after a 48 hour delay?,CPU1,8.203268051147461,878.9432048797607,0.4086494445800781,33.12479639053345,3925.7998245954514,2.0003390312194824,5048.0,5048.0,248.0,196.0,5048.0,5032.0,288.0,232.0,5016.0,5016.0,288.0,268.0,4038.0,4466.5,4895.0
2025-09-16 11:41:02,How many subsidized cotton growers are in the US?,CPU1,6.912946701049805,879.4326782226562,0.07176399230957031,27.119489908218384,3983.3903160095215,0.3685798645019531,5048.0,5048.0,240.0,188.0,5048.0,5028.0,296.0,238.0,5008.0,5008.0,296.0,288.0,3923.0,4529.5,5136.0
2025-09-16 11:41:04,What Arab State lied between the Sinai Peninsula and the Arabian Peninsula?,CPU1,10.78343391418457,879.0280818939209,0.07033348083496094,42.30341124534607,3448.4271652698517,0.27591824531555176,5056.0,5056.0,240.0,188.0,5056.0,5056.0,240.0,188.0,5056.0,5056.0,240.0,188.0,3923.0,3923.0,3923.0
2025-09-16 11:41:06,What years did Ögedei Khan rule?,CPU1,5.7506561279296875,882.2264671325684,0.06985664367675781,28.799285888671875,3903.852117061615,0.2683892250061035,5008.0,5008.0,296.0,280.0,5056.0,5032.0,296.0,230.0,5056.0,5056.0,240.0,180.0,5008.0,4425.0,3842.0
2025-09-16 11:41:08,What kind of MP3 file sharing continues on?,CPU1,4.7245025634765625,879.3501853942871,0.4601478576660156,22.975255966186523,3949.1616826057434,1.8953490257263184,5016.0,5016.0,288.0,264.0,5040.0,5028.0,288.0,232.0,5040.0,5040.0,248.0,200.0,4863.0,4491.0,4119.0
2025-09-16 11:41:10,From what does Darwin assert all pigeons are descended?,CPU1,8.611917495727539,879.056453704834,0.0705718994140625,39.52008938789368,3948.282061815262,0.3100929260253906,5032.0,5028.0,280.0,244.0,5032.0,5030.0,280.0,234.0,5032.0,5032.0,264.0,224.0,4589.0,4491.5,4394.0
2025-09-16 11:41:12,What important figure was killed in the raid?,CPU1,9.570837020874023,879.3199062347412,0.06961822509765625,41.6714243888855,3931.8789607286453,0.31947803497314453,5040.0,5036.0,264.0,224.0,5040.0,5030.0,272.0,232.0,5024.0,5024.0,272.0,240.0,4354.0,4471.5,4589.0
2025-09-16 11:41:14,How many Jews lived outside of the Arab world prior to 1948?,CPU1,13.343334197998047,879.2598247528076,0.06890296936035156,56.48233366012573,3928.093267083168,0.32398176193237305,5040.0,5040.0,256.0,212.0,5040.0,5030.0,280.0,232.0,5024.0,5020.0,280.0,252.0,4233.0,4467.5,4702.0
2025-09-16 11:41:16,Where is the public not allowed to view items from the Royal Collection?,CPU1,9.934663772583008,879.166841506958,0.06699562072753906,40.92088007926941,3930.7549483776093,0.3231198787689209,5048.0,5048.0,256.0,204.0,5048.0,5032.0,288.0,234.0,5016.0,5016.0,288.0,264.0,4119.0,4471.0,4823.0
2025-09-16 11:41:17,By the end of what century were most beer houses closed?,CPU1,7.554054260253906,879.2388439178467,0.4067420959472656,30.201108932495117,3909.5355194807053,1.9910025596618652,5048.0,5048.0,248.0,196.0,5048.0,5030.0,288.0,232.0,5016.0,5012.0,288.0,268.0,3998.0,4446.5,4895.0
2025-09-16 11:41:19,The Dutch East India Company focused on trade in which industry?,CPU1,11.686086654663086,879.4329166412354,0.06818771362304688,45.844517946243286,3895.0083878040314,0.33650636672973633,5048.0,5048.0,240.0,188.0,5048.0,5028.0,288.0,230.0,5008.0,5008.0,288.0,272.0,3923.0,4429.0,4935.0
2025-09-16 11:41:21,What provoked the first request from Portugal for financial support?,CPU1,7.22956657409668,878.643274307251,0.07414817810058594,28.072407007217407,3411.7718341350555,0.2879173755645752,5056.0,5056.0,240.0,184.0,5056.0,5056.0,240.0,184.0,5056.0,5056.0,240.0,184.0,3883.0,3883.0,3883.0
2025-09-16 11:41:23,When was the offices of restored to the Witness congregations?,CPU1,9.22846794128418,880.5515766143799,0.4277229309082031,46.21616744995117,3878.8296949863434,1.6262025833129883,5008.0,5008.0,296.0,280.0,5056.0,5032.0,296.0,230.0,5056.0,5056.0,240.0,180.0,5008.0,4405.0,3802.0
2025-09-16 11:41:25,What was prepared at the Ecole Biblique?,CPU1,10.345220565795898,878.7212371826172,0.07081031799316406,49.89499878883362,3946.337076187134,0.29450011253356934,5016.0,5016.0,288.0,260.0,5040.0,5028.0,288.0,234.0,5040.0,5040.0,256.0,208.0,4823.0,4491.0,4159.0
2025-09-16 11:41:27,What did many historians think of Noah Porter?,CPU1,9.189844131469727,878.7100315093994,0.07081031799316406,42.172194719314575,3946.7261065244675,0.3111405372619629,5024.0,5024.0,272.0,240.0,5032.0,5028.0,272.0,234.0,5032.0,5032.0,264.0,228.0,4589.0,4491.5,4394.0
2025-09-16 11:41:29,What could be sued for under civil or criminal law?,CPU1,6.817102432250977,878.6728382110596,0.9541511535644531,29.906628370285034,3922.39554977417,4.332800388336182,5032.0,5032.0,264.0,224.0,5032.0,5028.0,272.0,232.0,5024.0,5024.0,272.0,240.0,4387.0,4464.0,4541.0
2025-09-16 11:41:31,What distance in miles is Clarksville, TN from Nashville?,CPU1,7.2994232177734375,878.260612487793,0.43654441833496094,30.89845848083496,3923.629286289215,2.0526318550109863,5040.0,5040.0,256.0,212.0,5040.0,5030.0,280.0,232.0,5024.0,5020.0,280.0,252.0,4233.0,4467.5,4702.0
2025-09-16 11:41:33,Where did Lional Bailey Budden study?,CPU1,7.866859436035156,879.1425228118896,0.06818771362304688,32.40359401702881,3927.129649400711,0.3283238410949707,5048.0,5044.0,248.0,200.0,5048.0,5030.0,288.0,232.0,5016.0,5016.0,288.0,264.0,4119.0,4467.0,4815.0
2025-09-16 11:41:34,What securities had lower credit ratings but potentially a higher rate of return?,CPU1,6.888628005981445,878.5927295684814,0.06556510925292969,27.816279888153076,3924.2344266176224,0.3209412097930908,5048.0,5048.0,248.0,196.0,5048.0,5030.0,288.0,232.0,5016.0,5012.0,288.0,268.0,4038.0,4466.5,4895.0
2025-09-16 11:41:36, Where are Protestants not notable in Zhejiang?,CPU1,4.879236221313477,879.0299892425537,0.06270408630371094,19.14124369621277,3893.2238223552704,0.3094446659088135,5048.0,5048.0,240.0,188.0,5048.0,5030.0,288.0,230.0,5016.0,5012.0,288.0,272.0,3923.0,4429.0,4935.0
2025-09-16 11:41:38,When was Roncalli elected pope?,CPU1,10.24484634399414,878.4315586090088,0.07033348083496094,39.78073835372925,3410.949742078781,0.2731049060821533,5056.0,5056.0,240.0,184.0,5056.0,5056.0,240.0,184.0,5056.0,5056.0,240.0,184.0,3883.0,3883.0,3883.0
2025-09-16 11:41:40,When did Moody's and Standard & Poor downgrade a significant number of IndyMac's MBS bonds?,CPU1,9.250879287719727,878.7906169891357,0.06961822509765625,46.32840347290039,3924.2395001649857,0.27311229705810547,5008.0,5008.0,296.0,280.0,5056.0,5032.0,296.0,232.0,5056.0,5056.0,240.0,184.0,5008.0,4465.5,3923.0
