Timestamp,Review,Mode,Pre_Lat_ms,Inf_Lat_ms,Post_Lat_ms,Pre_E_mJ,Inf_E_mJ,Post_E_mJ,Pre_Max_V,Pre_Mean_V,Pre_Max_C,Pre_Mean_C,Inf_Max_V,Inf_Mean_V,Inf_Max_C,Inf_Mean_C,Post_Max_V,Post_Mean_V,Post_Max_C,Post_Mean_C,Pre_Pwr_mW,Inf_Pwr_mW,Post_Pwr_mW
2025-09-16 11:42:10,What year did the global recession that followed the financial crisis of 2007 end?,CPU4,9.52768325805664,673.2609272003174,0.8130073547363281,41.10242557525635,2904.447639942169,3.5073137283325195,5040.0,5040.0,256.0,212.0,5040.0,5040.0,256.0,212.0,5040.0,5040.0,256.0,212.0,4314.0,4314.0,4314.0
2025-09-16 11:42:11,what was a popular club in ibiza that started playing dance and house music?,CPU4,8.615255355834961,405.2600860595703,0.47659873962402344,44.38579559326172,2112.4181985855103,2.5131051540374756,5032.0,5028.0,288.0,284.0,5032.0,5026.0,328.0,292.0,5024.0,5024.0,328.0,300.0,5152.0,5212.5,5273.0
2025-09-16 11:42:13,In what century did Martin Luther honor Mary as the Mother of God?,CPU4,7.370471954345703,386.94024085998535,0.4658699035644531,29.511369705200195,1549.3087244033813,1.8653430938720703,5056.0,5056.0,240.0,192.0,5056.0,5056.0,240.0,192.0,5056.0,5056.0,240.0,192.0,4004.0,4004.0,4004.0
2025-09-16 11:42:14,What is the climate like?,CPU4,9.34910774230957,381.9091320037842,0.07200241088867188,40.771458864212036,1665.5057246685028,0.31400251388549805,5048.0,5048.0,248.0,224.0,5048.0,5048.0,248.0,224.0,5048.0,5048.0,248.0,224.0,4361.0,4361.0,4361.0
2025-09-16 11:42:16,How many times has the Queen toured Canada?,CPU4,6.843805313110352,402.65917778015137,0.4608631134033203,36.915485858917236,1988.3310198783875,2.0655884742736816,5024.0,5024.0,344.0,312.0,5040.0,5032.0,344.0,272.0,5040.0,5040.0,248.0,232.0,5394.0,4938.0,4482.0
2025-09-16 11:42:17,Has Bermuda's constitution ever been amended?,CPU4,7.276296615600586,392.3017978668213,0.07152557373046875,30.014723539352417,1618.2449162006378,0.2950429916381836,5048.0,5048.0,248.0,208.0,5048.0,5048.0,248.0,208.0,5048.0,5048.0,248.0,208.0,4125.0,4125.0,4125.0
2025-09-16 11:42:18,What train line connects florida to the south? ,CPU4,9.792804718017578,385.27894020080566,0.4661083221435547,46.98587703704834,1924.6609457731247,2.4205005168914795,5040.0,5036.0,264.0,260.0,5040.0,5032.0,320.0,278.0,5032.0,5028.0,320.0,296.0,4798.0,4995.5,5193.0
2025-09-16 11:42:20,What is the name of a show from Northern Ireland broadcast all over the United Kingdom?,CPU4,9.609222412109375,387.82668113708496,0.0743865966796875,37.69697952270508,1521.4440701007843,0.29181861877441406,5056.0,5056.0,240.0,192.0,5056.0,5056.0,240.0,192.0,5056.0,5056.0,240.0,192.0,3923.0,3923.0,3923.0
2025-09-16 11:42:21, Why was every Nachlass left behind after Whitehead's death?,CPU4,7.486581802368164,374.9966621398926,0.06937980651855469,32.64898324012756,1635.3604435920715,0.302565336227417,5048.0,5048.0,248.0,224.0,5048.0,5048.0,248.0,224.0,5048.0,5048.0,248.0,224.0,4361.0,4361.0,4361.0
2025-09-16 11:42:23,What concerns are raised when thinking about animals digging in the soil for food?,CPU4,6.740808486938477,401.07154846191406,0.07295608520507812,35.54428315162659,1962.8441581726074,0.32939672470092773,5024.0,5024.0,336.0,308.0,5040.0,5032.0,336.0,274.0,5040.0,5040.0,256.0,240.0,5273.0,4894.0,4515.0
2025-09-16 11:42:24,What is the climate description for the southern half of Namibia?,CPU4,7.1735382080078125,393.8183784484863,0.46324729919433594,29.303903579711914,1608.7480759620667,1.8923652172088623,5048.0,5048.0,240.0,200.0,5048.0,5048.0,240.0,200.0,5048.0,5048.0,240.0,200.0,4085.0,4085.0,4085.0
2025-09-16 11:42:25,The Wii version makes use of what kind of sensors?,CPU4,8.642911911010742,394.0262794494629,0.4703998565673828,41.1143319606781,1968.1612658500671,2.4616024494171143,5040.0,5040.0,264.0,260.0,5040.0,5032.0,328.0,280.0,5024.0,5024.0,328.0,300.0,4757.0,4995.0,5233.0
2025-09-16 11:42:27,How much many did the Premier League make from selling its internation rights during 2004-07?,CPU4,17.208337783813477,378.0059814453125,0.06937980651855469,69.5905179977417,1528.6561889648438,0.28057193756103516,5056.0,5056.0,240.0,196.0,5056.0,5056.0,240.0,196.0,5056.0,5056.0,240.0,196.0,4044.0,4044.0,4044.0
2025-09-16 11:42:28,What are started to be a source of international law in the preamble in The Law of Treaties?,CPU4,5.316257476806641,393.7053680419922,0.4909038543701172,23.18419885635376,1716.949110031128,2.140831708908081,5048.0,5048.0,248.0,224.0,5048.0,5048.0,248.0,224.0,5048.0,5048.0,248.0,224.0,4361.0,4361.0,4361.0
2025-09-16 11:42:30,Where is tourism in Montevideo centered in?,CPU4,11.002302169799805,431.2148094177246,0.0743865966796875,59.34641790390015,2120.7144327163696,0.3304252624511719,5024.0,5024.0,344.0,312.0,5040.0,5032.0,344.0,272.0,5040.0,5040.0,248.0,232.0,5394.0,4918.0,4442.0
2025-09-16 11:42:31,What are produced in cell division?,CPU4,8.700847625732422,410.8295440673828,0.07009506225585938,36.24773120880127,1711.5158805847168,0.29201602935791016,5048.0,5048.0,248.0,208.0,5048.0,5048.0,248.0,208.0,5048.0,5048.0,248.0,208.0,4166.0,4166.0,4166.0
2025-09-16 11:42:32,What year wasn't Canada united in a confederation?,CPU4,7.399320602416992,423.159122467041,0.4534721374511719,36.397258043289185,2088.2902693748474,2.245140552520752,5032.0,5032.0,280.0,272.0,5032.0,5032.0,296.0,276.0,5032.0,5032.0,296.0,280.0,4919.0,4935.0,4951.0
2025-09-16 11:42:34,What is the Chinese Faust books an example of?,CPU4,6.988525390625,390.47694206237793,0.4508495330810547,28.2615966796875,1579.0887537002563,1.8232355117797852,5056.0,5056.0,240.0,196.0,5056.0,5056.0,240.0,196.0,5056.0,5056.0,240.0,196.0,4044.0,4044.0,4044.0
2025-09-16 11:42:35,South Africa's Medicines Act allowed for the generic production of what kind of drugs?,CPU4,10.614395141601562,409.21616554260254,0.06461143493652344,47.5737190246582,2051.809854030609,0.358335018157959,5040.0,5040.0,256.0,236.0,5040.0,5030.0,376.0,282.0,5024.0,5020.0,376.0,328.0,4482.0,5014.0,5546.0
2025-09-16 11:42:37,What was PlayStation 3's toughest competitor in the video game market?,CPU4,11.050224304199219,411.59796714782715,0.4475116729736328,61.28454399108887,1948.7105754613876,1.7555882930755615,5024.0,5020.0,376.0,328.0,5056.0,5038.0,376.0,258.0,5056.0,5056.0,240.0,188.0,5546.0,4734.5,3923.0
2025-09-16 11:42:38,About how many birds are released onto shooting estates every year?,CPU4,7.586240768432617,407.0422649383545,0.07104873657226562,32.1656608581543,1725.859203338623,0.30124664306640625,5048.0,5048.0,248.0,216.0,5048.0,5048.0,248.0,216.0,5048.0,5048.0,248.0,216.0,4240.0,4240.0,4240.0
2025-09-16 11:42:40,What term characterizes the intersection of the rites with the Roman Catholic Church?,CPU4,3.683328628540039,411.0846519470215,0.06961822509765625,19.127525568008423,2020.275521993637,0.3227500915527344,5032.0,5028.0,320.0,296.0,5040.0,5034.0,320.0,272.0,5040.0,5040.0,256.0,248.0,5193.0,4914.5,4636.0
2025-09-16 11:42:41,Why is Yiddish not a dialect of German?,CPU4,8.606910705566406,439.1937255859375,0.06985664367675781,34.80634689331055,1776.0994262695312,0.2825002670288086,5056.0,5052.0,240.0,200.0,5056.0,5052.0,240.0,200.0,5056.0,5052.0,240.0,200.0,4044.0,4044.0,4044.0
2025-09-16 11:42:42,According to the institution what leads to inaccurate analysis of the city?  ,CPU4,6.913900375366211,423.2175350189209,0.06914138793945312,33.17289400100708,2080.114184617996,0.3479194641113281,5040.0,5036.0,264.0,260.0,5040.0,5032.0,304.0,272.0,5032.0,5028.0,304.0,284.0,4798.0,4915.0,5032.0
2025-09-16 11:42:44,In what month in 1944 did the King meet Sir Alan Brooke?,CPU4,8.305549621582031,396.11339569091797,0.4928112030029297,32.91489315032959,1569.797387123108,1.9530107975006104,5056.0,5056.0,240.0,192.0,5056.0,5056.0,240.0,192.0,5056.0,5056.0,240.0,192.0,3963.0,3963.0,3963.0
2025-09-16 11:42:45,What type of sources give information regarding total number of enablements?,CPU4,5.194664001464844,437.6845359802246,0.07152557373046875,23.074697494506836,1944.1947088241577,0.3177165985107422,5048.0,5044.0,256.0,232.0,5048.0,5044.0,256.0,232.0,5048.0,5044.0,256.0,232.0,4442.0,4442.0,4442.0
2025-09-16 11:42:47,How are NPOs classified in Canada?,CPU4,8.301258087158203,425.0903129577637,0.07009506225585938,46.37082767486572,2012.590086698532,0.27217912673950195,5024.0,5020.0,376.0,328.0,5056.0,5038.0,376.0,258.0,5056.0,5056.0,240.0,188.0,5586.0,4734.5,3883.0
2025-09-16 11:42:48,What is a chemical that can cause green hue in birds?,CPU4,12.011528015136719,407.58800506591797,0.07176399230957031,51.409339904785156,1744.476661682129,0.30714988708496094,5048.0,5048.0,248.0,216.0,5048.0,5048.0,248.0,216.0,5048.0,5048.0,248.0,216.0,4280.0,4280.0,4280.0
2025-09-16 11:42:50,Which cells serve as antigen to lymphocytes?,CPU4,10.854721069335938,405.41982650756836,0.09608268737792969,56.36856651306152,1992.4357373714447,0.44543933868408203,5032.0,5028.0,320.0,296.0,5040.0,5034.0,320.0,272.0,5040.0,5040.0,256.0,248.0,5193.0,4914.5,4636.0
2025-09-16 11:42:51,How long was U Wisara on a strike were he refused subsistence ?,CPU4,10.771751403808594,390.54203033447266,0.07367134094238281,43.56096267700195,1579.3519706726074,0.2979269027709961,5056.0,5052.0,240.0,200.0,5056.0,5052.0,240.0,200.0,5056.0,5052.0,240.0,200.0,4044.0,4044.0,4044.0
2025-09-16 11:42:52,What are the individual litter canines called?,CPU4,6.233930587768555,413.4800434112549,0.07271766662597656,29.405450582504272,2057.063215970993,0.38053154945373535,5040.0,5040.0,264.0,256.0,5040.0,5032.0,328.0,278.0,5024.0,5024.0,328.0,300.0,4717.0,4975.0,5233.0
2025-09-16 11:42:54,If you are going to farm in Cork, what should you be aware of?,CPU4,7.092952728271484,423.15173149108887,0.07581710815429688,28.109371662139893,1676.9503118991852,0.3004631996154785,5056.0,5056.0,240.0,192.0,5056.0,5056.0,240.0,192.0,5056.0,5056.0,240.0,192.0,3963.0,3963.0,3963.0
2025-09-16 11:42:55,When did Brazil pass a new Constitution?,CPU4,7.08460807800293,414.4482612609863,0.4658699035644531,30.895975828170776,1807.4088673591614,2.03165864944458,5048.0,5048.0,248.0,224.0,5048.0,5048.0,248.0,224.0,5048.0,5048.0,248.0,224.0,4361.0,4361.0,4361.0
2025-09-16 11:42:57,How many binary borane hydrides are known?,CPU4,4.925012588500977,421.12255096435547,0.07510185241699219,27.117119312286377,2086.030556201935,0.3305232524871826,5016.0,5016.0,368.0,324.0,5048.0,5030.0,368.0,276.0,5048.0,5044.0,248.0,228.0,5506.0,4953.5,4401.0
2025-09-16 11:42:58,Who still practices persistence hunting?,CPU4,5.657672882080078,403.3999443054199,0.06866455078125,23.79617214202881,1696.7001657485962,0.2888031005859375,5048.0,5048.0,248.0,212.0,5048.0,5048.0,248.0,212.0,5048.0,5048.0,248.0,212.0,4206.0,4206.0,4206.0
2025-09-16 11:43:00,How long did two systems run on a trial basis for?,CPU4,6.1397552490234375,431.52832984924316,0.07009506225585938,30.447046279907227,2113.8415237665176,0.33911991119384766,5032.0,5032.0,288.0,276.0,5032.0,5032.0,288.0,270.0,5032.0,5032.0,264.0,264.0,4959.0,4898.5,4838.0
2025-09-16 11:43:01,What year saw the founding of Kathmandu's fire department?,CPU4,8.786916732788086,393.18227767944336,0.4456043243408203,35.182814598083496,1574.3018398284912,1.7841997146606445,5056.0,5056.0,240.0,196.0,5056.0,5056.0,240.0,196.0,5056.0,5056.0,240.0,196.0,4004.0,4004.0,4004.0
2025-09-16 11:43:02,How long is the term for council members?,CPU4,7.5244903564453125,405.9789180755615,0.06985664367675781,34.33424949645996,2027.4587168693542,0.37897229194641113,5040.0,5040.0,256.0,244.0,5040.0,5030.0,360.0,280.0,5024.0,5020.0,360.0,316.0,4563.0,4994.0,5425.0
2025-09-16 11:43:04,What is Galicia is poetically known as?,CPU4,8.23664665222168,376.1162757873535,0.07128715515136719,35.59055018424988,1625.1984276771545,0.3080317974090576,5048.0,5048.0,248.0,220.0,5048.0,5048.0,248.0,220.0,5048.0,5048.0,248.0,220.0,4321.0,4321.0,4321.0
2025-09-16 11:43:05,What has happened to DRAM's since they were created?,CPU4,6.9980621337890625,419.3706512451172,0.07128715515136719,30.23862648010254,1812.1005840301514,0.3080317974090576,5048.0,5048.0,248.0,220.0,5048.0,5048.0,248.0,220.0,5048.0,5048.0,248.0,220.0,4321.0,4321.0,4321.0
2025-09-16 11:43:07,What land does Ocarina serve to protect?,CPU4,5.515575408935547,435.5933666229248,0.07224082946777344,28.642383098602295,2107.1829110383987,0.32378339767456055,5032.0,5028.0,312.0,292.0,5040.0,5034.0,312.0,262.0,5040.0,5040.0,248.0,232.0,5193.0,4837.5,4482.0
2025-09-16 11:43:08,Where in France were plundered artifacts brought in an effort to create a great central museum?,CPU4,9.597301483154297,446.3651180267334,0.07128715515136719,39.2049765586853,1823.401507139206,0.29120802879333496,5048.0,5048.0,240.0,200.0,5048.0,5048.0,240.0,200.0,5048.0,5048.0,240.0,200.0,4085.0,4085.0,4085.0
2025-09-16 11:43:09,When did automakers start using electroluminescent technology to backlight gauges?,CPU4,10.210990905761719,409.75069999694824,0.06985664367675781,49.809213638305664,2054.8997604846954,0.35990142822265625,5032.0,5032.0,272.0,268.0,5032.0,5030.0,312.0,280.0,5032.0,5028.0,312.0,292.0,4878.0,5015.0,5152.0
2025-09-16 11:43:11,Was Evatt for or against nationalizing the banking system in Australia?,CPU4,11.599302291870117,398.84185791015625,0.457763671875,46.44360637664795,1596.9627990722656,1.8328857421875,5056.0,5056.0,240.0,196.0,5056.0,5056.0,240.0,196.0,5056.0,5056.0,240.0,196.0,4004.0,4004.0,4004.0
2025-09-16 11:43:12,What countries have an even higher rate of income disparity than Namibia?,CPU4,8.20612907409668,414.6702289581299,0.06794929504394531,37.44456696510315,1892.1402547359467,0.31005263328552246,5040.0,5040.0,256.0,240.0,5040.0,5040.0,256.0,240.0,5040.0,5040.0,256.0,240.0,4563.0,4563.0,4563.0
2025-09-16 11:43:14,What document contradicts the Cyber Security Strategy?,CPU4,8.623600006103516,394.4551944732666,0.0743865966796875,48.86994123458862,1899.3017613887787,0.29479408264160156,5016.0,5016.0,392.0,336.0,5056.0,5036.0,392.0,264.0,5056.0,5056.0,240.0,192.0,5667.0,4815.0,3963.0
2025-09-16 11:43:15,What do friendlies allow managers to experiment with?,CPU4,7.804155349731445,432.33466148376465,0.07176399230957031,33.721755266189575,1868.118072271347,0.3100922107696533,5048.0,5048.0,248.0,216.0,5048.0,5048.0,248.0,216.0,5048.0,5048.0,248.0,216.0,4321.0,4321.0,4321.0
2025-09-16 11:43:17,What is the name of the coach terminus in Melbourne?,CPU4,6.736516952514648,403.90968322753906,0.07367134094238281,34.98273253440857,1976.93594455719,0.3385934829711914,5032.0,5028.0,320.0,296.0,5040.0,5034.0,320.0,272.0,5040.0,5040.0,256.0,248.0,5193.0,4894.5,4596.0
2025-09-16 11:43:18,How many homes does PGW serve?,CPU4,6.767749786376953,441.82825088500977,0.06842613220214844,27.646257877349854,1804.868404865265,0.27952075004577637,5056.0,5052.0,240.0,200.0,5056.0,5052.0,240.0,200.0,5056.0,5052.0,240.0,200.0,4085.0,4085.0,4085.0
2025-09-16 11:43:19,When was Yale Law School closed?,CPU4,8.718729019165039,388.5529041290283,0.4596710205078125,41.47499394416809,1948.592814207077,2.4238452911376953,5040.0,5036.0,264.0,260.0,5040.0,5032.0,328.0,280.0,5032.0,5028.0,328.0,300.0,4757.0,5015.0,5273.0
2025-09-16 11:43:21,In the writings of Rummel, what is the first and ordinary meaning of genocide?,CPU4,8.329153060913086,419.2070960998535,0.46443939208984375,33.349928855895996,1678.5052127838135,1.8596153259277344,5056.0,5056.0,240.0,192.0,5056.0,5056.0,240.0,192.0,5056.0,5056.0,240.0,192.0,4004.0,4004.0,4004.0
2025-09-16 11:43:22,How did Goring expect to regain prestige?,CPU4,9.8419189453125,388.477087020874,0.07176399230957031,42.92060852050781,1694.1485764980316,0.31296277046203613,5048.0,5048.0,248.0,224.0,5048.0,5048.0,248.0,224.0,5048.0,5048.0,248.0,224.0,4361.0,4361.0,4361.0
2025-09-16 11:43:24,How many days on average does NYC get sunshine annually?,CPU4,7.3413848876953125,431.9305419921875,0.4596710205078125,40.12800979614258,2096.158920288086,1.949005126953125,5024.0,5024.0,360.0,320.0,5048.0,5036.0,360.0,268.0,5048.0,5048.0,248.0,216.0,5466.0,4853.0,4240.0
2025-09-16 11:43:25,How many Nobel Prizes have been won by IBM employees?,CPU4,8.433103561401367,385.8919143676758,0.4429817199707031,35.073277711868286,1604.9244718551636,1.8423609733581543,5048.0,5048.0,248.0,212.0,5048.0,5048.0,248.0,212.0,5048.0,5048.0,248.0,212.0,4159.0,4159.0,4159.0
2025-09-16 11:43:27,What is the name of a fine art institution on the campus of KU?,CPU4,6.291389465332031,417.6614284515381,0.07343292236328125,30.68939781188965,2044.2438615560532,0.3606290817260742,5032.0,5032.0,280.0,272.0,5032.0,5032.0,280.0,272.0,5032.0,5032.0,280.0,272.0,4878.0,4894.5,4911.0
2025-09-16 11:43:28,What old form of accounting was created during the late 13th and early 14th centuries?,CPU4,7.387876510620117,392.55237579345703,0.06890296936035156,29.58105754852295,1571.779712677002,0.27588748931884766,5056.0,5056.0,240.0,196.0,5056.0,5056.0,240.0,196.0,5056.0,5056.0,240.0,196.0,4004.0,4004.0,4004.0
2025-09-16 11:43:29,What theory did Matisse say his choice of colors was based on?,CPU4,7.111310958862305,432.6350688934326,0.43392181396484375,32.164459466934204,2178.1012543439865,2.4065303802490234,5040.0,5040.0,256.0,240.0,5040.0,5030.0,376.0,284.0,5024.0,5020.0,376.0,328.0,4523.0,5034.5,5546.0
2025-09-16 11:43:31,What has drinking water been contaminated with for decades, making it unsafe in Endicott?,CPU4,10.647058486938477,403.3164978027344,0.07033348083496094,41.768410444259644,1582.210620880127,0.27591824531555176,5056.0,5056.0,240.0,188.0,5056.0,5056.0,240.0,188.0,5056.0,5056.0,240.0,188.0,3923.0,3923.0,3923.0
2025-09-16 11:43:32,What shopping center is located along Broadway?,CPU4,11.525154113769531,380.66911697387695,0.07152557373046875,49.327659606933594,1629.2638206481934,0.30612945556640625,5048.0,5048.0,248.0,220.0,5048.0,5048.0,248.0,220.0,5048.0,5048.0,248.0,220.0,4280.0,4280.0,4280.0
2025-09-16 11:43:34,What kingdom was Guinea-Bissau once a part of?,CPU4,6.346464157104492,394.4077491760254,0.06985664367675781,32.696983337402344,1914.4552145004272,0.3182668685913086,5032.0,5028.0,312.0,292.0,5040.0,5034.0,312.0,266.0,5040.0,5040.0,248.0,240.0,5152.0,4854.0,4556.0
2025-09-16 11:43:35,In the 1840s, what country could no longer adequately supply the British cotton mills?,CPU4,8.254766464233398,414.37816619873047,0.4687309265136719,33.38227558135986,1675.745304107666,1.895547866821289,5056.0,5052.0,240.0,200.0,5056.0,5052.0,240.0,200.0,5056.0,5052.0,240.0,200.0,4044.0,4044.0,4044.0
2025-09-16 11:43:36,What type of radiation can clothing provide some protection from?,CPU4,6.750345230102539,417.8757667541504,0.4630088806152344,31.841378450393677,2095.646970272064,2.4599661827087402,5040.0,5040.0,264.0,256.0,5040.0,5032.0,344.0,282.0,5024.0,5024.0,344.0,308.0,4717.0,5015.0,5313.0
2025-09-16 11:43:38,What is another name for Colleobola?,CPU4,9.870052337646484,391.5741443634033,0.07104873657226562,39.11501741409302,1551.8083341121674,0.28156614303588867,5056.0,5056.0,240.0,192.0,5056.0,5056.0,240.0,192.0,5056.0,5056.0,240.0,192.0,3963.0,3963.0,3963.0
2025-09-16 11:43:39,Of what were the Satavahanas patrons?,CPU4,13.156652450561523,431.95128440856934,0.091552734375,57.376161336898804,1883.7395513057709,0.399261474609375,5048.0,5048.0,248.0,224.0,5048.0,5048.0,248.0,224.0,5048.0,5048.0,248.0,224.0,4361.0,4361.0,4361.0
2025-09-16 11:43:41, When did the colonies declare dependence?,CPU4,8.824825286865234,438.78817558288574,0.07009506225585938,48.58948802947998,2129.219622015953,0.2943291664123535,5024.0,5020.0,360.0,320.0,5048.0,5034.0,360.0,266.0,5048.0,5048.0,248.0,212.0,5506.0,4852.5,4199.0
2025-09-16 11:43:42,What was unique to vinyl sales in 2014?,CPU4,6.787300109863281,415.86804389953613,0.07081031799316406,28.499873161315918,1746.2299163341522,0.2973325252532959,5048.0,5048.0,248.0,212.0,5048.0,5048.0,248.0,212.0,5048.0,5048.0,248.0,212.0,4199.0,4199.0,4199.0
2025-09-16 11:43:44,What did John attempt to relieve in late 1203?,CPU4,18.136024475097656,409.57188606262207,0.07081031799316406,91.98591613769531,2012.8410340547562,0.33684468269348145,5032.0,5032.0,296.0,284.0,5040.0,5034.0,296.0,268.0,5040.0,5036.0,256.0,252.0,5072.0,4914.5,4757.0
2025-09-16 11:43:45,What mraines are formed when two ice sheets meet?,CPU4,7.904052734375,387.94541358947754,0.06937980651855469,32.604217529296875,1600.2748310565948,0.2861917018890381,5048.0,5048.0,248.0,204.0,5048.0,5048.0,248.0,204.0,5048.0,5048.0,248.0,204.0,4125.0,4125.0,4125.0
2025-09-16 11:43:46,What is the key aspect of the targeted part of the group at the starting point of the inquiry? ,CPU4,9.10639762878418,394.37150955200195,0.07224082946777344,41.85300350189209,1975.9984486103058,0.3919064998626709,5040.0,5040.0,256.0,248.0,5040.0,5032.0,360.0,284.0,5024.0,5024.0,360.0,320.0,4596.0,5010.5,5425.0
2025-09-16 11:43:48,Who died at Buckingham Palace during WWI?,CPU4,7.829427719116211,381.93750381469727,0.07271766662597656,30.714844942092896,1498.3408274650574,0.28527140617370605,5056.0,5056.0,240.0,188.0,5056.0,5056.0,240.0,188.0,5056.0,5056.0,240.0,188.0,3923.0,3923.0,3923.0
2025-09-16 11:43:49,Who painted the walls of the Forbidden city red after the fall of the Ming dynasty?,CPU4,7.958412170410156,398.00548553466797,0.06961822509765625,33.74366760253906,1687.5432586669922,0.2951812744140625,5048.0,5048.0,248.0,216.0,5048.0,5048.0,248.0,216.0,5048.0,5048.0,248.0,216.0,4240.0,4240.0,4240.0
2025-09-16 11:43:51,If the Spanish sovereign was found capable of discharging royal authority, what happens?,CPU4,7.744789123535156,389.35375213623047,0.07390975952148438,39.59136199951172,1889.9231128692627,0.3396892547607422,5032.0,5028.0,312.0,292.0,5040.0,5034.0,312.0,268.0,5040.0,5040.0,256.0,244.0,5112.0,4854.0,4596.0
2025-09-16 11:43:52,What conflict prompted Libya to end its nuclear weapons program?,CPU4,19.06728744506836,455.5385112762451,0.07152557373046875,76.34541893005371,1823.9761991500854,0.2863883972167969,5056.0,5052.0,240.0,196.0,5056.0,5052.0,240.0,196.0,5056.0,5052.0,240.0,196.0,4004.0,4004.0,4004.0
2025-09-16 11:43:54,What type of comic has taken off in the 20th century?,CPU4,8.806467056274414,402.87327766418457,0.072479248046875,42.605687618255615,2012.352021932602,0.3734130859375,5040.0,5036.0,264.0,264.0,5040.0,5032.0,320.0,280.0,5032.0,5028.0,320.0,296.0,4838.0,4995.0,5152.0
2025-09-16 11:43:55,About how many people in Somalia speak Somali?,CPU4,4.209041595458984,437.69097328186035,0.07152557373046875,16.680431842803955,1734.5693271160126,0.28345584869384766,5056.0,5056.0,240.0,192.0,5056.0,5056.0,240.0,192.0,5056.0,5056.0,240.0,192.0,3963.0,3963.0,3963.0
2025-09-16 11:43:56,What does the stand alone toilet do to develop local business and revenue?,CPU4,6.990909576416016,397.25279808044434,0.06937980651855469,31.05362033843994,1764.5969290733337,0.3081851005554199,5040.0,5040.0,256.0,236.0,5040.0,5040.0,256.0,236.0,5040.0,5040.0,256.0,236.0,4442.0,4442.0,4442.0
2025-09-16 11:43:58,Where are other mountain areas in the British Isles?,CPU4,16.736984252929688,433.98523330688477,0.07200241088867188,93.49279403686523,2072.0624964237213,0.28534555435180664,5024.0,5020.0,384.0,332.0,5056.0,5038.0,384.0,262.0,5056.0,5056.0,240.0,192.0,5586.0,4774.5,3963.0
2025-09-16 11:43:59,What does a lush environment allow hunter-gatherers to be?,CPU4,3.7298202514648438,395.3053951263428,0.07176399230957031,15.963630676269531,1691.907091140747,0.30714988708496094,5048.0,5048.0,248.0,216.0,5048.0,5048.0,248.0,216.0,5048.0,5048.0,248.0,216.0,4280.0,4280.0,4280.0
2025-09-16 11:44:01,Who did Burke say had too much individuality?,CPU4,8.056402206420898,404.40845489501953,0.07033348083496094,40.8620719909668,1987.4653515815735,0.3345763683319092,5032.0,5032.0,304.0,288.0,5040.0,5034.0,304.0,272.0,5040.0,5036.0,256.0,256.0,5072.0,4914.5,4757.0
2025-09-16 11:44:02,When did FWS create the Safe Harbor agreement?,CPU4,6.515979766845703,446.3164806365967,0.4425048828125,26.617777347564697,1823.2028234004974,1.8076324462890625,5056.0,5052.0,248.0,204.0,5056.0,5052.0,248.0,204.0,5056.0,5052.0,248.0,204.0,4085.0,4085.0,4085.0
2025-09-16 11:44:03,In what year did the Exclusion Crisis end?,CPU4,9.613752365112305,480.5448055267334,0.9486675262451172,45.34806990623474,2390.7104074954987,4.964377164840698,5040.0,5036.0,264.0,256.0,5040.0,5032.0,328.0,278.0,5032.0,5028.0,328.0,300.0,4717.0,4975.0,5233.0
2025-09-16 11:44:05,What was the working name for A Link to the Past prior to release?,CPU4,13.655900955200195,375.6835460662842,0.453948974609375,55.22446346282959,1519.2642602920532,1.8357696533203125,5056.0,5052.0,240.0,200.0,5056.0,5052.0,240.0,200.0,5056.0,5052.0,240.0,200.0,4044.0,4044.0,4044.0
2025-09-16 11:44:06,When were most churches and monasteries destroyed?,CPU4,7.523059844970703,414.1972064971924,0.07081031799316406,33.71835422515869,1856.4318795204163,0.31737184524536133,5048.0,5044.0,256.0,236.0,5048.0,5044.0,256.0,236.0,5048.0,5044.0,256.0,236.0,4482.0,4482.0,4482.0
2025-09-16 11:44:08,What fraction of the Japanese garrison on Mili died due to hunger?,CPU4,4.589557647705078,457.9899311065674,0.4639625549316406,25.637269020080566,2177.5131274461746,1.8201251029968262,5024.0,5020.0,376.0,328.0,5056.0,5038.0,376.0,258.0,5056.0,5056.0,240.0,188.0,5586.0,4754.5,3923.0
2025-09-16 11:44:09,Why did Whitehead view the existence of God as a necessity for his mathematical system?,CPU4,8.244037628173828,407.0718288421631,0.07319450378417969,35.284481048583984,1742.267427444458,0.31327247619628906,5048.0,5048.0,248.0,220.0,5048.0,5048.0,248.0,220.0,5048.0,5048.0,248.0,220.0,4280.0,4280.0,4280.0
2025-09-16 11:44:11,During daytime how high can the temperatures reach?,CPU4,32.97853469848633,392.9140567779541,0.3955364227294922,175.21495485305786,1924.2965930700302,1.772794246673584,5024.0,5024.0,328.0,304.0,5040.0,5032.0,328.0,270.0,5040.0,5040.0,256.0,236.0,5313.0,4897.5,4482.0
2025-09-16 11:44:12,What is the concentration of uranium in sea water?,CPU4,6.78706169128418,410.292387008667,0.07176399230957031,27.99662947654724,1692.4560964107513,0.29602646827697754,5048.0,5048.0,248.0,208.0,5048.0,5048.0,248.0,208.0,5048.0,5048.0,248.0,208.0,4125.0,4125.0,4125.0
2025-09-16 11:44:14,Hayek's critical analysis of Keyne's work was published under what title?,CPU4,10.695457458496094,387.84146308898926,0.07009506225585938,51.31680488586426,1937.4620288610458,0.36400365829467773,5040.0,5036.0,264.0,264.0,5040.0,5032.0,320.0,280.0,5032.0,5028.0,320.0,296.0,4798.0,4995.5,5193.0
2025-09-16 11:44:15,Aside from the adult contemporary chart, on what other chart did Lionel Richie's "Hello" reach the top spot?,CPU4,7.03883171081543,382.39502906799316,0.07271766662597656,27.894890069961548,1515.431500196457,0.2881801128387451,5056.0,5056.0,240.0,192.0,5056.0,5056.0,240.0,192.0,5056.0,5056.0,240.0,192.0,3963.0,3963.0,3963.0
2025-09-16 11:44:16,When was the Easter Rising?,CPU4,10.06174087524414,432.61003494262695,0.4584789276123047,43.8792519569397,1886.6123623847961,1.9994266033172607,5048.0,5048.0,248.0,224.0,5048.0,5048.0,248.0,224.0,5048.0,5048.0,248.0,224.0,4361.0,4361.0,4361.0
2025-09-16 11:44:18,What does it take an animal to be able to do?,CPU4,6.511688232421875,402.6153087615967,0.07224082946777344,36.374290466308594,1961.7430919408798,0.3004496097564697,5016.0,5016.0,376.0,328.0,5048.0,5032.0,376.0,268.0,5048.0,5048.0,240.0,208.0,5586.0,4872.5,4159.0
2025-09-16 11:44:19,What can be done to combate dietary deficiences?,CPU4,7.542133331298828,379.1024684906006,0.07176399230957031,31.72221279144287,1594.504982471466,0.30183935165405273,5048.0,5048.0,248.0,212.0,5048.0,5048.0,248.0,212.0,5048.0,5048.0,248.0,212.0,4206.0,4206.0,4206.0
2025-09-16 11:44:21,Which iPod model has its battery soldered into the unit?,CPU4,6.130456924438477,405.7936668395996,0.0705718994140625,30.400935888290405,2018.823492527008,0.35222434997558594,5032.0,5032.0,272.0,268.0,5032.0,5032.0,288.0,272.0,5032.0,5032.0,288.0,276.0,4959.0,4975.0,4991.0
2025-09-16 11:44:22,As an inhaler, what was Primatene used to treat?,CPU4,11.80267333984375,418.63512992858887,0.072479248046875,47.257904052734375,1676.2150602340698,0.2902069091796875,5056.0,5056.0,240.0,196.0,5056.0,5056.0,240.0,196.0,5056.0,5056.0,240.0,196.0,4004.0,4004.0,4004.0
2025-09-16 11:44:23,What is the process of collecting national rights?,CPU4,7.34257698059082,459.5828056335449,0.07319450378417969,33.50417876243591,2295.1565313339233,0.3970801830291748,5040.0,5040.0,256.0,240.0,5040.0,5030.0,352.0,278.0,5024.0,5020.0,352.0,316.0,4563.0,4994.0,5425.0
2025-09-16 11:44:25,Whose envoy was slaughtered by Daurentius?,CPU4,4.73785400390625,398.6551761627197,0.07104873657226562,18.58660125732422,1563.9242560863495,0.27872419357299805,5056.0,5056.0,240.0,188.0,5056.0,5056.0,240.0,188.0,5056.0,5056.0,240.0,188.0,3923.0,3923.0,3923.0
2025-09-16 11:44:26,What is the state's last school of medicine?,CPU4,9.645938873291016,424.49092864990234,0.07128715515136719,42.06593942642212,1851.2049398422241,0.3108832836151123,5048.0,5048.0,256.0,224.0,5048.0,5048.0,256.0,224.0,5048.0,5048.0,256.0,224.0,4361.0,4361.0,4361.0
2025-09-16 11:44:28,The Middle East, the Balkans and others are included in what republic?,CPU4,5.186796188354492,407.6650142669678,0.07224082946777344,28.13836932182312,2002.8582150936127,0.3179318904876709,5024.0,5024.0,344.0,312.0,5040.0,5032.0,344.0,270.0,5040.0,5040.0,248.0,228.0,5425.0,4913.0,4401.0
2025-09-16 11:44:29,Which Navy was assumed not to be able to operate under German air superiority?,CPU4,7.161140441894531,417.12069511413574,0.07128715515136719,29.53970432281494,1720.62286734581,0.29405951499938965,5048.0,5048.0,240.0,204.0,5048.0,5048.0,240.0,204.0,5048.0,5048.0,240.0,204.0,4125.0,4125.0,4125.0
2025-09-16 11:44:31,In what year did the FBI stop using commercially available software?,CPU4,7.24339485168457,407.52148628234863,0.46825408935546875,35.04354429244995,2002.7643443346024,2.3370561599731445,5032.0,5032.0,264.0,264.0,5032.0,5032.0,296.0,272.0,5032.0,5032.0,296.0,280.0,4838.0,4914.5,4991.0
2025-09-16 11:44:32,What percentage of low-density penetrators is not made up of depleted uranium?,CPU4,8.206605911254883,402.16946601867676,0.072479248046875,32.85925006866455,1610.2865419387817,0.2902069091796875,5056.0,5052.0,240.0,196.0,5056.0,5052.0,240.0,196.0,5056.0,5052.0,240.0,196.0,4004.0,4004.0,4004.0
2025-09-16 11:44:33,What does the flat surface of the redesigned SNES invite people to do?,CPU4,10.084152221679688,389.2703056335449,0.07033348083496094,44.79380416870117,1729.1386976242065,0.3124213218688965,5040.0,5040.0,256.0,236.0,5040.0,5040.0,256.0,236.0,5040.0,5040.0,256.0,236.0,4442.0,4442.0,4442.0
2025-09-16 11:44:35,Norfolk Island became a territory of what country?,CPU4,7.538080215454102,380.7663917541504,0.43582916259765625,42.10771608352661,1833.3901762962341,1.7624931335449219,5024.0,5020.0,384.0,332.0,5056.0,5036.0,384.0,264.0,5056.0,5052.0,240.0,196.0,5586.0,4815.0,4044.0
2025-09-16 11:44:36,What are Airmen expected to be competent in for these Building Partnerships missions?,CPU4,8.229255676269531,430.67026138305664,0.07009506225585938,34.28307914733887,1794.172308921814,0.29201602935791016,5048.0,5048.0,248.0,208.0,5048.0,5048.0,248.0,208.0,5048.0,5048.0,248.0,208.0,4166.0,4166.0,4166.0
2025-09-16 11:44:38,How much electricity is imported by Estonia annually?,CPU4,7.184743881225586,437.89196014404297,0.0705718994140625,36.15363121032715,2143.2621989250183,0.3357105255126953,5032.0,5032.0,296.0,284.0,5032.0,5032.0,296.0,270.0,5032.0,5032.0,256.0,256.0,5032.0,4894.5,4757.0
2025-09-16 11:44:39,What was the original name of the famous rifle manufacturing companies in New Haven?,CPU4,9.441137313842773,402.23145484924316,0.07128715515136719,38.179959297180176,1626.6240034103394,0.2882852554321289,5048.0,5048.0,240.0,200.0,5048.0,5048.0,240.0,200.0,5048.0,5048.0,240.0,200.0,4044.0,4044.0,4044.0
2025-09-16 11:44:41,What year did Alexis Bouvard publish relevant astronomical tables? ,CPU4,7.293701171875,391.0531997680664,0.4620552062988281,33.8135986328125,1959.3720574378967,2.4881672859191895,5040.0,5040.0,256.0,248.0,5040.0,5032.0,352.0,282.0,5024.0,5024.0,352.0,316.0,4636.0,5010.5,5385.0
2025-09-16 11:44:42,What does sparging convert starches into?,CPU4,9.22703742980957,383.9902877807617,0.07224082946777344,35.82858633995056,1491.0342874526978,0.28051114082336426,5056.0,5056.0,240.0,188.0,5056.0,5056.0,240.0,188.0,5056.0,5056.0,240.0,188.0,3883.0,3883.0,3883.0
2025-09-16 11:44:43,What was built on the site of the old Theatre Royal?,CPU4,9.804487228393555,445.50585746765137,0.07176399230957031,42.36518931388855,1925.0308101177216,0.3100922107696533,5048.0,5048.0,248.0,220.0,5048.0,5048.0,248.0,220.0,5048.0,5048.0,248.0,220.0,4321.0,4321.0,4321.0
2025-09-16 11:44:45,What type of lectionary do Anglicanism churches follow?,CPU4,12.2222900390625,390.3505802154541,0.07271766662597656,66.30592346191406,1902.1783773899078,0.3142130374908447,5024.0,5020.0,352.0,316.0,5048.0,5034.0,352.0,268.0,5048.0,5048.0,248.0,220.0,5425.0,4873.0,4321.0
2025-09-16 11:44:46,By what year did Canadian oil sands production average 2.3 million barrels per day?,CPU4,12.203216552734375,397.3884582519531,0.4374980926513672,50.838600158691406,1655.5203170776367,1.8226170539855957,5048.0,5048.0,248.0,208.0,5048.0,5048.0,248.0,208.0,5048.0,5048.0,248.0,208.0,4166.0,4166.0,4166.0
2025-09-16 11:44:48,Because of their heat resistance, glass-ceramics are especially suitable for what?,CPU4,8.077859878540039,440.34814834594727,0.07295608520507812,39.40380048751831,2199.5390009880066,0.3729515075683594,5040.0,5036.0,264.0,264.0,5040.0,5032.0,304.0,274.0,5032.0,5028.0,304.0,284.0,4878.0,4995.0,5112.0
2025-09-16 11:44:49,Who said "o suggest that merely because these artists developed same as the traditional pattern",CPU4,7.9135894775390625,411.6976261138916,0.07033348083496094,31.361555099487305,1631.5576922893524,0.2787315845489502,5056.0,5056.0,240.0,196.0,5056.0,5056.0,240.0,196.0,5056.0,5056.0,240.0,196.0,3963.0,3963.0,3963.0
2025-09-16 11:44:50,Who led Husayn's forces?,CPU4,16.583681106567383,434.21053886413574,0.07104873657226562,75.00798964500427,2177.3487471342087,0.39119434356689453,5040.0,5040.0,256.0,240.0,5040.0,5030.0,368.0,282.0,5024.0,5020.0,368.0,324.0,4523.0,5014.5,5506.0
2025-09-16 11:44:52,When did Clark make his debut?,CPU4,6.442785263061523,418.6513423919678,0.07081031799316406,25.275046586990356,1642.3692162036896,0.2777888774871826,5056.0,5056.0,240.0,188.0,5056.0,5056.0,240.0,188.0,5056.0,5056.0,240.0,188.0,3923.0,3923.0,3923.0
2025-09-16 11:44:53, In what year did Northwestern University stop teaching?,CPU4,8.34035873413086,397.5033760070801,0.7073879241943359,36.03869009017944,1717.612087726593,3.0566232204437256,5048.0,5048.0,248.0,220.0,5048.0,5048.0,248.0,220.0,5048.0,5048.0,248.0,220.0,4321.0,4321.0,4321.0
2025-09-16 11:44:55,What local figure played in the bands AMM and MIMEO?,CPU4,11.191844940185547,437.1671676635742,0.07224082946777344,59.01459836959839,2157.201388835907,0.3320188522338867,5024.0,5024.0,328.0,300.0,5040.0,5032.0,328.0,272.0,5040.0,5040.0,256.0,244.0,5273.0,4934.5,4596.0
2025-09-16 11:44:56,What is an example of a complex operation?,CPU4,6.673574447631836,419.1873073577881,0.14019012451171875,27.80211114883423,1746.3343224525452,0.5840320587158203,5048.0,5048.0,248.0,208.0,5048.0,5048.0,248.0,208.0,5048.0,5048.0,248.0,208.0,4166.0,4166.0,4166.0
2025-09-16 11:44:58,What operation in the Rasht Valley was concluded in November 1910?,CPU4,8.44573974609375,415.68660736083984,0.07200241088867188,41.19831848144531,2042.8918318748474,0.35648393630981445,5032.0,5032.0,272.0,268.0,5032.0,5032.0,288.0,272.0,5032.0,5032.0,288.0,276.0,4878.0,4914.5,4951.0
2025-09-16 11:44:59,Who ranked BYU as No. 11 of institutions whose grads were top-rated by recruiters in a 2010 article?,CPU4,11.657238006591797,382.5879096984863,0.07176399230957031,47.14187049865723,1547.1855068206787,0.29021358489990234,5056.0,5052.0,240.0,196.0,5056.0,5052.0,240.0,196.0,5056.0,5052.0,240.0,196.0,4044.0,4044.0,4044.0
2025-09-16 11:45:00,What is a yellow example of a sterile,hybrid plant with no seeds?,CPU4,12.482643127441406,400.91562271118164,0.07033348083496094,55.94720649719238,1796.903820991516,0.3152346611022949,5040.0,5040.0,256.0,236.0,5040.0,5040.0,256.0,236.0,5040.0,5040.0,256.0,236.0,4482.0,4482.0,4482.0
2025-09-16 11:45:02,How many digital copies of previously digitized materials were there in December of 2012?,CPU4,7.744789123535156,395.01404762268066,0.07081031799316406,43.26239204406738,1910.0904272794724,0.2892601490020752,5024.0,5020.0,384.0,332.0,5048.0,5034.0,384.0,266.0,5048.0,5048.0,248.0,200.0,5586.0,4835.5,4085.0
2025-09-16 11:45:03,Who funded species within specific states?,CPU4,6.540060043334961,411.11040115356445,0.07200241088867188,27.729854583740234,1743.1081008911133,0.30529022216796875,5048.0,5048.0,248.0,212.0,5048.0,5048.0,248.0,212.0,5048.0,5048.0,248.0,212.0,4240.0,4240.0,4240.0
2025-09-16 11:45:05,What sea plankton doe many sea creatures rely on to live?,CPU4,6.7920684814453125,427.0596504211426,0.06937980651855469,36.57528877258301,2148.5371012687683,0.3244893550872803,5024.0,5020.0,344.0,312.0,5040.0,5028.0,344.0,282.0,5040.0,5036.0,256.0,252.0,5385.0,5031.0,4677.0
2025-09-16 11:45:06,What contains a distribution of uranium deoxidation species in various forms ranging from most oxidized to least oxidized?,CPU4,7.040262222290039,401.2765884399414,0.06914138793945312,28.470820426940918,1622.762523651123,0.27960777282714844,5048.0,5048.0,240.0,200.0,5048.0,5048.0,240.0,200.0,5048.0,5048.0,240.0,200.0,4044.0,4044.0,4044.0
2025-09-16 11:45:08,What was Liu Shaokun's profession?,CPU4,7.916450500488281,404.3128490447998,0.07128715515136719,37.02523899078369,2026.0116865634918,0.3810298442840576,5040.0,5040.0,256.0,248.0,5040.0,5032.0,352.0,280.0,5024.0,5024.0,352.0,312.0,4677.0,5011.0,5345.0
2025-09-16 11:45:09,What is one thing the cell must do once DNA replication is compete?,CPU4,8.631706237792969,390.34414291381836,0.07009506225585938,33.862183570861816,1531.3200726509094,0.27498292922973633,5056.0,5056.0,240.0,192.0,5056.0,5056.0,240.0,192.0,5056.0,5056.0,240.0,192.0,3923.0,3923.0,3923.0
2025-09-16 11:45:10,The average rainfall level of somerset ,CPU4,13.492584228515625,375.3247261047363,0.07033348083496094,58.301456451416016,1621.7781414985657,0.3039109706878662,5048.0,5048.0,248.0,220.0,5048.0,5048.0,248.0,220.0,5048.0,5048.0,248.0,220.0,4321.0,4321.0,4321.0
2025-09-16 11:45:12,Who was one of the members of the Governing Body in 1995?,CPU4,9.452581405639648,407.34219551086426,0.06937980651855469,49.087255239486694,1993.736375927925,0.31886959075927734,5032.0,5032.0,320.0,296.0,5040.0,5036.0,320.0,270.0,5040.0,5040.0,256.0,244.0,5193.0,4894.5,4596.0
2025-09-16 11:45:13,What was a consequence of adopting proposals intended to resolve the issue of Quebec sovereignty?,CPU4,6.56890869140625,415.45724868774414,0.4334449768066406,26.83399200439453,1697.1428608894348,1.770622730255127,5048.0,5048.0,248.0,204.0,5048.0,5048.0,248.0,204.0,5048.0,5048.0,248.0,204.0,4085.0,4085.0,4085.0
2025-09-16 11:45:15,Why is sequencing done on plants?,CPU4,8.103609085083008,416.8357849121094,0.07486343383789062,38.22472405433655,2056.8761806488037,0.3856964111328125,5040.0,5040.0,264.0,256.0,5040.0,5032.0,320.0,274.0,5024.0,5024.0,320.0,292.0,4717.0,4934.5,5152.0
2025-09-16 11:45:16,Where are the Deccan Traps?,CPU4,11.668682098388672,390.2289867401123,0.4413127899169922,46.24298715591431,1546.477474451065,1.74892258644104,5056.0,5056.0,240.0,192.0,5056.0,5056.0,240.0,192.0,5056.0,5056.0,240.0,192.0,3963.0,3963.0,3963.0
2025-09-16 11:45:17,What is not needed to provide power boost to Digimon,CPU4,17.620563507080078,390.24901390075684,0.07319450378417969,77.54809999465942,1717.4859101772308,0.3221290111541748,5048.0,5048.0,256.0,228.0,5048.0,5048.0,256.0,228.0,5048.0,5048.0,256.0,228.0,4401.0,4401.0,4401.0
2025-09-16 11:45:19,When was the Everton club founded?,CPU4,7.167577743530273,398.942232131958,0.4620552062988281,39.7513861656189,1984.1391915082932,2.0335049629211426,5024.0,5020.0,376.0,332.0,5048.0,5032.0,376.0,278.0,5048.0,5044.0,248.0,224.0,5546.0,4973.5,4401.0
2025-09-16 11:45:20,What Protestant group is fine with the mixing of religions?,CPU4,8.725166320800781,427.46448516845703,0.07271766662597656,36.349042892456055,1780.817045211792,0.30294179916381836,5048.0,5048.0,248.0,208.0,5048.0,5048.0,248.0,208.0,5048.0,5048.0,248.0,208.0,4166.0,4166.0,4166.0
2025-09-16 11:45:22,How many times has Daniel Craig portrayed James Bond in films?,CPU4,5.647897720336914,441.058874130249,0.4429817199707031,28.007924795150757,2160.526894927025,2.1431455612182617,5032.0,5032.0,288.0,276.0,5032.0,5032.0,288.0,272.0,5032.0,5032.0,272.0,268.0,4959.0,4898.5,4838.0
2025-09-16 11:45:23,Capital letters refer to which case of letter?,CPU4,6.575584411621094,391.2520408630371,0.06985664367675781,26.591663360595703,1582.223253250122,0.2825002670288086,5056.0,5052.0,240.0,196.0,5056.0,5052.0,240.0,196.0,5056.0,5052.0,240.0,196.0,4044.0,4044.0,4044.0
2025-09-16 11:45:25,What happens during a pin attempt?,CPU4,9.556770324707031,420.91822624206543,0.07009506225585938,43.607542991638184,2102.0656218528748,0.3802657127380371,5040.0,5040.0,256.0,244.0,5040.0,5032.0,352.0,280.0,5024.0,5024.0,352.0,316.0,4563.0,4994.0,5425.0
2025-09-16 11:45:26,Where were the first demonstrations in Armenia?,CPU4,9.439706802368164,385.3635787963867,0.45561790466308594,37.409558057785034,1527.1958627700806,1.8056137561798096,5056.0,5056.0,240.0,188.0,5056.0,5056.0,240.0,188.0,5056.0,5056.0,240.0,188.0,3963.0,3963.0,3963.0
2025-09-16 11:45:27,What is another name for Vedic Sanskrit?,CPU4,9.965896606445312,387.44306564331055,0.07319450378417969,42.65403747558594,1658.2563209533691,0.31327247619628906,5048.0,5048.0,248.0,220.0,5048.0,5048.0,248.0,220.0,5048.0,5048.0,248.0,220.0,4280.0,4280.0,4280.0
2025-09-16 11:45:29,Who traditionally paid for scholars to study natural sciences?,CPU4,11.260271072387695,433.7608814239502,0.07128715515136719,58.92499852180481,2149.285167455673,0.33341002464294434,5032.0,5028.0,320.0,296.0,5040.0,5034.0,320.0,272.0,5040.0,5040.0,256.0,248.0,5233.0,4955.0,4677.0
2025-09-16 11:45:30,What state supported DST because it wanted to sell more potatoes?,CPU4,8.052587509155273,406.65125846862793,0.4546642303466797,33.2169234752655,1677.4364411830902,1.8754899501800537,5048.0,5048.0,240.0,200.0,5048.0,5048.0,240.0,200.0,5048.0,5048.0,240.0,200.0,4125.0,4125.0,4125.0
2025-09-16 11:45:32,What date was Live Aid?,CPU4,7.889270782470703,397.7940082550049,0.07343292236328125,37.852721214294434,1979.0251910686493,0.378326416015625,5040.0,5036.0,264.0,260.0,5040.0,5032.0,312.0,276.0,5032.0,5028.0,312.0,292.0,4798.0,4975.0,5152.0
2025-09-16 11:45:33,How much content does the Community Tool Box offer?,CPU4,5.231618881225586,402.09245681762695,0.06961822509765625,20.732905626296997,1593.4924063682556,0.2758970260620117,5056.0,5056.0,240.0,192.0,5056.0,5056.0,240.0,192.0,5056.0,5056.0,240.0,192.0,3963.0,3963.0,3963.0
2025-09-16 11:45:34,What fluids are in Neptune's interior? ,CPU4,7.898569107055664,396.69203758239746,0.07081031799316406,35.08544397354126,1762.1060309410095,0.31453943252563477,5048.0,5044.0,256.0,232.0,5048.0,5044.0,256.0,232.0,5048.0,5044.0,256.0,232.0,4442.0,4442.0,4442.0
2025-09-16 11:45:36,Did the followers of Meletius obey the guidelines of Nicaea?,CPU4,8.318185806274414,392.56930351257324,0.07295608520507812,45.46720361709595,1912.9902160167694,0.3122520446777344,5024.0,5020.0,360.0,320.0,5048.0,5034.0,360.0,270.0,5048.0,5048.0,248.0,220.0,5466.0,4873.0,4280.0
2025-09-16 11:45:37,How long does the sponsor remain? ,CPU4,7.270336151123047,384.05561447143555,0.0705718994140625,30.528141498565674,1612.6495251655579,0.29633140563964844,5048.0,5048.0,248.0,208.0,5048.0,5048.0,248.0,208.0,5048.0,5048.0,248.0,208.0,4199.0,4199.0,4199.0
2025-09-16 11:45:39,Who signed the Treaty of Wuchale for Italy?,CPU4,8.311033248901367,400.0229835510254,0.07081031799316406,39.535585165023804,1973.9134123325348,0.3619823455810547,5040.0,5040.0,264.0,260.0,5040.0,5034.0,312.0,276.0,5032.0,5028.0,312.0,292.0,4757.0,4934.5,5112.0
2025-09-16 11:45:40,If you needed to place an antenna somewhere with a large amount of interference, which type would be best?,CPU4,7.148981094360352,391.35169982910156,0.07081031799316406,28.624520301818848,1566.9722061157227,0.2835245132446289,5056.0,5056.0,240.0,192.0,5056.0,5056.0,240.0,192.0,5056.0,5056.0,240.0,192.0,4004.0,4004.0,4004.0
2025-09-16 11:45:41,How many stations did the CBC have broadcasting in analog in 2012?,CPU4,8.992910385131836,386.6455554962158,0.45561790466308594,39.21808218955994,1686.1612675189972,1.9869496822357178,5048.0,5048.0,248.0,224.0,5048.0,5048.0,248.0,224.0,5048.0,5048.0,248.0,224.0,4361.0,4361.0,4361.0
2025-09-16 11:45:43,When does an electric field develop across the dielectric?,CPU4,6.484270095825195,452.4822235107422,0.07200241088867188,35.702391147613525,2241.3706941604614,0.3168826103210449,5024.0,5020.0,360.0,320.0,5048.0,5032.0,360.0,272.0,5048.0,5044.0,248.0,224.0,5506.0,4953.5,4401.0
2025-09-16 11:45:44,What does Lan-nang mean in Singapore?,CPU4,8.355140686035156,398.9300727844238,0.06961822509765625,35.08323574066162,1675.1073756217957,0.2923269271850586,5048.0,5048.0,248.0,212.0,5048.0,5048.0,248.0,212.0,5048.0,5048.0,248.0,212.0,4199.0,4199.0,4199.0
2025-09-16 11:45:46,Where did Cork get pieces of its language from?,CPU4,7.541418075561523,415.78078269958496,0.0705718994140625,37.63921761512756,2043.3546565771103,0.3414268493652344,5032.0,5032.0,296.0,284.0,5040.0,5034.0,296.0,274.0,5040.0,5036.0,264.0,264.0,4991.0,4914.5,4838.0
2025-09-16 11:45:47,For what is cotton used to make?,CPU4,9.569406509399414,381.95180892944336,0.07152557373046875,39.091025590896606,1560.2731394767761,0.29218196868896484,5048.0,5048.0,240.0,200.0,5048.0,5048.0,240.0,200.0,5048.0,5048.0,240.0,200.0,4085.0,4085.0,4085.0
2025-09-16 11:45:49,What is the primary method for determining the Avogadro constant?,CPU4,8.377552032470703,440.13261795043945,0.07081031799316406,38.22676992416382,2189.219641685486,0.3813135623931885,5040.0,5040.0,256.0,244.0,5040.0,5030.0,352.0,280.0,5024.0,5020.0,352.0,316.0,4563.0,4974.0,5385.0
2025-09-16 11:45:50,Which independent school had more hosted outreach events than Eton?,CPU4,7.729768753051758,384.16266441345215,0.06818771362304688,30.633073568344116,1522.4366390705109,0.27022790908813477,5056.0,5056.0,240.0,192.0,5056.0,5056.0,240.0,192.0,5056.0,5056.0,240.0,192.0,3963.0,3963.0,3963.0
2025-09-16 11:45:51,What is another word for interfere?,CPU4,12.495994567871094,382.2157382965088,0.06842613220214844,53.48285675048828,1635.8833599090576,0.2928638458251953,5048.0,5048.0,248.0,220.0,5048.0,5048.0,248.0,220.0,5048.0,5048.0,248.0,220.0,4280.0,4280.0,4280.0
2025-09-16 11:45:53,Who was the least influential supporter of the ideals of Terence?,CPU4,11.188507080078125,411.5927219390869,0.07009506225585938,58.1019172668457,2014.540577530861,0.3221569061279297,5032.0,5028.0,320.0,296.0,5040.0,5034.0,320.0,270.0,5040.0,5040.0,256.0,244.0,5193.0,4894.5,4596.0
2025-09-16 11:45:54,How many sutras are in the Astadhyayi?,CPU4,9.095907211303711,425.74310302734375,0.07224082946777344,37.15678095817566,1739.1605758666992,0.2951037883758545,5048.0,5048.0,248.0,204.0,5048.0,5048.0,248.0,204.0,5048.0,5048.0,248.0,204.0,4085.0,4085.0,4085.0
2025-09-16 11:45:56, How many madaris have been founded outside of Cairo?,CPU4,11.495351791381836,429.6000003814697,0.6501674652099609,55.61451196670532,2128.6680018901825,3.297649383544922,5040.0,5036.0,264.0,264.0,5040.0,5032.0,304.0,274.0,5032.0,5028.0,304.0,284.0,4838.0,4955.0,5072.0
2025-09-16 11:45:57,What fraction of Manhattan residents have graduate degrees?,CPU4,12.632131576538086,412.74380683898926,0.07176399230957031,50.579054832458496,1652.626202583313,0.28734302520751953,5056.0,5056.0,240.0,192.0,5056.0,5056.0,240.0,192.0,5056.0,5056.0,240.0,192.0,4004.0,4004.0,4004.0
2025-09-16 11:45:59,Where are many of the wealthy neighborhoods located? ,CPU4,6.70623779296875,435.471773147583,0.080108642578125,30.332313537597656,2192.3826419115067,0.44428253173828125,5040.0,5040.0,256.0,236.0,5040.0,5030.0,368.0,280.0,5024.0,5020.0,368.0,324.0,4523.0,5034.5,5546.0
2025-09-16 11:46:00,When would you have first found the moving coil microphone?,CPU4,11.033058166503906,408.9069366455078,0.07390975952148438,61.189340591430664,1587.7856349945068,0.28699159622192383,5024.0,5020.0,368.0,324.0,5056.0,5056.0,240.0,188.0,5056.0,5056.0,240.0,188.0,5546.0,3883.0,3883.0
2025-09-16 11:46:01,What is the time limit for completing an Endangered Species Recovery Plan?,CPU4,8.85915756225586,467.94891357421875,0.07200241088867188,37.91719436645508,2002.8213500976562,0.3081703186035156,5048.0,5048.0,248.0,216.0,5048.0,5048.0,248.0,216.0,5048.0,5048.0,248.0,216.0,4280.0,4280.0,4280.0
2025-09-16 11:46:03,Where did Islamic influence in Tibet come from?,CPU4,8.676290512084961,417.0234203338623,0.45990943908691406,46.0971314907074,1983.3633871078491,1.9311597347259521,5024.0,5024.0,328.0,304.0,5048.0,5036.0,328.0,258.0,5048.0,5048.0,248.0,212.0,5313.0,4756.0,4199.0
2025-09-16 11:46:04,What alphabet is invisible graphic:223 based on?,CPU4,7.502079010009766,400.93231201171875,0.43201446533203125,33.62431812286377,1796.9786224365234,1.936288833618164,5048.0,5044.0,256.0,232.0,5048.0,5044.0,256.0,232.0,5048.0,5044.0,256.0,232.0,4482.0,4482.0,4482.0
2025-09-16 11:46:06,What astronomical study is important research for Antarctica?,CPU4,8.03232192993164,394.4084644317627,0.07319450378417969,39.832284450531006,1963.7597444057465,0.36589932441711426,5032.0,5032.0,280.0,276.0,5032.0,5032.0,296.0,278.0,5032.0,5032.0,296.0,280.0,4959.0,4979.0,4999.0
2025-09-16 11:46:07,How many kilometres do the Alps stretch?,CPU4,10.079622268676758,386.854887008667,0.07104873657226562,40.35880756378174,1548.9669675827026,0.28447914123535156,5056.0,5056.0,240.0,196.0,5056.0,5056.0,240.0,196.0,5056.0,5056.0,240.0,196.0,4004.0,4004.0,4004.0
2025-09-16 11:46:08,How many people were displaced in the unrests?,CPU4,6.556510925292969,403.45072746276855,0.07200241088867188,29.124021530151367,1792.128131389618,0.31983470916748047,5040.0,5040.0,256.0,236.0,5040.0,5040.0,256.0,236.0,5040.0,5040.0,256.0,236.0,4442.0,4442.0,4442.0
2025-09-16 11:46:10,What company merged with Comcast, making it the largest TV company?,CPU4,8.301258087158203,417.2389507293701,0.07128715515136719,46.37082767486572,2009.0055477619171,0.2882852554321289,5024.0,5020.0,384.0,332.0,5048.0,5034.0,384.0,264.0,5048.0,5048.0,240.0,196.0,5586.0,4815.0,4044.0
2025-09-16 11:46:11,Which prominent star felt the 2009 Female Video of the Year award should have went to Beyoncé instead of Taylor Swift?,CPU4,18.306255340576172,401.5357494354248,0.4222393035888672,76.86796617507935,1686.0486118793488,1.7729828357696533,5048.0,5048.0,248.0,212.0,5048.0,5048.0,248.0,212.0,5048.0,5048.0,248.0,212.0,4199.0,4199.0,4199.0
2025-09-16 11:46:13,Was Texas a primarily a Spanish speaking state?,CPU4,8.521556854248047,421.586275100708,0.06985664367675781,43.562198638916016,2054.811504840851,0.3238554000854492,5032.0,5032.0,304.0,288.0,5040.0,5036.0,304.0,266.0,5040.0,5040.0,256.0,244.0,5112.0,4874.0,4636.0
2025-09-16 11:46:14,What do critics of the Jehovah's Witnesses accuse the religion's leaders of exercising over members?,CPU4,7.850408554077148,385.0877285003662,0.06985664367675781,32.06891894340515,1573.083370923996,0.28536438941955566,5048.0,5048.0,240.0,200.0,5048.0,5048.0,240.0,200.0,5048.0,5048.0,240.0,200.0,4085.0,4085.0,4085.0
2025-09-16 11:46:16,What does Theotokos mean?,CPU4,16.606807708740234,389.36352729797363,0.07081031799316406,76.4411358833313,1960.2506781816483,0.38704919815063477,5040.0,5040.0,256.0,244.0,5040.0,5032.0,368.0,284.0,5024.0,5024.0,368.0,324.0,4603.0,5034.5,5466.0
2025-09-16 11:46:17,What movie did Spectre unseat as having the highest earnings for IMAX screenings in the UK?,CPU4,9.947776794433594,390.05589485168457,0.4620552062988281,39.02512836456299,1530.1892755031586,1.8126425743103027,5056.0,5056.0,240.0,188.0,5056.0,5056.0,240.0,188.0,5056.0,5056.0,240.0,188.0,3923.0,3923.0,3923.0
2025-09-16 11:46:18,Who developed the Carolingian minuscule script for handwriting?,CPU4,7.493019104003906,439.27907943725586,0.0743865966796875,32.07012176513672,1880.114459991455,0.3183746337890625,5048.0,5048.0,248.0,220.0,5048.0,5048.0,248.0,220.0,5048.0,5048.0,248.0,220.0,4280.0,4280.0,4280.0
2025-09-16 11:46:20,Who was known as a reformer in Strasbourg?,CPU4,6.944894790649414,417.7694320678711,0.072479248046875,36.89822602272034,2029.10613155365,0.3189811706542969,5024.0,5024.0,328.0,304.0,5040.0,5032.0,328.0,266.0,5040.0,5040.0,248.0,228.0,5313.0,4857.0,4401.0
2025-09-16 11:46:21,Who was high priest according to Christian tradition?,CPU4,7.070779800415039,401.28374099731445,0.07128715515136719,28.884135484695435,1639.2440819740295,0.29120802879333496,5048.0,5048.0,240.0,204.0,5048.0,5048.0,240.0,204.0,5048.0,5048.0,240.0,204.0,4085.0,4085.0,4085.0
2025-09-16 11:46:23,What is the oldest group with devised rules in Canada?,CPU4,8.274555206298828,417.59467124938965,0.07033348083496094,39.70131587982178,2060.829702615738,0.3567314147949219,5040.0,5036.0,264.0,264.0,5040.0,5034.0,312.0,276.0,5032.0,5032.0,312.0,288.0,4798.0,4935.0,5072.0
2025-09-16 11:46:24,When did Wellbutrin plead guilty?,CPU4,7.3108673095703125,416.83197021484375,0.07271766662597656,29.27271270751953,1668.9952087402344,0.29116153717041016,5056.0,5056.0,240.0,196.0,5056.0,5056.0,240.0,196.0,5056.0,5056.0,240.0,196.0,4004.0,4004.0,4004.0
2025-09-16 11:46:26,Agriculture ended how many years ago?,CPU4,7.669925689697266,374.1602897644043,0.06818771362304688,34.69107389450073,1692.3269906044006,0.308413028717041,5040.0,5040.0,256.0,236.0,5040.0,5040.0,256.0,236.0,5040.0,5040.0,256.0,236.0,4523.0,4523.0,4523.0
2025-09-16 11:46:27,What is the customary calendar of Iran?,CPU4,6.196737289428711,391.25752449035645,0.07104873657226562,34.61497449874878,1868.0590506792068,0.28156614303588867,5024.0,5020.0,384.0,332.0,5056.0,5038.0,384.0,262.0,5056.0,5056.0,240.0,192.0,5586.0,4774.5,3963.0
2025-09-16 11:46:28,Whose authority did the sisters not live under?,CPU4,7.370948791503906,383.5926055908203,0.07081031799316406,31.00221061706543,1613.3904991149902,0.29782819747924805,5048.0,5048.0,248.0,212.0,5048.0,5048.0,248.0,212.0,5048.0,5048.0,248.0,212.0,4206.0,4206.0,4206.0
2025-09-16 11:46:30,When were birds represented in early cave paintings?,CPU4,11.903047561645508,382.049560546875,0.07128715515136719,58.55109095573425,1902.415786743164,0.3592872619628906,5040.0,5036.0,280.0,272.0,5040.0,5034.0,296.0,276.0,5032.0,5032.0,296.0,280.0,4919.0,4979.5,5040.0
2025-09-16 11:46:31,What initiative did Madonna launched with her film?,CPU4,7.537126541137695,375.62060356140137,0.07104873657226562,30.178654670715332,1503.984896659851,0.28447914123535156,5056.0,5056.0,240.0,196.0,5056.0,5056.0,240.0,196.0,5056.0,5056.0,240.0,196.0,4004.0,4004.0,4004.0
2025-09-16 11:46:32,Who replaced Gladstone for only a few short months? ,CPU4,7.245302200317383,392.96817779541016,0.07152557373046875,32.183632373809814,1745.564645767212,0.3177165985107422,5048.0,5048.0,256.0,232.0,5048.0,5048.0,256.0,232.0,5048.0,5048.0,256.0,232.0,4442.0,4442.0,4442.0
2025-09-16 11:46:34,What's on the other side of the Hudson from the Bronx?,CPU4,9.040594100952148,416.29695892333984,0.07200241088867188,50.139134883880615,2045.2669591903687,0.3081703186035156,5024.0,5020.0,376.0,328.0,5048.0,5034.0,376.0,270.0,5048.0,5048.0,248.0,212.0,5546.0,4913.0,4280.0
2025-09-16 11:46:35,What did the French navy lack in engaging coastal defenses?,CPU4,8.162736892700195,410.7797145843506,0.06866455078125,34.005961894989014,1711.3082909584045,0.2860565185546875,5048.0,5048.0,248.0,212.0,5048.0,5048.0,248.0,212.0,5048.0,5048.0,248.0,212.0,4166.0,4166.0,4166.0
2025-09-16 11:46:37,In 2013, on what day were Arena Football League games usually broadcast on CBS Sports Network?,CPU4,7.845401763916016,410.1393222808838,0.4639625549316406,39.21916341781616,2000.6596140861511,2.2070698738098145,5032.0,5032.0,288.0,280.0,5032.0,5032.0,288.0,268.0,5032.0,5032.0,256.0,256.0,4999.0,4878.0,4757.0
2025-09-16 11:46:38,What are Jehovah witnesses best known for?,CPU4,10.68258285522461,388.08512687683105,0.072479248046875,42.33507585525513,1537.9813578128815,0.2872352600097656,5056.0,5056.0,240.0,196.0,5056.0,5056.0,240.0,196.0,5056.0,5056.0,240.0,196.0,3963.0,3963.0,3963.0
2025-09-16 11:46:40,Under what condition does a displacement current never flow in a capacitor?,CPU4,6.762981414794922,409.3589782714844,0.06461143493652344,30.58896493911743,2044.5434169769287,0.3531661033630371,5040.0,5040.0,256.0,240.0,5040.0,5030.0,368.0,282.0,5024.0,5020.0,368.0,324.0,4523.0,4994.5,5466.0
2025-09-16 11:46:41,Who judged everything according to mental ideals?,CPU4,8.288383483886719,441.5783882141113,0.8118152618408203,45.304304122924805,2064.1581757068634,3.1522786617279053,5024.0,5020.0,368.0,324.0,5056.0,5038.0,368.0,256.0,5056.0,5056.0,240.0,188.0,5466.0,4674.5,3883.0
2025-09-16 11:46:42,Who was saved with the Judges' Save?,CPU4,4.769086837768555,400.2265930175781,0.07081031799316406,20.607224225997925,1729.379108428955,0.3059713840484619,5048.0,5048.0,248.0,220.0,5048.0,5048.0,248.0,220.0,5048.0,5048.0,248.0,220.0,4321.0,4321.0,4321.0
2025-09-16 11:46:44,What are the ranging signals of the BeiDou system based on?,CPU4,8.024215698242188,413.09309005737305,0.09226799011230469,42.311689376831055,2006.5996849536896,0.4098544120788574,5032.0,5028.0,328.0,304.0,5040.0,5034.0,328.0,268.0,5040.0,5040.0,248.0,232.0,5273.0,4857.5,4442.0
2025-09-16 11:46:45,In what way is the dielectric used in order to cause the absolute breakdown voltage of capacitors to be limited?,CPU4,12.016773223876953,412.2333526611328,0.072479248046875,49.08851861953735,1683.9732456207275,0.2960777282714844,5048.0,5048.0,240.0,200.0,5048.0,5048.0,240.0,200.0,5048.0,5048.0,240.0,200.0,4085.0,4085.0,4085.0
2025-09-16 11:46:47,Both types of climate zones in the eastern part of the state are what?,CPU4,7.666826248168945,424.6866703033447,0.07224082946777344,37.09210538864136,2112.81618475914,0.3692951202392578,5040.0,5036.0,264.0,264.0,5040.0,5032.0,312.0,276.0,5032.0,5028.0,312.0,288.0,4838.0,4975.0,5112.0
2025-09-16 11:46:48,Who was the first ISP provider in Somalia?,CPU4,10.125875473022461,385.1332664489746,0.07200241088867188,40.544005393981934,1542.0735988616943,0.2882976531982422,5056.0,5056.0,240.0,196.0,5056.0,5056.0,240.0,196.0,5056.0,5056.0,240.0,196.0,4004.0,4004.0,4004.0
2025-09-16 11:46:50,What did Bell create in 1881?,CPU4,7.958650588989258,385.77866554260254,0.07343292236328125,35.35232591629028,1713.6288323402405,0.3261890411376953,5048.0,5044.0,256.0,232.0,5048.0,5044.0,256.0,232.0,5048.0,5044.0,256.0,232.0,4442.0,4442.0,4442.0
2025-09-16 11:46:51,What loyalists did Nasser target?,CPU4,9.059906005859375,434.4828128814697,0.07224082946777344,50.246238708496094,2100.941641688347,0.29799342155456543,5024.0,5020.0,376.0,328.0,5048.0,5034.0,376.0,268.0,5048.0,5048.0,248.0,208.0,5546.0,4835.5,4125.0
2025-09-16 11:46:52,When was the Massey conference held?,CPU4,6.730556488037109,381.81281089782715,0.4611015319824219,28.261606693267822,1603.2319929599762,1.9361653327941895,5048.0,5048.0,248.0,212.0,5048.0,5048.0,248.0,212.0,5048.0,5048.0,248.0,212.0,4199.0,4199.0,4199.0
2025-09-16 11:46:54,What did the fans used to be called?,CPU4,5.392551422119141,402.0099639892578,0.07343292236328125,26.74166250228882,1991.9593715667725,0.36356639862060547,5032.0,5032.0,288.0,276.0,5032.0,5032.0,288.0,274.0,5032.0,5032.0,280.0,272.0,4959.0,4955.0,4951.0
2025-09-16 11:46:55,For what have CTC students failed to qualify ?,CPU4,6.774663925170898,389.34326171875,0.0705718994140625,27.125754356384277,1558.930419921875,0.28256988525390625,5056.0,5056.0,240.0,196.0,5056.0,5056.0,240.0,196.0,5056.0,5056.0,240.0,196.0,4004.0,4004.0,4004.0
2025-09-16 11:46:57,How does the financial backing of students around the world differ?,CPU4,6.30497932434082,398.38314056396484,0.07152557373046875,28.51742148399353,1801.886944770813,0.32351016998291016,5040.0,5040.0,256.0,240.0,5040.0,5040.0,256.0,240.0,5040.0,5040.0,256.0,240.0,4523.0,4523.0,4523.0
2025-09-16 11:46:58,What was installed on the front of the console so the joystick could be used?,CPU4,8.663177490234375,423.33340644836426,0.07271766662597656,50.13380813598633,2046.8170201778412,0.282362699508667,5016.0,5016.0,400.0,344.0,5056.0,5036.0,400.0,266.0,5056.0,5056.0,240.0,188.0,5787.0,4835.0,3883.0
2025-09-16 11:46:59,Who played by their own rules till the 1890's?,CPU4,12.998104095458984,406.10766410827637,0.0705718994140625,55.111961364746094,1721.8964958190918,0.299224853515625,5048.0,5048.0,248.0,216.0,5048.0,5048.0,248.0,216.0,5048.0,5048.0,248.0,216.0,4240.0,4240.0,4240.0
2025-09-16 11:47:01,What political party established Ireland's assembly?,CPU4,9.20867919921875,419.62552070617676,0.07104873657226562,47.82067108154297,2036.862277507782,0.3207850456237793,5032.0,5028.0,320.0,296.0,5040.0,5034.0,320.0,268.0,5040.0,5040.0,256.0,240.0,5193.0,4854.0,4515.0
2025-09-16 11:47:02,Which parental figures often avoided the common familial rules?,CPU4,6.471157073974609,391.95799827575684,0.46181678771972656,26.43467664718628,1601.1484229564667,1.886521577835083,5048.0,5048.0,240.0,200.0,5048.0,5048.0,240.0,200.0,5048.0,5048.0,240.0,200.0,4085.0,4085.0,4085.0
2025-09-16 11:47:04,What did the 1912 exhiibtion of Cubism show?,CPU4,6.564617156982422,438.91096115112305,0.07414817810058594,30.702714443206787,2174.8038125038147,0.3880174160003662,5040.0,5040.0,256.0,252.0,5040.0,5032.0,328.0,276.0,5024.0,5024.0,328.0,300.0,4677.0,4955.0,5233.0
2025-09-16 11:47:05,Why can't Photo CDs work on any computer?,CPU4,7.120609283447266,430.1638603210449,0.07534027099609375,28.218974590301514,1704.739378452301,0.29857349395751953,5056.0,5056.0,240.0,192.0,5056.0,5056.0,240.0,192.0,5056.0,5056.0,240.0,192.0,3963.0,3963.0,3963.0
2025-09-16 11:47:07,What was reportedly the high value of of loot that the Ganj-i-Sawai had?,CPU4,6.905078887939453,405.2610397338867,0.07295608520507812,31.231671810150146,1832.9956827163696,0.32998037338256836,5048.0,5044.0,256.0,240.0,5048.0,5044.0,256.0,240.0,5048.0,5044.0,256.0,240.0,4523.0,4523.0,4523.0
2025-09-16 11:47:08,Who was Alais?,CPU4,11.66844367980957,399.90878105163574,0.07224082946777344,65.64666414260864,1925.560780763626,0.28925228118896484,5024.0,5020.0,384.0,332.0,5056.0,5036.0,384.0,264.0,5056.0,5052.0,240.0,196.0,5626.0,4815.0,4004.0
2025-09-16 11:47:09,What is one huge advantage to using the black-box method?,CPU4,6.916999816894531,395.496129989624,0.07104873657226562,29.044482231140137,1660.6882498264313,0.29833364486694336,5048.0,5048.0,248.0,212.0,5048.0,5048.0,248.0,212.0,5048.0,5048.0,248.0,212.0,4199.0,4199.0,4199.0
2025-09-16 11:47:11,What are lower lobes in the lungs often more affected by?,CPU4,8.664369583129883,398.4224796295166,0.46253204345703125,43.66842269897461,1975.7770764827728,2.2562313079833984,5032.0,5032.0,288.0,280.0,5032.0,5032.0,288.0,274.0,5032.0,5032.0,272.0,268.0,5040.0,4959.0,4878.0
2025-09-16 11:47:12,What ranks in the Song dynasty wore blue?,CPU4,6.646871566772461,391.82281494140625,0.07486343383789062,26.614073753356934,1568.8585510253906,0.29975318908691406,5056.0,5052.0,240.0,196.0,5056.0,5052.0,240.0,196.0,5056.0,5052.0,240.0,196.0,4004.0,4004.0,4004.0
2025-09-16 11:47:14,Korean Presbyterian denominations are the biggest missionary sender in the world after which country?,CPU4,7.422924041748047,444.5805549621582,0.07557868957519531,33.573885440826416,2220.457581758499,0.4131131172180176,5040.0,5040.0,256.0,240.0,5040.0,5030.0,368.0,282.0,5024.0,5020.0,368.0,324.0,4523.0,4994.5,5466.0
2025-09-16 11:47:15,The release of what electronic had a positive impact on Dell?,CPU4,10.422468185424805,434.7667694091797,0.4494190216064453,40.88734269142151,1705.590036392212,1.763070821762085,5056.0,5056.0,240.0,188.0,5056.0,5056.0,240.0,188.0,5056.0,5056.0,240.0,188.0,3923.0,3923.0,3923.0
2025-09-16 11:47:16,What event was caused by smaller herbivores in the area?,CPU4,6.93202018737793,386.9786262512207,0.07224082946777344,30.23054003715515,1687.6137890815735,0.31504225730895996,5048.0,5048.0,248.0,224.0,5048.0,5048.0,248.0,224.0,5048.0,5048.0,248.0,224.0,4361.0,4361.0,4361.0
2025-09-16 11:47:18,Where is corruption even more prevalent?,CPU4,8.677959442138672,402.65798568725586,0.0705718994140625,46.46179485321045,1972.2188138961792,0.3134803771972656,5024.0,5024.0,336.0,308.0,5040.0,5032.0,336.0,270.0,5040.0,5040.0,248.0,232.0,5354.0,4898.0,4442.0
2025-09-16 11:47:19,Which individuals usually approved charters for generals?,CPU4,6.715536117553711,411.03243827819824,0.07033348083496094,27.43296504020691,1679.0675103664398,0.28731226921081543,5048.0,5048.0,248.0,204.0,5048.0,5048.0,248.0,204.0,5048.0,5048.0,248.0,204.0,4085.0,4085.0,4085.0
2025-09-16 11:47:21,Who was king when the Magyars settled in Hungary?,CPU4,9.650945663452148,400.56824684143066,0.07128715515136719,46.30523729324341,1992.8270280361176,0.36727142333984375,5040.0,5036.0,264.0,264.0,5040.0,5032.0,320.0,280.0,5032.0,5028.0,320.0,296.0,4798.0,4975.0,5152.0
2025-09-16 11:47:22,Who won a victory at Boulogne-sur-Mer Harbour?,CPU4,5.594491958618164,447.02720642089844,0.07152557373046875,22.170971632003784,1771.5688190460205,0.28345584869384766,5056.0,5056.0,240.0,192.0,5056.0,5056.0,240.0,192.0,5056.0,5056.0,240.0,192.0,3963.0,3963.0,3963.0
2025-09-16 11:47:24,Where would a password typed on a seemingly authetic webpage be directed?,CPU4,8.842706680297852,422.08385467529297,0.0705718994140625,39.99556231498718,1909.08527469635,0.3191967010498047,5040.0,5040.0,256.0,236.0,5040.0,5040.0,256.0,236.0,5040.0,5040.0,256.0,236.0,4523.0,4523.0,4523.0
2025-09-16 11:47:25,What were common in new churches?,CPU4,10.024785995483398,415.85326194763184,0.4315376281738281,55.59746313095093,1960.5402034521103,1.6756606101989746,5024.0,5020.0,376.0,328.0,5056.0,5038.0,376.0,258.0,5056.0,5056.0,240.0,188.0,5546.0,4714.5,3883.0
2025-09-16 11:47:26,Approximately how many galleries of art are in New York City?,CPU4,8.889436721801758,467.51928329467773,0.4525184631347656,38.411256074905396,2020.1508231163025,1.9553322792053223,5048.0,5048.0,248.0,220.0,5048.0,5048.0,248.0,220.0,5048.0,5048.0,248.0,220.0,4321.0,4321.0,4321.0
2025-09-16 11:47:28,What names are used that are typically from  a father and have usually added a suffix or prefix ?,CPU4,9.432554244995117,415.271520614624,0.07319450378417969,51.17160677909851,2023.6181199550629,0.31627345085144043,5024.0,5020.0,352.0,316.0,5048.0,5034.0,352.0,268.0,5048.0,5048.0,248.0,220.0,5425.0,4873.0,4321.0
2025-09-16 11:47:29,What allows extensive vegitation to occur?,CPU4,7.656574249267578,433.321475982666,0.06866455078125,31.89728832244873,1805.2172689437866,0.2860565185546875,5048.0,5048.0,248.0,208.0,5048.0,5048.0,248.0,208.0,5048.0,5048.0,248.0,208.0,4166.0,4166.0,4166.0
2025-09-16 11:47:31,What was Charleston's unoriginal name?,CPU4,8.924245834350586,385.88476181030273,0.07176399230957031,44.18394112586975,1896.4306619167328,0.350064754486084,5032.0,5032.0,288.0,280.0,5032.0,5032.0,288.0,274.0,5032.0,5032.0,272.0,268.0,4951.0,4914.5,4878.0
2025-09-16 11:47:32,In which year was Pelayos proclaimed king?,CPU4,6.597042083740234,378.5872459411621,0.0705718994140625,26.4145565032959,1515.863332748413,0.28256988525390625,5056.0,5056.0,240.0,196.0,5056.0,5056.0,240.0,196.0,5056.0,5056.0,240.0,196.0,4004.0,4004.0,4004.0
2025-09-16 11:47:34,What text still remained without the type of thorough review that others texts had received by the 18th century?,CPU4,10.983705520629883,396.6362476348877,0.06985664367675781,48.78961992263794,1761.8582119941711,0.3103032112121582,5048.0,5044.0,256.0,236.0,5048.0,5044.0,256.0,236.0,5048.0,5044.0,256.0,236.0,4442.0,4442.0,4442.0
2025-09-16 11:47:35,According to UNICEF, what percentage of women in Guinea-Bissau had undergone female genital mutilation?,CPU4,8.771419525146484,399.3103504180908,0.0705718994140625,49.34800624847412,1930.6655442714691,0.28539276123046875,5016.0,5016.0,392.0,336.0,5048.0,5032.0,392.0,268.0,5048.0,5048.0,248.0,200.0,5626.0,4835.0,4044.0
2025-09-16 11:47:36,The Freemason embodiment of what country's values was seen as threatening by Continental authorities?,CPU4,12.198448181152344,391.0839557647705,0.44846534729003906,51.22128391265869,1642.1615302562714,1.883105993270874,5048.0,5048.0,248.0,212.0,5048.0,5048.0,248.0,212.0,5048.0,5048.0,248.0,212.0,4199.0,4199.0,4199.0
2025-09-16 11:47:38,What funding organization uses the IUCN's Classification of Direct Threats?,CPU4,6.90913200378418,418.93982887268066,0.07224082946777344,34.538750886917114,2060.55554831028,0.3495011329650879,5032.0,5032.0,288.0,280.0,5032.0,5032.0,288.0,272.0,5032.0,5032.0,272.0,264.0,4999.0,4918.5,4838.0
2025-09-16 11:47:39,The Byzantine began taking back territories during the last of what century?,CPU4,7.241249084472656,436.0966682434082,0.4763603210449219,28.993961334228516,1746.1310596466064,1.9073467254638672,5056.0,5056.0,240.0,196.0,5056.0,5056.0,240.0,196.0,5056.0,5056.0,240.0,196.0,4004.0,4004.0,4004.0
2025-09-16 11:47:41,When is the publication and data policy effective for new agreements?,CPU4,7.215976715087891,414.57414627075195,0.072479248046875,33.45326805114746,2062.2990906238556,0.3850822448730469,5040.0,5040.0,264.0,252.0,5040.0,5032.0,344.0,280.0,5024.0,5024.0,344.0,308.0,4636.0,4974.5,5313.0
2025-09-16 11:47:42,What countries prevented the Germans from joining the Munich Conference?,CPU4,8.960723876953125,409.5733165740967,0.07200241088867188,34.794490814208984,1590.3731882572174,0.2795853614807129,5056.0,5056.0,240.0,188.0,5056.0,5056.0,240.0,188.0,5056.0,5056.0,240.0,188.0,3883.0,3883.0,3883.0
2025-09-16 11:47:44,What is the name of the region that surrounds Boston?,CPU4,10.67495346069336,403.0642509460449,0.072479248046875,46.55347204208374,1757.763198375702,0.3160820007324219,5048.0,5048.0,248.0,224.0,5048.0,5048.0,248.0,224.0,5048.0,5048.0,248.0,224.0,4361.0,4361.0,4361.0
2025-09-16 11:47:45,What two fortifications distinguished the second Fort Hale built in New Haven during the Civil War?,CPU4,11.246442794799805,403.5356044769287,0.07271766662597656,60.213454723358154,1952.1034866571426,0.3142130374908447,5024.0,5024.0,336.0,308.0,5048.0,5036.0,336.0,264.0,5048.0,5048.0,248.0,220.0,5354.0,4837.5,4321.0
2025-09-16 11:47:46,Who did the court tell they had a requirement to bind territorial revisions?,CPU4,6.5326690673828125,451.7092704772949,0.06937980651855469,26.9472599029541,1863.3007407188416,0.2861917018890381,5048.0,5048.0,240.0,204.0,5048.0,5048.0,240.0,204.0,5048.0,5048.0,240.0,204.0,4125.0,4125.0,4125.0
2025-09-16 11:47:48,What percent of the budget goes towards public housing and urbanism projects?,CPU4,7.340192794799805,409.00254249572754,0.4620552062988281,36.634902238845825,2010.042995095253,2.2354230880737305,5032.0,5032.0,280.0,276.0,5032.0,5032.0,280.0,270.0,5032.0,5032.0,264.0,264.0,4991.0,4914.5,4838.0
2025-09-16 11:47:49,How high is Mt. Mitchell?,CPU4,8.758068084716797,449.660062789917,0.07224082946777344,35.41762733459473,1818.4252939224243,0.2921419143676758,5056.0,5052.0,240.0,196.0,5056.0,5052.0,240.0,196.0,5056.0,5052.0,240.0,196.0,4044.0,4044.0,4044.0
2025-09-16 11:47:51,In what city is the organic landwill that Redeem obtains its non-fracked methane biogas?,CPU4,9.114503860473633,448.0733871459961,0.07033348083496094,42.62853455543518,2211.2421655654907,0.36524176597595215,5040.0,5040.0,264.0,252.0,5040.0,5032.0,320.0,274.0,5024.0,5024.0,320.0,296.0,4677.0,4935.0,5193.0
2025-09-16 11:47:52,In 2007 the University of the Republic had a student body of how many people?,CPU4,7.153511047363281,423.4910011291504,0.07104873657226562,28.642658233642578,1695.6579685211182,0.28447914123535156,5056.0,5056.0,240.0,192.0,5056.0,5056.0,240.0,192.0,5056.0,5056.0,240.0,192.0,4004.0,4004.0,4004.0
2025-09-16 11:47:54,Who was elected governor of Tennessee in 2002?,CPU4,7.493734359741211,378.9994716644287,0.072479248046875,33.58691740036011,1698.6756319999695,0.32485198974609375,5040.0,5040.0,256.0,232.0,5040.0,5040.0,256.0,232.0,5040.0,5040.0,256.0,232.0,4482.0,4482.0,4482.0
2025-09-16 11:47:55,What did the law likely lead to?,CPU4,10.530710220336914,410.55750846862793,0.06937980651855469,58.824547290802,1985.2508322000504,0.2834165096282959,5016.0,5016.0,376.0,328.0,5048.0,5032.0,376.0,264.0,5048.0,5048.0,240.0,200.0,5586.0,4835.5,4085.0
2025-09-16 11:47:56,Along with the New York Rangers, what NHL franchise is based in New York?,CPU4,3.9184093475341797,509.29737091064453,0.07367134094238281,16.48082971572876,2142.104742050171,0.3098616600036621,5048.0,5048.0,248.0,212.0,5048.0,5048.0,248.0,212.0,5048.0,5048.0,248.0,212.0,4206.0,4206.0,4206.0
2025-09-16 11:47:58, Which Prussian ruler chose to go to war with France for control of Central Europe?,CPU4,7.658243179321289,429.54087257385254,0.07271766662597656,41.859957218170166,2161.020129919052,0.3342103958129883,5024.0,5024.0,352.0,316.0,5040.0,5032.0,352.0,280.0,5040.0,5040.0,256.0,244.0,5466.0,5031.0,4596.0
2025-09-16 11:47:59,What were Peshwas?,CPU4,15.593767166137695,383.41426849365234,0.07128715515136719,64.324289560318,1581.583857536316,0.29405951499938965,5048.0,5048.0,248.0,208.0,5048.0,5048.0,248.0,208.0,5048.0,5048.0,248.0,208.0,4125.0,4125.0,4125.0
2025-09-16 11:48:01,What percentage of people in Chihuahua live in cities?,CPU4,12.04681396484375,394.3321704864502,0.07081031799316406,57.80061340332031,1969.886357665062,0.367717981338501,5040.0,5036.0,264.0,264.0,5040.0,5032.0,320.0,280.0,5032.0,5028.0,320.0,296.0,4798.0,4995.5,5193.0
2025-09-16 11:48:02,What group did the crusaders who attacked Valencia belong to?,CPU4,9.22536849975586,387.4027729034424,0.06961822509765625,36.93837547302246,1551.1607027053833,0.2787513732910156,5056.0,5056.0,240.0,192.0,5056.0,5056.0,240.0,192.0,5056.0,5056.0,240.0,192.0,4004.0,4004.0,4004.0
2025-09-16 11:48:04,In what feature of management did the British invest heavily?,CPU4,10.764122009277344,409.6846580505371,0.45371055603027344,46.942336082458496,1786.6347937583923,1.9786317348480225,5048.0,5048.0,248.0,224.0,5048.0,5048.0,248.0,224.0,5048.0,5048.0,248.0,224.0,4361.0,4361.0,4361.0
2025-09-16 11:48:05,What did the a cappella organization founded in 1938 change its name to in 2004?,CPU4,9.229183197021484,501.4312267303467,0.07224082946777344,50.81588268280029,2433.1950277090073,0.30333924293518066,5016.0,5016.0,368.0,324.0,5048.0,5032.0,368.0,268.0,5048.0,5048.0,248.0,212.0,5506.0,4852.5,4199.0
2025-09-16 11:48:07,What is a term for kingship that has connotations of freedom?,CPU4,11.149168014526367,400.9687900543213,0.06985664367675781,49.06748843193054,1764.663645029068,0.30743908882141113,5048.0,5048.0,248.0,228.0,5048.0,5048.0,248.0,228.0,5048.0,5048.0,248.0,228.0,4401.0,4401.0,4401.0
2025-09-16 11:48:08,Along with Serbian, with what language is Macedonian mutually intelligible?,CPU4,7.639169692993164,462.874174118042,0.45561790466308594,40.281341791152954,2257.66878426075,2.042079448699951,5032.0,5028.0,328.0,304.0,5040.0,5034.0,328.0,268.0,5040.0,5040.0,248.0,232.0,5273.0,4877.5,4482.0
2025-09-16 11:48:09,What author of Robinson Crusoe also wrote a fictionalized account of the Great Plague of 1665?,CPU4,9.118795394897461,403.5458564758301,0.072479248046875,37.615031003952026,1664.626657962799,0.2989768981933594,5048.0,5048.0,248.0,208.0,5048.0,5048.0,248.0,208.0,5048.0,5048.0,248.0,208.0,4125.0,4125.0,4125.0
2025-09-16 11:48:11,How are no databases accessed?,CPU4,6.463766098022461,467.5745964050293,0.06961822509765625,31.530251026153564,2307.246845960617,0.34746456146240234,5032.0,5032.0,272.0,268.0,5032.0,5032.0,288.0,272.0,5032.0,5032.0,288.0,276.0,4878.0,4934.5,4991.0
2025-09-16 11:48:12,What common element do mosaic panels from the 11th century have?,CPU4,9.247064590454102,397.51338958740234,0.07152557373046875,37.39512920379639,1607.544147491455,0.2892494201660156,5056.0,5052.0,240.0,196.0,5056.0,5052.0,240.0,196.0,5056.0,5052.0,240.0,196.0,4044.0,4044.0,4044.0
2025-09-16 11:48:14,What is the average altitude of Taunton?,CPU4,10.559320449829102,407.75394439697266,0.06961822509765625,48.604552030563354,2036.3231983184814,0.3748941421508789,5040.0,5040.0,256.0,244.0,5040.0,5032.0,360.0,282.0,5024.0,5024.0,360.0,320.0,4603.0,4994.0,5385.0
2025-09-16 11:48:15,What type of degree were Thailand's technical colleges historically not allowed to confer?,CPU4,6.818532943725586,394.22106742858887,0.07081031799316406,26.749104738235474,1546.5292475223541,0.2777888774871826,5056.0,5056.0,240.0,192.0,5056.0,5056.0,240.0,192.0,5056.0,5056.0,240.0,192.0,3923.0,3923.0,3923.0
2025-09-16 11:48:17,Laws about antennas keep home owners' associations and city government from banning what?,CPU4,8.683204650878906,414.32666778564453,0.07152557373046875,37.16411590576172,1773.3181381225586,0.30612945556640625,5048.0,5048.0,248.0,220.0,5048.0,5048.0,248.0,220.0,5048.0,5048.0,248.0,220.0,4280.0,4280.0,4280.0
2025-09-16 11:48:18,How many slaves were freed in the american civil war?,CPU4,8.440494537353516,402.0261764526367,0.07390975952148438,44.84434747695923,1991.8386912345886,0.3396892547607422,5024.0,5024.0,328.0,304.0,5040.0,5032.0,328.0,276.0,5040.0,5040.0,256.0,248.0,5313.0,4954.5,4596.0
2025-09-16 11:48:19,Why are CD-G players not useful for karaoke?,CPU4,6.816387176513672,471.3587760925293,0.07176399230957031,27.84494161605835,1925.5006003379822,0.2931559085845947,5048.0,5048.0,248.0,204.0,5048.0,5048.0,248.0,204.0,5048.0,5048.0,248.0,204.0,4085.0,4085.0,4085.0
2025-09-16 11:48:21, What does IHDI2 stand for?,CPU4,5.2738189697265625,409.8961353302002,0.07152557373046875,25.89972496032715,2006.2366343736649,0.34890174865722656,5032.0,5032.0,272.0,272.0,5032.0,5032.0,280.0,272.0,5032.0,5032.0,280.0,272.0,4911.0,4894.5,4878.0
2025-09-16 11:48:22,Who first domesticated the guinea fowl ?,CPU4,8.221864700317383,404.524564743042,0.06985664367675781,32.9203462600708,1619.7163572311401,0.2797060012817383,5056.0,5052.0,240.0,196.0,5056.0,5052.0,240.0,196.0,5056.0,5052.0,240.0,196.0,4004.0,4004.0,4004.0
2025-09-16 11:48:24,Who did the spending benefit?,CPU4,7.920503616333008,384.7317695617676,0.07200241088867188,35.824437856674194,1740.1417937278748,0.3256669044494629,5040.0,5040.0,256.0,240.0,5040.0,5040.0,256.0,240.0,5040.0,5040.0,256.0,240.0,4523.0,4523.0,4523.0
2025-09-16 11:48:25,Who equated windos 8 as the first desktop operating system that understand what a computer is supposed to do?,CPU4,17.859458923339844,410.0377559661865,0.07200241088867188,99.76293754577637,1941.32375562191,0.2795853614807129,5024.0,5020.0,376.0,328.0,5056.0,5038.0,376.0,258.0,5056.0,5056.0,240.0,188.0,5586.0,4734.5,3883.0
2025-09-16 11:48:26,What changes did Microsoft make to its certification requirements in March 2013?,CPU4,7.416963577270508,392.55690574645996,0.0705718994140625,31.744604110717773,1680.1435565948486,0.3020477294921875,5048.0,5048.0,248.0,216.0,5048.0,5048.0,248.0,216.0,5048.0,5048.0,248.0,216.0,4280.0,4280.0,4280.0
2025-09-16 11:48:28,Who was noted for his complex improvisations?,CPU4,9.287834167480469,393.9030170440674,0.07128715515136719,47.479408264160156,1927.9583169221878,0.33341002464294434,5032.0,5032.0,304.0,288.0,5040.0,5036.0,304.0,270.0,5040.0,5040.0,256.0,252.0,5112.0,4894.5,4677.0
2025-09-16 11:48:29,What were the earliest priesthoods? ,CPU4,10.052204132080078,390.8569812774658,0.07152557373046875,40.651113510131836,1580.6256322860718,0.2892494201660156,5056.0,5052.0,240.0,200.0,5056.0,5052.0,240.0,200.0,5056.0,5052.0,240.0,200.0,4044.0,4044.0,4044.0
2025-09-16 11:48:31,Who directed the television documentary Royal Family in the late 1960s?,CPU4,8.330821990966797,393.13721656799316,0.06866455078125,38.2884578704834,1977.8733365535736,0.3753204345703125,5040.0,5040.0,256.0,244.0,5040.0,5032.0,360.0,282.0,5024.0,5024.0,360.0,320.0,4596.0,5031.0,5466.0
2025-09-16 11:48:32,The world's best selling celebrity perfume line belongs to whom?,CPU4,10.746479034423828,382.19213485717773,0.4513263702392578,42.15843725204468,1499.3397450447083,1.7705533504486084,5056.0,5056.0,240.0,188.0,5056.0,5056.0,240.0,188.0,5056.0,5056.0,240.0,188.0,3923.0,3923.0,3923.0
2025-09-16 11:48:34,What is the tenth most populous sub-national entity in Henan?,CPU4,7.519960403442383,407.1385860443115,1.4848709106445312,31.884632110595703,1726.2676048278809,6.2958526611328125,5048.0,5048.0,248.0,216.0,5048.0,5048.0,248.0,216.0,5048.0,5048.0,248.0,216.0,4240.0,4240.0,4240.0
2025-09-16 11:48:35,What allows users to easily sync data between an iPhone and a PC?,CPU4,7.823705673217773,396.20280265808105,0.07343292236328125,40.6285035610199,1939.2146176099777,0.3374977111816406,5032.0,5028.0,312.0,296.0,5040.0,5034.0,312.0,270.0,5040.0,5040.0,256.0,244.0,5193.0,4894.5,4596.0
2025-09-16 11:48:36,Why was South Korea important to the US?,CPU4,7.612466812133789,418.08128356933594,0.07009506225585938,30.784815788269043,1690.7207107543945,0.2834644317626953,5048.0,5048.0,240.0,200.0,5048.0,5048.0,240.0,200.0,5048.0,5048.0,240.0,200.0,4044.0,4044.0,4044.0
2025-09-16 11:48:38,Which tool is used in periods longer than a day?,CPU4,7.282257080078125,388.4272575378418,0.07319450378417969,34.05911636352539,1948.1569101810455,0.39188337326049805,5040.0,5040.0,264.0,256.0,5040.0,5032.0,344.0,282.0,5024.0,5024.0,344.0,308.0,4677.0,5015.5,5354.0
2025-09-16 11:48:39,What does 'chaetae' no longer mean?,CPU4,10.175466537475586,383.3649158477783,0.45371055603027344,39.918355226516724,1503.9405648708344,1.7799065113067627,5056.0,5056.0,240.0,192.0,5056.0,5056.0,240.0,192.0,5056.0,5056.0,240.0,192.0,3923.0,3923.0,3923.0
2025-09-16 11:48:41,Where is the Gothic style expressed least strongly?,CPU4,7.048130035400391,389.4085884094238,0.07367134094238281,30.454969882965088,1682.6345105171204,0.31833386421203613,5048.0,5048.0,248.0,220.0,5048.0,5048.0,248.0,220.0,5048.0,5048.0,248.0,220.0,4321.0,4321.0,4321.0
2025-09-16 11:48:42,How long did the trial diet last?,CPU4,7.074832916259766,412.9059314727783,0.06937980651855469,37.02260065078735,2037.4843188524246,0.32164478302001953,5024.0,5024.0,320.0,296.0,5040.0,5032.0,320.0,270.0,5040.0,5040.0,256.0,244.0,5233.0,4934.5,4636.0
2025-09-16 11:48:43,Outside of France, where are the other three branches of the Sorbonne library located?,CPU4,7.06171989440918,438.5390281677246,0.06866455078125,28.8471257686615,1791.431930065155,0.28049468994140625,5048.0,5048.0,240.0,200.0,5048.0,5048.0,240.0,200.0,5048.0,5048.0,240.0,200.0,4085.0,4085.0,4085.0
2025-09-16 11:48:45,What is the meaning of Islamic education?,CPU4,7.503509521484375,415.2247905731201,0.07128715515136719,36.301979064941406,2057.43883728981,0.3615684509277344,5032.0,5032.0,264.0,264.0,5032.0,5030.0,304.0,274.0,5032.0,5028.0,304.0,284.0,4838.0,4955.0,5072.0
2025-09-16 11:48:46,Huge much light does a 13 W compact fluorescent lamp produce equivalent to a incandescent light bulb.,CPU4,11.94310188293457,399.05643463134766,0.07605552673339844,47.82017993927002,1597.821964263916,0.30452632904052734,5056.0,5056.0,240.0,196.0,5056.0,5056.0,240.0,196.0,5056.0,5056.0,240.0,196.0,4004.0,4004.0,4004.0
2025-09-16 11:48:48,Which friend received the letter in which Chopin referenced Liszt?,CPU4,7.811307907104492,422.2831726074219,0.07390975952148438,35.010282039642334,1892.6731796264648,0.33126354217529297,5048.0,5044.0,256.0,236.0,5048.0,5044.0,256.0,236.0,5048.0,5044.0,256.0,236.0,4482.0,4482.0,4482.0
2025-09-16 11:48:49,Who was permitted to have official relationships with whites?,CPU4,6.005764007568359,394.0770626068115,0.07224082946777344,33.548197746276855,1865.7578529119492,0.28051114082336426,5024.0,5020.0,384.0,332.0,5056.0,5038.0,384.0,260.0,5056.0,5056.0,240.0,188.0,5586.0,4734.5,3883.0
2025-09-16 11:48:50,What worms are very slow to retreat from danger?,CPU4,7.303953170776367,386.1069679260254,0.07319450378417969,30.669299364089966,1621.2631583213806,0.3073437213897705,5048.0,5048.0,248.0,216.0,5048.0,5048.0,248.0,216.0,5048.0,5048.0,248.0,216.0,4199.0,4199.0,4199.0
2025-09-16 11:48:52,Which two companies provide internet and data transport to Alaska?,CPU4,6.658792495727539,384.9928379058838,0.07271766662597656,33.23403334617615,1884.3474451303482,0.34889936447143555,5032.0,5032.0,288.0,276.0,5032.0,5032.0,288.0,270.0,5032.0,5032.0,272.0,264.0,4991.0,4894.5,4798.0
2025-09-16 11:48:53,What award did both Luís Figo and Cristiano Ronaldo win?,CPU4,7.317066192626953,399.3091583251953,0.072479248046875,28.997533321380615,1582.462194442749,0.2872352600097656,5056.0,5056.0,240.0,196.0,5056.0,5056.0,240.0,196.0,5056.0,5056.0,240.0,196.0,3963.0,3963.0,3963.0
2025-09-16 11:48:55,How many children speak French?,CPU4,7.27534294128418,445.91641426086426,0.11038780212402344,32.60808706283569,2226.906572818756,0.607795238494873,5040.0,5040.0,256.0,236.0,5040.0,5030.0,368.0,280.0,5024.0,5020.0,368.0,324.0,4482.0,4994.0,5506.0
2025-09-16 11:48:56,What isn't uranium's symbol on the Periodic Table of Elements?,CPU4,10.586261749267578,456.756591796875,0.4634857177734375,41.52990484237671,1791.8561096191406,1.8182544708251953,5056.0,5056.0,240.0,188.0,5056.0,5056.0,240.0,188.0,5056.0,5056.0,240.0,188.0,3923.0,3923.0,3923.0
2025-09-16 11:48:58,What did the soldiers rebel against in the Indian Rebellion of 1857?,CPU4,6.744146347045898,389.02735710144043,0.07319450378417969,29.411222219467163,1696.5483043193817,0.3192012310028076,5048.0,5044.0,248.0,224.0,5048.0,5044.0,248.0,224.0,5048.0,5044.0,248.0,224.0,4361.0,4361.0,4361.0
2025-09-16 11:48:59,How much in farming subsidies did Eton receive in 2012?,CPU4,6.889104843139648,461.02046966552734,0.07390975952148438,36.88426733016968,2248.6273407936096,0.32527685165405273,5024.0,5024.0,336.0,308.0,5048.0,5034.0,336.0,266.0,5048.0,5044.0,248.0,224.0,5354.0,4877.5,4401.0
2025-09-16 11:49:00,In what year did Hungary gain independence?,CPU4,12.029886245727539,436.83409690856934,0.4324913024902344,50.032296895980835,1816.7930090427399,1.7987313270568848,5048.0,5048.0,248.0,212.0,5048.0,5048.0,248.0,212.0,5048.0,5048.0,248.0,212.0,4159.0,4159.0,4159.0
2025-09-16 11:49:02,Bottom Up Testing helps facilitate the testing of what?,CPU4,7.983207702636719,387.8748416900635,0.07414817810058594,41.129486083984375,1906.210909485817,0.34679102897644043,5032.0,5028.0,312.0,292.0,5040.0,5034.0,312.0,272.0,5040.0,5040.0,256.0,252.0,5152.0,4914.5,4677.0
2025-09-16 11:49:03,What did Nintendo use instead of the word console?,CPU4,12.588024139404297,383.0850124359131,0.0705718994140625,50.402448654174805,1533.872389793396,0.28256988525390625,5056.0,5052.0,240.0,196.0,5056.0,5052.0,240.0,196.0,5056.0,5052.0,240.0,196.0,4004.0,4004.0,4004.0
2025-09-16 11:49:05,What magazine was determined as one of the best places to work in 2009?,CPU4,8.531570434570312,398.6704349517822,0.07009506225585938,38.929555892944336,1999.132896065712,0.38313961029052734,5040.0,5040.0,256.0,244.0,5040.0,5030.0,368.0,282.0,5024.0,5020.0,368.0,320.0,4563.0,5014.5,5466.0
2025-09-16 11:49:06,What group of people never came with others who left the geographical and historical region in southeastern Europe, now a mutual region between Greece and Albania ?,CPU4,7.625341415405273,405.73620796203613,0.072479248046875,41.680116176605225,1896.613904118538,0.2814369201660156,5024.0,5020.0,368.0,320.0,5056.0,5038.0,368.0,254.0,5056.0,5056.0,240.0,188.0,5466.0,4674.5,3883.0
2025-09-16 11:49:08,What region has no mention?,CPU4,3.9520263671875,393.04447174072266,0.07128715515136719,16.9146728515625,1682.230339050293,0.30510902404785156,5048.0,5048.0,248.0,220.0,5048.0,5048.0,248.0,220.0,5048.0,5048.0,248.0,220.0,4280.0,4280.0,4280.0
2025-09-16 11:49:09,Which type of power is vested in Congress?,CPU4,6.593942642211914,440.27185440063477,0.45180320739746094,33.97199249267578,2145.885018348694,2.0764875411987305,5032.0,5032.0,312.0,292.0,5040.0,5036.0,312.0,268.0,5040.0,5040.0,256.0,244.0,5152.0,4874.0,4596.0
2025-09-16 11:49:10,What kind of customers does Dell provide support to for minor outages?,CPU4,7.656574249267578,410.69650650024414,0.07176399230957031,31.58336877822876,1694.123089313507,0.29602646827697754,5048.0,5048.0,248.0,204.0,5048.0,5048.0,248.0,204.0,5048.0,5048.0,248.0,204.0,4125.0,4125.0,4125.0
2025-09-16 11:49:12,t large community of Cork has its own quarter and a synagogue?,CPU4,10.85042953491211,390.3040885925293,0.072479248046875,52.0603609085083,1949.76407456398,0.3763847351074219,5040.0,5036.0,264.0,260.0,5040.0,5032.0,320.0,278.0,5032.0,5028.0,320.0,296.0,4798.0,4995.5,5193.0
2025-09-16 11:49:13,What anniversary did Epic Comics celebrate in 1986?,CPU4,9.177923202514648,392.48085021972656,0.4527568817138672,36.37210965156555,1555.4016094207764,1.7942755222320557,5056.0,5056.0,240.0,192.0,5056.0,5056.0,240.0,192.0,5056.0,5056.0,240.0,192.0,3963.0,3963.0,3963.0
2025-09-16 11:49:15,Napoleon III was removed to form what?,CPU4,9.432554244995117,396.9700336456299,0.07152557373046875,41.135369062423706,1731.186316728592,0.3119230270385742,5048.0,5048.0,248.0,224.0,5048.0,5048.0,248.0,224.0,5048.0,5048.0,248.0,224.0,4361.0,4361.0,4361.0
2025-09-16 11:49:16,What are there 16,777,126 of?,CPU4,8.364439010620117,403.05566787719727,0.07271766662597656,45.11778402328491,1941.5191521644592,0.3083229064941406,5024.0,5024.0,344.0,312.0,5048.0,5036.0,344.0,264.0,5048.0,5048.0,248.0,216.0,5394.0,4817.0,4240.0
2025-09-16 11:49:17,When was the sport of fighting chickens stopped?,CPU4,7.282018661499023,451.24363899230957,0.0705718994140625,30.03832697868347,1861.380010843277,0.2911090850830078,5048.0,5048.0,248.0,208.0,5048.0,5048.0,248.0,208.0,5048.0,5048.0,248.0,208.0,4125.0,4125.0,4125.0
2025-09-16 11:49:19,What well-established democracies have a clear understanding of role of law?,CPU4,7.262468338012695,411.85641288757324,0.07104873657226562,36.24697947502136,2015.8312128782272,0.34089183807373047,5032.0,5032.0,288.0,280.0,5032.0,5032.0,288.0,270.0,5032.0,5032.0,264.0,260.0,4991.0,4894.5,4798.0
2025-09-16 11:49:20,Who conquered Panormos and briefly turned it into a Greek colony?,CPU4,12.363910675048828,389.387845993042,0.06985664367675781,49.99965476989746,1574.6844491958618,0.2825002670288086,5056.0,5056.0,240.0,196.0,5056.0,5056.0,240.0,196.0,5056.0,5056.0,240.0,196.0,4044.0,4044.0,4044.0
2025-09-16 11:49:22,What other technology does YouTube use besides WebM and H.642/MPEG-4 VAC?,CPU4,7.948637008666992,418.8580513000488,0.07176399230957031,36.269630670547485,2091.777108192444,0.38931965827941895,5040.0,5040.0,256.0,240.0,5040.0,5030.0,360.0,280.0,5024.0,5020.0,360.0,320.0,4563.0,4994.0,5425.0
2025-09-16 11:49:23,In what nation did the University Revolution occur?,CPU4,7.162332534790039,389.47200775146484,0.4553794860839844,28.097830533981323,1527.8986864089966,1.7864537239074707,5056.0,5056.0,240.0,188.0,5056.0,5056.0,240.0,188.0,5056.0,5056.0,240.0,188.0,3923.0,3923.0,3923.0
2025-09-16 11:49:25,What was put in the temple of Vesta?,CPU4,7.427692413330078,422.5583076477051,0.07414817810058594,31.49341583251953,1791.6472244262695,0.3143882751464844,5048.0,5048.0,248.0,216.0,5048.0,5048.0,248.0,216.0,5048.0,5048.0,248.0,216.0,4240.0,4240.0,4240.0
2025-09-16 11:49:26,Which other group besides the perpetrator did Kakar argue the definition of criterion should include any group defined by?,CPU4,10.027885437011719,450.01864433288574,0.06985664367675781,54.09041404724121,2231.417447924614,0.3159615993499756,5024.0,5024.0,344.0,312.0,5040.0,5032.0,344.0,274.0,5040.0,5040.0,256.0,236.0,5394.0,4958.5,4523.0
2025-09-16 11:49:27,What was broadcast on radio in 1983?,CPU4,7.6541900634765625,415.91954231262207,0.07104873657226562,31.57353401184082,1715.668112039566,0.2930760383605957,5048.0,5048.0,248.0,208.0,5048.0,5048.0,248.0,208.0,5048.0,5048.0,248.0,208.0,4125.0,4125.0,4125.0
2025-09-16 11:49:29,What is the only absorbed dietary zinc compound?,CPU4,8.93092155456543,412.4610424041748,0.07295608520507812,44.64567685127258,2159.8522485494614,0.39936161041259766,5032.0,5032.0,280.0,276.0,5032.0,5028.0,336.0,294.0,5024.0,5024.0,336.0,312.0,4999.0,5236.5,5474.0
2025-09-16 11:49:30,How many feet above sea level is the highest point of the Saxue Mountains?,CPU4,6.596803665161133,427.6232719421387,0.07009506225585938,27.970447540283203,1813.122673034668,0.29720306396484375,5048.0,5048.0,256.0,212.0,5048.0,5048.0,256.0,212.0,5048.0,5048.0,256.0,212.0,4240.0,4240.0,4240.0
2025-09-16 11:49:32,What is the largest denomination of the entire Ireland Island?,CPU4,10.241270065307617,403.8841724395752,0.06556510925292969,52.435302734375,2202.5823343992233,0.3794252872467041,5032.0,5032.0,280.0,276.0,5032.0,5024.0,392.0,308.0,5016.0,5016.0,392.0,340.0,5120.0,5453.5,5787.0
2025-09-16 11:49:33,How many planes were in the U.S. 3rd Fleet?,CPU4,12.131452560424805,386.2783908843994,0.07009506225585938,70.20471596717834,1922.3144122362137,0.29201602935791016,5016.0,5016.0,392.0,340.0,5056.0,5034.0,392.0,272.0,5056.0,5052.0,248.0,204.0,5787.0,4976.5,4166.0
2025-09-16 11:49:35,Which of Darwin's written works has more in depth information about sexual selection?,CPU4,10.609865188598633,409.32488441467285,0.07081031799316406,46.69401669502258,1801.4388163089752,0.31163620948791504,5048.0,5048.0,256.0,228.0,5048.0,5048.0,256.0,228.0,5048.0,5048.0,256.0,228.0,4401.0,4401.0,4401.0
2025-09-16 11:49:36,How did Gaddafi believe the Israel-Palestine conflict should be resolved?,CPU4,11.118412017822266,423.15006256103516,0.07319450378417969,58.182650089263916,2088.033983707428,0.33932971954345703,5032.0,5028.0,320.0,300.0,5040.0,5034.0,320.0,274.0,5040.0,5040.0,256.0,248.0,5233.0,4934.5,4636.0
2025-09-16 11:49:37,What cause wives to be unable to move to the US with their Chinese husbands after 1882?,CPU4,7.921695709228516,416.78810119628906,0.07295608520507812,32.360126972198486,1702.5793933868408,0.29802560806274414,5048.0,5048.0,240.0,200.0,5048.0,5048.0,240.0,200.0,5048.0,5048.0,240.0,200.0,4085.0,4085.0,4085.0
2025-09-16 11:49:39,Mahayana aspires to Buddhahood through what path?,CPU4,6.110191345214844,413.4650230407715,0.07104873657226562,29.06618022918701,2073.527090549469,0.37463998794555664,5040.0,5036.0,264.0,260.0,5040.0,5032.0,328.0,280.0,5032.0,5028.0,328.0,300.0,4757.0,5015.0,5273.0
2025-09-16 11:49:40,How are Freemasons asked to leave a lodge?,CPU4,8.208751678466797,384.1574192047119,0.0782012939453125,33.532750606536865,1569.2830574512482,0.31945228576660156,5056.0,5052.0,240.0,200.0,5056.0,5052.0,240.0,200.0,5056.0,5052.0,240.0,200.0,4085.0,4085.0,4085.0
2025-09-16 11:49:42,In 1990 which party had most of the election victories?,CPU4,11.222600936889648,684.495210647583,0.07176399230957031,50.299697399139404,3690.11368060112,0.45211315155029297,5048.0,5048.0,256.0,232.0,5048.0,5030.0,464.0,308.0,5016.0,5012.0,464.0,384.0,4482.0,5391.0,6300.0
2025-09-16 11:49:43,How long were swift boats?,CPU4,8.489608764648438,394.4706916809082,0.07128715515136719,36.6835994720459,1704.5078587532043,0.3080317974090576,5048.0,5048.0,256.0,220.0,5048.0,5048.0,256.0,220.0,5048.0,5048.0,256.0,220.0,4321.0,4321.0,4321.0
2025-09-16 11:49:45,What did John Locke base his governance philosphy in?,CPU4,8.26883316040039,391.94297790527344,0.06556510925292969,37.73068571090698,1973.2369222640991,0.36100149154663086,5040.0,5040.0,256.0,244.0,5040.0,5032.0,368.0,284.0,5024.0,5024.0,368.0,324.0,4563.0,5034.5,5506.0
2025-09-16 11:49:46,The Ilkhans and Tumrids had what type of culture when ruling Iran?,CPU4,6.896495819091797,381.58512115478516,0.07462501525878906,37.972105979919434,1798.9830536842346,0.2927539348602295,5024.0,5024.0,368.0,324.0,5056.0,5040.0,368.0,256.0,5056.0,5056.0,240.0,188.0,5506.0,4714.5,3923.0
2025-09-16 11:49:48,When did MOSFETs become widely available?,CPU4,6.911039352416992,426.771879196167,0.5271434783935547,29.01945424079895,1792.0151207447052,2.213475465774536,5048.0,5048.0,248.0,212.0,5048.0,5048.0,248.0,212.0,5048.0,5048.0,248.0,212.0,4199.0,4199.0,4199.0
2025-09-16 11:49:49,What may present visible or distracting artifacts?,CPU4,6.423234939575195,438.3673667907715,0.06818771362304688,32.8355770111084,2136.60254573822,0.3161182403564453,5032.0,5028.0,304.0,288.0,5040.0,5034.0,304.0,268.0,5040.0,5040.0,256.0,248.0,5112.0,4874.0,4636.0
2025-09-16 11:49:50,What populations did not have autonomy?,CPU4,13.597965240478516,427.4098873138428,0.07319450378417969,57.750558376312256,1815.2097914218903,0.31085705757141113,5048.0,5048.0,248.0,212.0,5048.0,5048.0,248.0,212.0,5048.0,5048.0,248.0,212.0,4247.0,4247.0,4247.0
2025-09-16 11:49:52,What are the Presidio and Mission considered today?,CPU4,7.319927215576172,425.70972442626953,0.07176399230957031,35.706604957580566,2100.664635181427,0.35817408561706543,5040.0,5036.0,272.0,268.0,5040.0,5034.0,288.0,272.0,5032.0,5032.0,288.0,276.0,4878.0,4934.5,4991.0
2025-09-16 11:49:53,How many residents were killed in Beichuan County?,CPU4,9.129524230957031,427.0930290222168,0.07295608520507812,36.55461502075195,1710.080488204956,0.2921161651611328,5056.0,5056.0,240.0,196.0,5056.0,5056.0,240.0,196.0,5056.0,5056.0,240.0,196.0,4004.0,4004.0,4004.0
2025-09-16 11:49:55,Vertical installation is done by bending the leads what degrees?,CPU4,8.510112762451172,385.93173027038574,0.07295608520507812,38.49124002456665,1745.5692160129547,0.32998037338256836,5040.0,5040.0,256.0,240.0,5040.0,5040.0,256.0,240.0,5040.0,5040.0,256.0,240.0,4523.0,4523.0,4523.0
2025-09-16 11:49:56,What animal byproduct was imported to Plymouth in the 19th century?,CPU4,6.762266159057617,373.52585792541504,0.07104873657226562,37.77401876449585,1768.4581743478775,0.2758822441101074,5024.0,5020.0,384.0,332.0,5056.0,5038.0,384.0,260.0,5056.0,5056.0,240.0,188.0,5586.0,4734.5,3883.0
2025-09-16 11:49:58,If people have more daylight in the evenings, what season might see a rise in outdoor activity?,CPU4,6.192922592163086,402.5909900665283,0.4334449768066406,25.54580569267273,1660.6878340244293,1.7879605293273926,5048.0,5048.0,240.0,204.0,5048.0,5048.0,240.0,204.0,5048.0,5048.0,240.0,204.0,4125.0,4125.0,4125.0
2025-09-16 11:49:59,What treaty did Stalin and China enter into?,CPU4,8.748769760131836,395.2901363372803,0.07009506225585938,43.385149240493774,1920.3194823265076,0.33344221115112305,5032.0,5032.0,288.0,276.0,5032.0,5032.0,288.0,266.0,5032.0,5032.0,256.0,256.0,4959.0,4858.0,4757.0
2025-09-16 11:50:00,What type of worldview did New York's no wave movement tend to have?,CPU4,8.516073226928711,389.8625373840332,0.07152557373046875,34.09835720062256,1561.009599685669,0.2863883972167969,5056.0,5056.0,240.0,196.0,5056.0,5056.0,240.0,196.0,5056.0,5056.0,240.0,196.0,4004.0,4004.0,4004.0
2025-09-16 11:50:02,What did the Chinese get paid for their goods?,CPU4,8.697271347045898,401.3686180114746,0.431060791015625,38.63327932357788,1782.8794012069702,1.9147720336914062,5040.0,5040.0,256.0,236.0,5040.0,5040.0,256.0,236.0,5040.0,5040.0,256.0,236.0,4442.0,4442.0,4442.0
2025-09-16 11:50:03,How many men from NC joined the continental army?,CPU4,8.341312408447266,428.65467071533203,0.07343292236328125,46.260918617248535,2020.8924450874329,0.2851400375366211,5024.0,5020.0,376.0,328.0,5056.0,5038.0,376.0,258.0,5056.0,5056.0,240.0,188.0,5546.0,4714.5,3883.0
2025-09-16 11:50:05,What factor forced the French to retreat to Metz?,CPU4,12.876033782958984,396.8515396118164,0.07104873657226562,54.594383239746094,1682.6505279541016,0.30124664306640625,5048.0,5048.0,248.0,216.0,5048.0,5048.0,248.0,216.0,5048.0,5048.0,248.0,216.0,4240.0,4240.0,4240.0
2025-09-16 11:50:06,What are two available sources of vacuum on a moving airplane?,CPU4,7.762670516967773,400.44188499450684,0.07295608520507812,40.31154799461365,1967.9716438055038,0.3382244110107422,5032.0,5028.0,320.0,296.0,5040.0,5034.0,320.0,270.0,5040.0,5040.0,256.0,244.0,5193.0,4914.5,4636.0
2025-09-16 11:50:07,What isn't the object identified with Neptune's trailing L5 Lagrangian point?,CPU4,8.515357971191406,406.76331520080566,0.07176399230957031,36.1647253036499,1727.5237996578217,0.3047816753387451,5048.0,5048.0,248.0,212.0,5048.0,5048.0,248.0,212.0,5048.0,5048.0,248.0,212.0,4247.0,4247.0,4247.0
2025-09-16 11:50:09,Why did Burke say he acquiesced to his constituents?,CPU4,6.692409515380859,434.92650985717773,0.07557868957519531,32.64557361602783,2301.848553419113,0.43132758140563965,5040.0,5036.0,264.0,264.0,5040.0,5026.0,376.0,298.0,5016.0,5016.0,376.0,332.0,4878.0,5292.5,5707.0
2025-09-16 11:50:10,What was the nickname revel leader Daxi Dynasty?,CPU4,7.698774337768555,426.3110160827637,0.07200241088867188,35.75310802459717,1979.7883586883545,0.3343791961669922,5048.0,5044.0,272.0,232.0,5048.0,5044.0,272.0,232.0,5048.0,5044.0,272.0,232.0,4644.0,4644.0,4644.0
2025-09-16 11:50:12,Together how records have they sold ?,CPU4,9.513378143310547,392.78197288513184,0.07367134094238281,44.49406957626343,1837.0412871837616,0.3445608615875244,5040.0,5040.0,264.0,248.0,5040.0,5040.0,264.0,248.0,5040.0,5040.0,264.0,248.0,4677.0,4677.0,4677.0
2025-09-16 11:50:13,What religious scripture can be fit into a large, loose definition of legal literature?,CPU4,7.0323944091796875,434.6942901611328,0.07295608520507812,39.85257911682129,2110.6581258773804,0.29503440856933594,5024.0,5020.0,392.0,340.0,5056.0,5036.0,392.0,268.0,5056.0,5052.0,240.0,196.0,5667.0,4855.5,4044.0
2025-09-16 11:50:15,Which kingdom did the Han conquer in 109 BC?,CPU4,8.701562881469727,425.4264831542969,0.07033348083496094,38.29557824134827,1872.3019523620605,0.3095376491546631,5048.0,5048.0,256.0,228.0,5048.0,5048.0,256.0,228.0,5048.0,5048.0,256.0,228.0,4401.0,4401.0,4401.0
2025-09-16 11:50:16,Which system was demonstrated in the UK for the first time in 1981?,CPU4,5.059242248535156,444.49353218078613,0.45418739318847656,26.475014686584473,2238.2471812963486,2.1973586082458496,5032.0,5028.0,320.0,300.0,5032.0,5030.0,320.0,278.0,5032.0,5032.0,264.0,256.0,5233.0,5035.5,4838.0
2025-09-16 11:50:17,What popular color was imported from France in the 18th century?,CPU4,9.381294250488281,435.98198890686035,0.07271766662597656,38.69783878326416,1798.425704240799,0.2999603748321533,5048.0,5048.0,248.0,204.0,5048.0,5048.0,248.0,204.0,5048.0,5048.0,248.0,204.0,4125.0,4125.0,4125.0
2025-09-16 11:50:19,Who was born in a northeastern part of India/,CPU4,5.255699157714844,439.97836112976074,0.07152557373046875,25.427072525024414,2188.8923466205597,0.36563873291015625,5040.0,5036.0,264.0,264.0,5040.0,5034.0,312.0,276.0,5032.0,5032.0,312.0,288.0,4838.0,4975.0,5112.0
2025-09-16 11:50:20,Houston's geology was formed from river deposits from the erosion of what mountains?,CPU4,9.046077728271484,414.81900215148926,0.06961822509765625,36.22049522399902,1660.935284614563,0.2787513732910156,5056.0,5056.0,240.0,196.0,5056.0,5056.0,240.0,196.0,5056.0,5056.0,240.0,196.0,4004.0,4004.0,4004.0
2025-09-16 11:50:22,What were some of the original Australian department stores? ,CPU4,12.414693832397461,399.9330997467041,0.06413459777832031,55.64265775680542,1997.2659001350403,0.35312509536743164,5040.0,5040.0,256.0,240.0,5040.0,5030.0,368.0,282.0,5024.0,5020.0,368.0,324.0,4482.0,4994.0,5506.0
2025-09-16 11:50:23,What is another word for tremolo?,CPU4,6.73985481262207,418.41888427734375,0.12278556823730469,37.10964059829712,1955.6898651123047,0.4717421531677246,5024.0,5020.0,368.0,324.0,5056.0,5038.0,368.0,256.0,5056.0,5056.0,240.0,188.0,5506.0,4674.0,3842.0
2025-09-16 11:50:25,What year did the American Revolutionary War take place?,CPU4,7.442474365234375,420.92227935791016,0.48732757568359375,31.55609130859375,1784.710464477539,2.0662689208984375,5048.0,5048.0,248.0,216.0,5048.0,5048.0,248.0,216.0,5048.0,5048.0,248.0,216.0,4240.0,4240.0,4240.0
2025-09-16 11:50:26,What Italian city experienced a popular revolt?,CPU4,12.181282043457031,403.0008316040039,0.4780292510986328,66.19308662414551,2012.9891538619995,2.177901268005371,5024.0,5024.0,352.0,316.0,5040.0,5032.0,352.0,278.0,5040.0,5040.0,256.0,240.0,5434.0,4995.0,4556.0
2025-09-16 11:50:27,How long does the infection process take?,CPU4,6.369352340698242,439.96143341064453,0.07176399230957031,26.01880431175232,1797.242455482483,0.2931559085845947,5048.0,5048.0,240.0,200.0,5048.0,5048.0,240.0,200.0,5048.0,5048.0,240.0,200.0,4085.0,4085.0,4085.0
2025-09-16 11:50:29,Where can financial relationships between Medicaid, Medicare and pharmaceutical companies be found?,CPU4,6.683826446533203,423.47097396850586,0.07081031799316406,31.794962406158447,2047.0586881637573,0.3477494716644287,5040.0,5036.0,264.0,264.0,5040.0,5034.0,288.0,270.0,5032.0,5032.0,288.0,276.0,4757.0,4834.0,4911.0
2025-09-16 11:50:30,Where are most semiconductor devices found?,CPU4,6.775379180908203,391.93058013916016,0.07128715515136719,26.85082769393921,1553.2208890914917,0.28251099586486816,5056.0,5056.0,240.0,192.0,5056.0,5056.0,240.0,192.0,5056.0,5056.0,240.0,192.0,3963.0,3963.0,3963.0
2025-09-16 11:50:32,What is the age limit on the Olympic men's tournament? ,CPU4,8.314371109008789,382.5564384460449,0.06985664367675781,36.93243646621704,1699.3156995773315,0.3103032112121582,5048.0,5044.0,256.0,232.0,5048.0,5044.0,256.0,232.0,5048.0,5044.0,256.0,232.0,4442.0,4442.0,4442.0
2025-09-16 11:50:33,What kind of picture writing followed cuneiform?,CPU4,11.900186538696289,422.20354080200195,0.06937980651855469,65.99843454360962,2016.0219073295593,0.27779674530029297,5024.0,5020.0,376.0,328.0,5048.0,5034.0,376.0,262.0,5048.0,5048.0,240.0,196.0,5546.0,4775.0,4004.0
2025-09-16 11:50:35,What period do Italian historians not believe came immediately after the High Period of the Middle Ages?,CPU4,7.26771354675293,416.3236618041992,0.06937980651855469,30.51712918281555,1748.1430559158325,0.29132580757141113,5048.0,5048.0,248.0,212.0,5048.0,5048.0,248.0,212.0,5048.0,5048.0,248.0,212.0,4199.0,4199.0,4199.0
2025-09-16 11:50:36,Who did Beyonce donate the money to earned from her shows?,CPU4,7.173776626586914,441.4646625518799,0.07033348083496094,36.38539505004883,2151.9194976091385,0.3289496898651123,5032.0,5032.0,304.0,288.0,5040.0,5036.0,304.0,270.0,5040.0,5040.0,256.0,252.0,5072.0,4874.5,4677.0
2025-09-16 11:50:37,How did the Stuxnet worm infect industrial equipment?,CPU4,7.623195648193359,410.4900360107422,0.07414817810058594,30.828203201293945,1660.0217056274414,0.29985523223876953,5048.0,5048.0,240.0,200.0,5048.0,5048.0,240.0,200.0,5048.0,5048.0,240.0,200.0,4044.0,4044.0,4044.0
2025-09-16 11:50:39,The names of many properties near Atlantic City are used in which popular board game?,CPU4,6.815671920776367,422.4069118499756,0.4534721374511719,31.87689757347107,2084.5781099796295,2.3548808097839355,5040.0,5040.0,264.0,252.0,5040.0,5032.0,328.0,276.0,5024.0,5024.0,328.0,300.0,4677.0,4935.0,5193.0
2025-09-16 11:50:40,When was the Kao Gong Ji written?,CPU4,3.5581588745117188,425.7831573486328,0.07128715515136719,14.100983619689941,1687.3786525726318,0.28251099586486816,5056.0,5056.0,240.0,192.0,5056.0,5056.0,240.0,192.0,5056.0,5056.0,240.0,192.0,3963.0,3963.0,3963.0
2025-09-16 11:50:42,How many of Congress' 29 vetoes did Johnson override?,CPU4,8.57400894165039,402.5592803955078,0.43654441833496094,37.73421335220337,1771.6633930206299,1.921231985092163,5048.0,5044.0,256.0,232.0,5048.0,5044.0,256.0,232.0,5048.0,5044.0,256.0,232.0,4401.0,4401.0,4401.0
2025-09-16 11:50:43,The Aboriginal population declined by what estimated percentage by 1863?,CPU4,10.435342788696289,455.89613914489746,0.07271766662597656,58.29182481765747,2204.4857808351517,0.29705166816711426,5024.0,5020.0,376.0,328.0,5048.0,5034.0,376.0,264.0,5048.0,5048.0,240.0,200.0,5586.0,4835.5,4085.0
2025-09-16 11:50:45, Who was governor of Maryland in January 2005?,CPU4,8.925676345825195,455.29723167419434,0.07319450378417969,37.84486770629883,1930.460262298584,0.3103446960449219,5048.0,5048.0,248.0,216.0,5048.0,5048.0,248.0,216.0,5048.0,5048.0,248.0,216.0,4240.0,4240.0,4240.0
